<?xml version="1.0" encoding="UTF-8"?>
<kml xmlns="http://www.opengis.net/kml/2.2">
  <Document>
    <name><![CDATA[Directions from King's Ransom, Britannia Road, Sale to Göteborgsoperan, Christina Nilssons gata, Gothenburg, Sweden]]></name>
    <Style id="icon-1899-DB4436-nodesc-normal">
      <IconStyle>
        <color>ff3644db</color>
        <scale>1</scale>
        <Icon>
          <href>https://www.gstatic.com/mapspro/images/stock/503-wht-blank_maps.png</href>
        </Icon>
        <hotSpot x="32" xunits="pixels" y="64" yunits="insetPixels"/>
      </IconStyle>
      <LabelStyle>
        <scale>0</scale>
      </LabelStyle>
      <BalloonStyle>
        <text><![CDATA[<h3>$[name]</h3>]]></text>
      </BalloonStyle>
    </Style>
    <Style id="icon-1899-DB4436-nodesc-highlight">
      <IconStyle>
        <color>ff3644db</color>
        <scale>1</scale>
        <Icon>
          <href>https://www.gstatic.com/mapspro/images/stock/503-wht-blank_maps.png</href>
        </Icon>
        <hotSpot x="32" xunits="pixels" y="64" yunits="insetPixels"/>
      </IconStyle>
      <LabelStyle>
        <scale>1</scale>
      </LabelStyle>
      <BalloonStyle>
        <text><![CDATA[<h3>$[name]</h3>]]></text>
      </BalloonStyle>
    </Style>
    <StyleMap id="icon-1899-DB4436-nodesc">
      <Pair>
        <key>normal</key>
        <styleUrl>#icon-1899-DB4436-nodesc-normal</styleUrl>
      </Pair>
      <Pair>
        <key>highlight</key>
        <styleUrl>#icon-1899-DB4436-nodesc-highlight</styleUrl>
      </Pair>
    </StyleMap>
    <Style id="line-1267FF-5000-nodesc-normal">
      <LineStyle>
        <color>ffff6712</color>
        <width>5</width>
      </LineStyle>
      <BalloonStyle>
        <text><![CDATA[<h3>$[name]</h3>]]></text>
      </BalloonStyle>
    </Style>
    <Style id="line-1267FF-5000-nodesc-highlight">
      <LineStyle>
        <color>ffff6712</color>
        <width>7.5</width>
      </LineStyle>
      <BalloonStyle>
        <text><![CDATA[<h3>$[name]</h3>]]></text>
      </BalloonStyle>
    </Style>
    <StyleMap id="line-1267FF-5000-nodesc">
      <Pair>
        <key>normal</key>
        <styleUrl>#line-1267FF-5000-nodesc-normal</styleUrl>
      </Pair>
      <Pair>
        <key>highlight</key>
        <styleUrl>#line-1267FF-5000-nodesc-highlight</styleUrl>
      </Pair>
    </StyleMap>
    <Placemark>
      <name><![CDATA[Directions from King's Ransom, Britannia Road, Sale to Göteborgsoperan, Christina Nilssons gata, Gothenburg, Sweden]]></name>
      <styleUrl>#line-1267FF-5000-nodesc</styleUrl>
      <LineString>
        <tessellate>1</tessellate>
        <coordinates>
          -2.31867,53.4248,0
          -2.3188,53.42468,0
          -2.31874,53.42465,0
          -2.31851,53.4246,0
          -2.3184,53.42454,0
          -2.31807,53.42447,0
          -2.31644,53.42394,0
          -2.3162,53.42389,0
          -2.31617,53.42387,0
          -2.31563,53.4237,0
          -2.3156,53.42357,0
          -2.31347,53.42289,0
          -2.31342,53.42285,0
          -2.30546,53.42037,0
          -2.30531,53.42038,0
          -2.30522,53.42041,0
          -2.30367,53.41992,0
          -2.30345,53.41989,0
          -2.30268,53.41996,0
          -2.30235,53.42004,0
          -2.3023,53.41997,0
          -2.30233,53.41991,0
          -2.30232,53.41991,0
          -2.30231,53.41984,0
          -2.30173,53.41985,0
          -2.29892,53.41966,0
          -2.29502,53.41965,0
          -2.2941,53.41952,0
          -2.29405,53.4195,0
          -2.294,53.4195,0
          -2.29274,53.41925,0
          -2.29267,53.41922,0
          -2.29221,53.41913,0
          -2.29137,53.41886,0
          -2.29125,53.41884,0
          -2.29116,53.41878,0
          -2.29106,53.41889,0
          -2.29008,53.41852,0
          -2.2895,53.41822,0
          -2.28937,53.41813,0
          -2.28922,53.41799,0
          -2.28902,53.41768,0
          -2.28897,53.41754,0
          -2.28883,53.41648,0
          -2.28879,53.41634,0
          -2.28867,53.41609,0
          -2.28851,53.41589,0
          -2.28842,53.41581,0
          -2.28821,53.41553,0
          -2.28812,53.41544,0
          -2.28779,53.41519,0
          -2.28675,53.41463,0
          -2.28666,53.41455,0
          -2.28622,53.4143,0
          -2.28565,53.41405,0
          -2.28553,53.41404,0
          -2.28215,53.41303,0
          -2.28108,53.41261,0
          -2.28088,53.4125,0
          -2.27995,53.41213,0
          -2.27979,53.41218,0
          -2.27036,53.41146,0
          -2.26969,53.41146,0
          -2.26881,53.41138,0
          -2.26831,53.41128,0
          -2.26724,53.41122,0
          -2.26714,53.41123,0
          -2.26715,53.41118,0
          -2.26714,53.41118,0
          -2.26713,53.41117,0
          -2.26712,53.41117,0
          -2.26707,53.41114,0
          -2.26707,53.41111,0
          -2.26698,53.41112,0
          -2.26697,53.4112,0
          -2.26532,53.41113,0
          -2.26531,53.41111,0
          -2.26531,53.41097,0
          -2.26527,53.41089,0
          -2.26525,53.41088,0
          -2.26523,53.41085,0
          -2.26527,53.41082,0
          -2.26531,53.41075,0
          -2.26532,53.41069,0
          -2.26512,53.40977,0
          -2.2651,53.40943,0
          -2.26512,53.40901,0
          -2.26515,53.40891,0
          -2.26515,53.40855,0
          -2.2651,53.40842,0
          -2.2651,53.4084,0
          -2.26505,53.40827,0
          -2.26497,53.40815,0
          -2.26484,53.40801,0
          -2.26428,53.40761,0
          -2.26417,53.40748,0
          -2.26416,53.40744,0
          -2.26352,53.40722,0
          -2.26343,53.40717,0
          -2.26317,53.40709,0
          -2.26318,53.40706,0
          -2.26332,53.40686,0
          -2.26344,53.4066,0
          -2.26341,53.40647,0
          -2.26223,53.4057,0
          -2.26207,53.40562,0
          -2.26195,53.40551,0
          -2.26157,53.40527,0
          -2.26072,53.40495,0
          -2.25883,53.40444,0
          -2.25822,53.40423,0
          -2.25577,53.40311,0
          -2.25572,53.40315,0
          -2.25419,53.40256,0
          -2.25389,53.40235,0
          -2.25338,53.40185,0
          -2.25287,53.40147,0
          -2.25226,53.40116,0
          -2.25217,53.40116,0
          -2.25051,53.40029,0
          -2.25041,53.4002,0
          -2.25021,53.39975,0
          -2.25021,53.39969,0
          -2.25006,53.39913,0
          -2.25006,53.39905,0
          -2.25003,53.39891,0
          -2.25,53.39884,0
          -2.24995,53.39853,0
          -2.24981,53.39823,0
          -2.24969,53.39813,0
          -2.24936,53.39767,0
          -2.24915,53.39745,0
          -2.24909,53.39735,0
          -2.24895,53.39724,0
          -2.24848,53.39699,0
          -2.24829,53.39686,0
          -2.24625,53.39573,0
          -2.2457,53.39534,0
          -2.24542,53.39509,0
          -2.24541,53.39507,0
          -2.24531,53.39505,0
          -2.24512,53.39488,0
          -2.24463,53.39433,0
          -2.24453,53.39418,0
          -2.24337,53.39442,0
          -2.24212,53.39457,0
          -2.24142,53.39449,0
          -2.24114,53.39443,0
          -2.23963,53.39387,0
          -2.23763,53.39344,0
          -2.23728,53.3933,0
          -2.23649,53.39289,0
          -2.23641,53.39289,0
          -2.23611,53.39281,0
          -2.23517,53.39279,0
          -2.23493,53.39285,0
          -2.23463,53.39286,0
          -2.23386,53.3927,0
          -2.2311,53.39192,0
          -2.2302,53.3918,0
          -2.22958,53.3918,0
          -2.22953,53.39179,0
          -2.22778,53.39182,0
          -2.22769,53.3918,0
          -2.22674,53.39185,0
          -2.2267,53.39167,0
          -2.22648,53.39162,0
          -2.22654,53.39186,0
          -2.2265,53.39186,0
          -2.22649,53.39185,0
          -2.22646,53.39162,0
          -2.2263,53.39163,0
          -2.22633,53.39188,0
          -2.22474,53.39205,0
          -2.22421,53.39217,0
          -2.22362,53.39169,0
          -2.22296,53.39128,0
          -2.22135,53.38996,0
          -2.22117,53.38984,0
          -2.22072,53.39001,0
          -2.22048,53.39006,0
          -2.22,53.39009,0
          -2.21949,53.39023,0
          -2.21943,53.39032,0
          -2.21772,53.38997,0
          -2.217,53.3897,0
          -2.21687,53.3896,0
          -2.2168,53.38952,0
          -2.21666,53.38944,0
          -2.21639,53.38936,0
          -2.21624,53.38935,0
          -2.21522,53.38956,0
          -2.21493,53.38906,0
          -2.21491,53.38896,0
          -2.21458,53.38895,0
          -2.2143,53.38888,0
          -2.21405,53.38872,0
          -2.21363,53.38837,0
          -2.2136,53.38837,0
          -2.21343,53.3883,0
          -2.21337,53.38829,0
          -2.21287,53.38834,0
          -2.21277,53.38838,0
          -2.21273,53.38843,0
          -2.21274,53.38848,0
          -2.21272,53.38858,0
          -2.21255,53.38883,0
          -2.21246,53.38887,0
          -2.21234,53.38885,0
          -2.20971,53.38913,0
          -2.20782,53.38941,0
          -2.20775,53.38944,0
          -2.20674,53.38967,0
          -2.20481,53.39023,0
          -2.20375,53.39041,0
          -2.20367,53.39035,0
          -2.20316,53.39017,0
          -2.20286,53.39003,0
          -2.20222,53.38955,0
          -2.20218,53.38932,0
          -2.20216,53.38927,0
          -2.20216,53.38925,0
          -2.20209,53.38913,0
          -2.20205,53.38915,0
          -2.19993,53.3894,0
          -2.19769,53.38866,0
          -2.19714,53.38853,0
          -2.19659,53.3885,0
          -2.19627,53.38855,0
          -2.19595,53.3885,0
          -2.19579,53.38836,0
          -2.1957,53.38818,0
          -2.19563,53.38766,0
          -2.19558,53.38749,0
          -2.19552,53.38737,0
          -2.1955,53.38727,0
          -2.19523,53.38706,0
          -2.19515,53.38702,0
          -2.19409,53.38677,0
          -2.19345,53.38649,0
          -2.19296,53.38638,0
          -2.1927,53.38628,0
          -2.19247,53.38608,0
          -2.19195,53.38578,0
          -2.19148,53.3856,0
          -2.19083,53.38526,0
          -2.19083,53.38525,0
          -2.19081,53.38525,0
          -2.19044,53.38508,0
          -2.18978,53.38467,0
          -2.18954,53.38458,0
          -2.18832,53.38433,0
          -2.1876,53.38407,0
          -2.18744,53.38399,0
          -2.18735,53.38391,0
          -2.18711,53.38377,0
          -2.18614,53.38336,0
          -2.1859,53.38332,0
          -2.18566,53.38333,0
          -2.18461,53.38301,0
          -2.18424,53.38294,0
          -2.18423,53.38293,0
          -2.18405,53.3829,0
          -2.18381,53.38277,0
          -2.183,53.38252,0
          -2.18235,53.38244,0
          -2.18231,53.38237,0
          -2.18202,53.38228,0
          -2.18291,53.38149,0
          -2.18336,53.38115,0
          -2.18281,53.38092,0
          -2.18237,53.38079,0
          -2.18214,53.38067,0
          -2.18154,53.38019,0
          -2.18131,53.38007,0
          -2.18122,53.38,0
          -2.18097,53.37995,0
          -2.17896,53.37926,0
          -2.17843,53.37886,0
          -2.17813,53.37869,0
          -2.17777,53.3786,0
          -2.17706,53.37828,0
          -2.17666,53.37815,0
          -2.17636,53.37809,0
          -2.17619,53.37799,0
          -2.17593,53.37795,0
          -2.17576,53.3779,0
          -2.17514,53.37788,0
          -2.17486,53.37784,0
          -2.17436,53.37765,0
          -2.17416,53.37751,0
          -2.17364,53.3773,0
          -2.17343,53.37718,0
          -2.17263,53.37687,0
          -2.17232,53.37671,0
          -2.17207,53.37653,0
          -2.1719,53.37637,0
          -2.17184,53.37634,0
          -2.17183,53.37634,0
          -2.17139,53.3761,0
          -2.17019,53.37556,0
          -2.17018,53.37555,0
          -2.17003,53.37549,0
          -2.17011,53.37542,0
          -2.16989,53.37534,0
          -2.16969,53.37534,0
          -2.1696,53.37531,0
          -2.16934,53.37531,0
          -2.16916,53.37534,0
          -2.16899,53.37533,0
          -2.16854,53.37542,0
          -2.16832,53.37542,0
          -2.16787,53.37536,0
          -2.16786,53.37533,0
          -2.16783,53.37529,0
          -2.16775,53.37523,0
          -2.16768,53.3752,0
          -2.16756,53.37511,0
          -2.16736,53.37491,0
          -2.16688,53.37469,0
          -2.1666,53.37465,0
          -2.16616,53.37466,0
          -2.16599,53.37463,0
          -2.16576,53.37452,0
          -2.16568,53.3745,0
          -2.16549,53.37451,0
          -2.16539,53.37432,0
          -2.16537,53.3743,0
          -2.16527,53.37428,0
          -2.16517,53.37414,0
          -2.16484,53.374,0
          -2.16455,53.37395,0
          -2.16271,53.37398,0
          -2.16221,53.37393,0
          -2.16219,53.37394,0
          -2.16216,53.37394,0
          -2.1621,53.3739,0
          -2.16192,53.3739,0
          -2.16143,53.3738,0
          -2.16111,53.3738,0
          -2.16042,53.37371,0
          -2.1601,53.37362,0
          -2.16005,53.37356,0
          -2.16004,53.37346,0
          -2.16002,53.37342,0
          -2.16,53.37333,0
          -2.15978,53.37334,0
          -2.15973,53.37333,0
          -2.15962,53.37328,0
          -2.15924,53.37346,0
          -2.15917,53.37351,0
          -2.15915,53.37361,0
          -2.15914,53.37362,0
          -2.15913,53.37365,0
          -2.15895,53.37369,0
          -2.15876,53.37379,0
          -2.15863,53.37382,0
          -2.15776,53.37375,0
          -2.15643,53.37356,0
          -2.1526,53.37322,0
          -2.14775,53.37257,0
          -2.14754,53.37257,0
          -2.14682,53.37248,0
          -2.14674,53.37242,0
          -2.14658,53.37245,0
          -2.1447,53.37216,0
          -2.14453,53.37209,0
          -2.14404,53.372,0
          -2.14385,53.372,0
          -2.13993,53.37118,0
          -2.13978,53.37117,0
          -2.13977,53.37116,0
          -2.13975,53.37116,0
          -2.13975,53.37115,0
          -2.13971,53.37115,0
          -2.1397,53.37114,0
          -2.13965,53.37114,0
          -2.1395,53.37107,0
          -2.13918,53.37102,0
          -2.13857,53.37078,0
          -2.13837,53.37067,0
          -2.13575,53.36965,0
          -2.13566,53.36959,0
          -2.13297,53.36862,0
          -2.13221,53.36843,0
          -2.13172,53.36839,0
          -2.12968,53.3686,0
          -2.12831,53.36853,0
          -2.12813,53.36848,0
          -2.12616,53.36839,0
          -2.12596,53.36843,0
          -2.1134,53.36765,0
          -2.1134,53.36766,0
          -2.10908,53.36722,0
          -2.10897,53.36724,0
          -2.1089,53.3672,0
          -2.10808,53.36714,0
          -2.10693,53.36714,0
          -2.10623,53.3672,0
          -2.10434,53.36753,0
          -2.104,53.36762,0
          -2.1038,53.36771,0
          -2.10377,53.36774,0
          -2.10373,53.36776,0
          -2.10319,53.36844,0
          -2.10298,53.36856,0
          -2.10246,53.36874,0
          -2.10224,53.36861,0
          -2.10192,53.36849,0
          -2.09973,53.36792,0
          -2.09918,53.36782,0
          -2.09818,53.36773,0
          -2.09448,53.3676,0
          -2.094,53.36763,0
          -2.09364,53.36786,0
          -2.09344,53.36778,0
          -2.09269,53.36758,0
          -2.092,53.3675,0
          -2.08941,53.36746,0
          -2.08758,53.36734,0
          -2.08469,53.36682,0
          -2.08452,53.36675,0
          -2.08383,53.36662,0
          -2.08356,53.36662,0
          -2.07841,53.36569,0
          -2.07683,53.36533,0
          -2.07588,53.36495,0
          -2.074,53.36447,0
          -2.0703,53.36411,0
          -2.07013,53.36413,0
          -2.06334,53.36352,0
          -2.06307,53.36342,0
          -2.06297,53.36349,0
          -2.06292,53.36351,0
          -2.06273,53.36354,0
          -2.05852,53.3634,0
          -2.05763,53.36349,0
          -2.0573,53.36348,0
          -2.05626,53.36331,0
          -2.05539,53.36307,0
          -2.05388,53.36256,0
          -2.05386,53.36256,0
          -2.05385,53.36255,0
          -2.05297,53.36226,0
          -2.05273,53.3621,0
          -2.05264,53.36207,0
          -2.05196,53.36168,0
          -2.0516,53.36123,0
          -2.05134,53.36112,0
          -2.05119,53.36109,0
          -2.04479,53.36089,0
          -2.04344,53.3607,0
          -2.04292,53.36049,0
          -2.04198,53.35996,0
          -2.04191,53.35989,0
          -2.0403,53.3591,0
          -2.0402,53.35907,0
          -2.03968,53.35881,0
          -2.0396,53.35873,0
          -2.03924,53.3585,0
          -2.03916,53.35843,0
          -2.03877,53.35826,0
          -2.03876,53.35825,0
          -2.03764,53.35786,0
          -2.0373,53.3577,0
          -2.0372,53.35763,0
          -2.03707,53.35758,0
          -2.03599,53.35695,0
          -2.03468,53.35646,0
          -2.03448,53.35634,0
          -2.03418,53.35621,0
          -2.03207,53.35502,0
          -2.02922,53.35327,0
          -2.02891,53.35297,0
          -2.02829,53.35214,0
          -2.02806,53.35194,0
          -2.02728,53.35139,0
          -2.02704,53.35127,0
          -2.02626,53.35102,0
          -2.02572,53.35089,0
          -2.02566,53.35086,0
          -2.02365,53.35035,0
          -2.02261,53.35016,0
          -2.02041,53.34995,0
          -2.01902,53.34962,0
          -2.01788,53.34914,0
          -2.01638,53.3483,0
          -2.01559,53.34767,0
          -2.01477,53.34682,0
          -2.01351,53.34529,0
          -2.01197,53.34387,0
          -2.0115,53.34338,0
          -2.00846,53.33983,0
          -2.00826,53.33954,0
          -2.00807,53.33913,0
          -2.00799,53.33881,0
          -2.008,53.33837,0
          -2.00795,53.33771,0
          -2.00782,53.33712,0
          -2.00771,53.33678,0
          -2.0075,53.33643,0
          -2.00693,53.33567,0
          -2.00629,53.3352,0
          -2.00543,53.33479,0
          -2.00484,53.33462,0
          -2.00383,53.33459,0
          -2.0013,53.33517,0
          -2.0005,53.3352,0
          -1.99956,53.33505,0
          -1.99917,53.33492,0
          -1.99854,53.33459,0
          -1.99804,53.33423,0
          -1.99799,53.33415,0
          -1.99769,53.33386,0
          -1.99761,53.33371,0
          -1.99755,53.33365,0
          -1.99746,53.33344,0
          -1.9973,53.33258,0
          -1.99729,53.33257,0
          -1.99725,53.33243,0
          -1.99724,53.33232,0
          -1.99712,53.33213,0
          -1.99664,53.33167,0
          -1.99551,53.33092,0
          -1.9947,53.33049,0
          -1.99434,53.33035,0
          -1.992,53.32998,0
          -1.99099,53.32997,0
          -1.98996,53.33007,0
          -1.98983,53.33006,0
          -1.98842,53.33019,0
          -1.98495,53.33007,0
          -1.98491,53.32977,0
          -1.9849,53.32976,0
          -1.9849,53.32974,0
          -1.98487,53.3297,0
          -1.98483,53.32968,0
          -1.98468,53.32966,0
          -1.98447,53.32977,0
          -1.98424,53.32985,0
          -1.98393,53.32988,0
          -1.9839,53.32937,0
          -1.98388,53.32931,0
          -1.98387,53.3293,0
          -1.98385,53.32921,0
          -1.98375,53.32908,0
          -1.98342,53.32886,0
          -1.98334,53.32877,0
          -1.98332,53.32866,0
          -1.98322,53.32865,0
          -1.98316,53.32861,0
          -1.98309,53.32852,0
          -1.98294,53.32824,0
          -1.98286,53.328,0
          -1.98284,53.32725,0
          -1.98289,53.3271,0
          -1.98331,53.32636,0
          -1.98332,53.32636,0
          -1.9836,53.32545,0
          -1.98357,53.32494,0
          -1.98358,53.32488,0
          -1.98372,53.32452,0
          -1.98373,53.32426,0
          -1.98341,53.3235,0
          -1.98341,53.32348,0
          -1.98334,53.32336,0
          -1.98283,53.32276,0
          -1.98284,53.32268,0
          -1.98269,53.32263,0
          -1.98246,53.32249,0
          -1.98238,53.32246,0
          -1.98182,53.32206,0
          -1.98085,53.32156,0
          -1.98071,53.32152,0
          -1.9793,53.32081,0
          -1.97927,53.32066,0
          -1.97918,53.32056,0
          -1.97914,53.32048,0
          -1.97888,53.32029,0
          -1.97887,53.32026,0
          -1.97875,53.32008,0
          -1.97872,53.31998,0
          -1.97869,53.31973,0
          -1.9787,53.31935,0
          -1.97879,53.31894,0
          -1.97914,53.31818,0
          -1.97929,53.31766,0
          -1.97927,53.31745,0
          -1.97922,53.31728,0
          -1.97811,53.31573,0
          -1.97755,53.31508,0
          -1.97742,53.31488,0
          -1.97709,53.31387,0
          -1.97682,53.31372,0
          -1.97462,53.31206,0
          -1.9743,53.31178,0
          -1.9737,53.31082,0
          -1.97337,53.3104,0
          -1.97219,53.30855,0
          -1.97183,53.30806,0
          -1.97183,53.30805,0
          -1.9714,53.30735,0
          -1.97109,53.30708,0
          -1.97046,53.30669,0
          -1.97009,53.30652,0
          -1.96979,53.30644,0
          -1.96957,53.30643,0
          -1.96873,53.30653,0
          -1.96863,53.30652,0
          -1.96848,53.30646,0
          -1.96836,53.30638,0
          -1.96831,53.30632,0
          -1.96814,53.30593,0
          -1.96798,53.30545,0
          -1.96724,53.30385,0
          -1.96715,53.30373,0
          -1.96286,53.29956,0
          -1.9626,53.29923,0
          -1.96243,53.29895,0
          -1.96232,53.29864,0
          -1.96222,53.29799,0
          -1.96214,53.29774,0
          -1.96201,53.29752,0
          -1.96191,53.29726,0
          -1.96185,53.29695,0
          -1.96184,53.29645,0
          -1.96176,53.2962,0
          -1.96156,53.29583,0
          -1.9615,53.29551,0
          -1.96158,53.29517,0
          -1.96189,53.29471,0
          -1.962,53.29438,0
          -1.96211,53.2939,0
          -1.96211,53.29355,0
          -1.96204,53.29334,0
          -1.96187,53.29315,0
          -1.96178,53.29309,0
          -1.96109,53.29278,0
          -1.96096,53.2927,0
          -1.95961,53.29137,0
          -1.95937,53.29121,0
          -1.95931,53.29112,0
          -1.95926,53.29092,0
          -1.95921,53.29083,0
          -1.95921,53.29082,0
          -1.95911,53.29071,0
          -1.95808,53.28999,0
          -1.95767,53.28963,0
          -1.95705,53.28897,0
          -1.95667,53.28869,0
          -1.95587,53.2882,0
          -1.95536,53.28794,0
          -1.95422,53.28716,0
          -1.95406,53.28691,0
          -1.95385,53.28631,0
          -1.95385,53.28629,0
          -1.95334,53.28527,0
          -1.9529,53.28516,0
          -1.95289,53.28515,0
          -1.95219,53.28484,0
          -1.94935,53.28267,0
          -1.94925,53.28256,0
          -1.94915,53.28239,0
          -1.94908,53.28221,0
          -1.94883,53.28176,0
          -1.94854,53.28108,0
          -1.94843,53.28092,0
          -1.94825,53.28075,0
          -1.94666,53.27973,0
          -1.94629,53.27953,0
          -1.9456,53.27925,0
          -1.94496,53.27868,0
          -1.94335,53.27746,0
          -1.94318,53.27717,0
          -1.94316,53.27711,0
          -1.94308,53.277,0
          -1.94308,53.27699,0
          -1.94264,53.27651,0
          -1.94254,53.27634,0
          -1.9425,53.27632,0
          -1.94234,53.27616,0
          -1.94222,53.27591,0
          -1.94216,53.27583,0
          -1.9421,53.27579,0
          -1.94209,53.27579,0
          -1.94102,53.27521,0
          -1.9408,53.27504,0
          -1.9403,53.27455,0
          -1.93986,53.2742,0
          -1.93974,53.27407,0
          -1.93972,53.27406,0
          -1.93968,53.27399,0
          -1.93961,53.27346,0
          -1.93955,53.27334,0
          -1.93799,53.27123,0
          -1.93676,53.26986,0
          -1.93674,53.26985,0
          -1.93674,53.26981,0
          -1.9364,53.26968,0
          -1.9363,53.26961,0
          -1.93488,53.26814,0
          -1.93454,53.26787,0
          -1.93453,53.26787,0
          -1.93413,53.26755,0
          -1.9341,53.26754,0
          -1.93256,53.26617,0
          -1.92838,53.2631,0
          -1.92813,53.26295,0
          -1.92775,53.26278,0
          -1.92712,53.26256,0
          -1.92578,53.26222,0
          -1.92515,53.26214,0
          -1.92053,53.26182,0
          -1.92008,53.26182,0
          -1.91982,53.26178,0
          -1.91962,53.26172,0
          -1.91947,53.26164,0
          -1.91819,53.26064,0
          -1.9181,53.26054,0
          -1.91669,53.25939,0
          -1.91656,53.25935,0
          -1.91634,53.25933,0
          -1.91616,53.25934,0
          -1.91602,53.25927,0
          -1.91601,53.2591,0
          -1.91622,53.25881,0
          -1.91626,53.2587,0
          -1.91626,53.25859,0
          -1.91622,53.25852,0
          -1.91577,53.2582,0
          -1.91557,53.25809,0
          -1.91522,53.25796,0
          -1.9151,53.25789,0
          -1.91499,53.25776,0
          -1.91483,53.25751,0
          -1.9145,53.25679,0
          -1.9145,53.25671,0
          -1.91453,53.25655,0
          -1.91463,53.25631,0
          -1.91485,53.25596,0
          -1.9149,53.25591,0
          -1.91476,53.25584,0
          -1.91506,53.25547,0
          -1.91519,53.25524,0
          -1.91523,53.2552,0
          -1.91535,53.25498,0
          -1.91541,53.2547,0
          -1.91541,53.2545,0
          -1.91548,53.25439,0
          -1.91547,53.25429,0
          -1.91543,53.2542,0
          -1.91528,53.25411,0
          -1.91513,53.25394,0
          -1.91479,53.25334,0
          -1.9147,53.25323,0
          -1.91451,53.25309,0
          -1.91341,53.25261,0
          -1.91229,53.25201,0
          -1.91177,53.25157,0
          -1.91153,53.25126,0
          -1.91137,53.25097,0
          -1.91088,53.24958,0
          -1.9107,53.24928,0
          -1.91028,53.24881,0
          -1.90993,53.24848,0
          -1.90961,53.24824,0
          -1.90894,53.24785,0
          -1.90863,53.24772,0
          -1.90833,53.24763,0
          -1.90737,53.24762,0
          -1.90611,53.24775,0
          -1.90585,53.24774,0
          -1.9055,53.24767,0
          -1.90508,53.24752,0
          -1.90486,53.24741,0
          -1.90408,53.24687,0
          -1.90227,53.2451,0
          -1.90186,53.24476,0
          -1.89917,53.24304,0
          -1.89911,53.24296,0
          -1.89806,53.24225,0
          -1.89795,53.2422,0
          -1.89759,53.24196,0
          -1.89743,53.2419,0
          -1.8934,53.23916,0
          -1.89339,53.23916,0
          -1.8903,53.23702,0
          -1.89027,53.23701,0
          -1.88809,53.23547,0
          -1.88161,53.23139,0
          -1.8816,53.23139,0
          -1.87499,53.22727,0
          -1.87273,53.22565,0
          -1.87269,53.22559,0
          -1.8717,53.22496,0
          -1.87167,53.22495,0
          -1.87168,53.22492,0
          -1.8703,53.22439,0
          -1.86966,53.22421,0
          -1.86925,53.22415,0
          -1.86741,53.22406,0
          -1.86729,53.22407,0
          -1.86658,53.22402,0
          -1.86527,53.22377,0
          -1.86078,53.22228,0
          -1.86042,53.22211,0
          -1.86006,53.22189,0
          -1.86005,53.22189,0
          -1.85976,53.22168,0
          -1.85908,53.22105,0
          -1.85809,53.22037,0
          -1.85799,53.22034,0
          -1.85618,53.21896,0
          -1.84778,53.21198,0
          -1.84777,53.21196,0
          -1.8435,53.20833,0
          -1.84275,53.20797,0
          -1.836,53.2062,0
          -1.83473,53.20597,0
          -1.83129,53.20555,0
          -1.82703,53.20543,0
          -1.82532,53.2053,0
          -1.82466,53.20516,0
          -1.82414,53.20491,0
          -1.82299,53.20409,0
          -1.82291,53.20401,0
          -1.82183,53.2032,0
          -1.82177,53.20313,0
          -1.82079,53.20259,0
          -1.82078,53.20259,0
          -1.81658,53.19999,0
          -1.8116,53.19646,0
          -1.81152,53.19642,0
          -1.81018,53.19542,0
          -1.80977,53.195,0
          -1.80969,53.19495,0
          -1.80213,53.18805,0
          -1.80158,53.1876,0
          -1.80158,53.18759,0
          -1.80053,53.18661,0
          -1.80051,53.18658,0
          -1.80045,53.18654,0
          -1.80045,53.18653,0
          -1.79782,53.18413,0
          -1.79782,53.18412,0
          -1.79721,53.18359,0
          -1.79711,53.18346,0
          -1.79586,53.18234,0
          -1.79584,53.18231,0
          -1.79559,53.18208,0
          -1.7955,53.18211,0
          -1.79444,53.18114,0
          -1.79443,53.18114,0
          -1.79179,53.17877,0
          -1.79125,53.17838,0
          -1.79124,53.17838,0
          -1.79096,53.17823,0
          -1.79095,53.17823,0
          -1.78524,53.17556,0
          -1.78498,53.17537,0
          -1.78491,53.1753,0
          -1.78489,53.17529,0
          -1.78035,53.16999,0
          -1.78035,53.16998,0
          -1.77942,53.16888,0
          -1.77941,53.16888,0
          -1.77928,53.16872,0
          -1.77927,53.16872,0
          -1.77834,53.1676,0
          -1.77833,53.1676,0
          -1.77766,53.1668,0
          -1.77765,53.1668,0
          -1.77711,53.16616,0
          -1.7771,53.16616,0
          -1.77618,53.165,0
          -1.77549,53.16386,0
          -1.77547,53.1638,0
          -1.77193,53.15743,0
          -1.76918,53.15835,0
          -1.7689,53.158,0
          -1.76864,53.15776,0
          -1.76847,53.15766,0
          -1.76306,53.15524,0
          -1.76299,53.15519,0
          -1.76296,53.15518,0
          -1.76266,53.15493,0
          -1.76263,53.15489,0
          -1.76261,53.15488,0
          -1.76036,53.15207,0
          -1.76036,53.15206,0
          -1.75869,53.14997,0
          -1.75866,53.14991,0
          -1.75864,53.14989,0
          -1.75863,53.14983,0
          -1.75859,53.14978,0
          -1.7585,53.14972,0
          -1.75766,53.14869,0
          -1.75737,53.14846,0
          -1.75701,53.14828,0
          -1.74686,53.14468,0
          -1.74684,53.14468,0
          -1.74659,53.14459,0
          -1.74658,53.14458,0
          -1.74633,53.1445,0
          -1.74632,53.14449,0
          -1.74492,53.14403,0
          -1.74479,53.14396,0
          -1.74091,53.14257,0
          -1.73987,53.14208,0
          -1.73986,53.14208,0
          -1.735,53.13976,0
          -1.735,53.13975,0
          -1.73283,53.13873,0
          -1.73243,53.1385,0
          -1.73219,53.1383,0
          -1.73207,53.13813,0
          -1.73194,53.13784,0
          -1.73194,53.13782,0
          -1.73166,53.13695,0
          -1.73165,53.13694,0
          -1.73127,53.13571,0
          -1.73126,53.1357,0
          -1.73104,53.13499,0
          -1.731,53.13491,0
          -1.73096,53.13487,0
          -1.7309,53.13485,0
          -1.73088,53.13482,0
          -1.73074,53.1347,0
          -1.73074,53.13468,0
          -1.73075,53.13467,0
          -1.73078,53.13466,0
          -1.729,53.13318,0
          -1.72724,53.1321,0
          -1.72536,53.13138,0
          -1.72464,53.13104,0
          -1.72418,53.13088,0
          -1.72036,53.12999,0
          -1.71282,53.12881,0
          -1.70604,53.12873,0
          -1.70245,53.12919,0
          -1.70227,53.12919,0
          -1.69691,53.12995,0
          -1.67603,53.13217,0
          -1.66869,53.13346,0
          -1.6636,53.13388,0
          -1.65511,53.13504,0
          -1.65077,53.13588,0
          -1.64829,53.13651,0
          -1.6473,53.13684,0
          -1.64718,53.13678,0
          -1.64657,53.13625,0
          -1.64643,53.13617,0
          -1.64633,53.13615,0
          -1.64631,53.13597,0
          -1.64615,53.13529,0
          -1.64587,53.13528,0
          -1.64264,53.13488,0
          -1.64061,53.13471,0
          -1.63518,53.13456,0
          -1.63397,53.1346,0
          -1.62964,53.13455,0
          -1.62669,53.13423,0
          -1.62387,53.13435,0
          -1.62246,53.13428,0
          -1.61791,53.13374,0
          -1.61728,53.13357,0
          -1.61577,53.13331,0
          -1.61432,53.1332,0
          -1.60723,53.13294,0
          -1.60612,53.13275,0
          -1.60571,53.13277,0
          -1.60555,53.13281,0
          -1.60521,53.13282,0
          -1.60484,53.13276,0
          -1.60461,53.13268,0
          -1.60459,53.13266,0
          -1.60443,53.13258,0
          -1.60381,53.13212,0
          -1.60303,53.13171,0
          -1.60175,53.13124,0
          -1.59804,53.12955,0
          -1.59667,53.12915,0
          -1.59655,53.12905,0
          -1.59579,53.12857,0
          -1.59558,53.12847,0
          -1.59545,53.12837,0
          -1.59535,53.12826,0
          -1.5952,53.12799,0
          -1.59505,53.12761,0
          -1.59483,53.12736,0
          -1.59482,53.12736,0
          -1.5935,53.12619,0
          -1.59302,53.12561,0
          -1.59255,53.12512,0
          -1.59249,53.12502,0
          -1.59242,53.12495,0
          -1.59235,53.12479,0
          -1.5923,53.12442,0
          -1.59223,53.12429,0
          -1.59216,53.12421,0
          -1.59044,53.12384,0
          -1.59006,53.1237,0
          -1.58892,53.12347,0
          -1.58878,53.12347,0
          -1.58816,53.12357,0
          -1.58805,53.12357,0
          -1.58762,53.12348,0
          -1.58645,53.1231,0
          -1.58558,53.12273,0
          -1.58499,53.12231,0
          -1.5845,53.12186,0
          -1.58432,53.12118,0
          -1.58462,53.12099,0
          -1.58465,53.12095,0
          -1.58481,53.12053,0
          -1.58482,53.12047,0
          -1.58478,53.12022,0
          -1.58466,53.11982,0
          -1.58445,53.11934,0
          -1.58443,53.11932,0
          -1.58425,53.11892,0
          -1.58421,53.11878,0
          -1.58419,53.11857,0
          -1.58421,53.11824,0
          -1.58416,53.11817,0
          -1.58405,53.1181,0
          -1.58389,53.11805,0
          -1.58386,53.11803,0
          -1.58279,53.11778,0
          -1.58176,53.1174,0
          -1.58174,53.1174,0
          -1.58145,53.11724,0
          -1.58072,53.11657,0
          -1.5807,53.11654,0
          -1.58047,53.11635,0
          -1.58032,53.11627,0
          -1.58018,53.11616,0
          -1.57985,53.1158,0
          -1.57971,53.1156,0
          -1.57955,53.11547,0
          -1.57931,53.11507,0
          -1.57809,53.11437,0
          -1.57778,53.11424,0
          -1.5773,53.11397,0
          -1.57719,53.11387,0
          -1.57718,53.11387,0
          -1.57693,53.11362,0
          -1.57691,53.11358,0
          -1.57674,53.11356,0
          -1.57627,53.1134,0
          -1.57602,53.11335,0
          -1.57601,53.11334,0
          -1.57477,53.11307,0
          -1.57461,53.11301,0
          -1.57437,53.11287,0
          -1.5742,53.11273,0
          -1.57414,53.11262,0
          -1.57413,53.11262,0
          -1.57371,53.11161,0
          -1.57367,53.11155,0
          -1.57366,53.1115,0
          -1.57352,53.11124,0
          -1.57337,53.11106,0
          -1.57308,53.11087,0
          -1.57287,53.1108,0
          -1.57257,53.11078,0
          -1.57148,53.11097,0
          -1.57116,53.11109,0
          -1.57071,53.11133,0
          -1.57031,53.1115,0
          -1.57005,53.11155,0
          -1.56976,53.11156,0
          -1.5692,53.11151,0
          -1.56871,53.1114,0
          -1.56837,53.11126,0
          -1.56729,53.1107,0
          -1.56667,53.11048,0
          -1.56574,53.11027,0
          -1.56443,53.10989,0
          -1.56417,53.10977,0
          -1.56367,53.10946,0
          -1.55989,53.10885,0
          -1.55978,53.10881,0
          -1.55966,53.10874,0
          -1.559,53.10908,0
          -1.55892,53.10914,0
          -1.5585,53.10901,0
          -1.55534,53.10762,0
          -1.5543,53.10729,0
          -1.55365,53.10715,0
          -1.55355,53.10711,0
          -1.55259,53.10689,0
          -1.55102,53.10639,0
          -1.54866,53.10578,0
          -1.54726,53.1053,0
          -1.54629,53.10476,0
          -1.5462,53.10473,0
          -1.54524,53.1042,0
          -1.54418,53.1037,0
          -1.54205,53.10292,0
          -1.54127,53.10258,0
          -1.54071,53.10225,0
          -1.54059,53.10215,0
          -1.54031,53.10199,0
          -1.53937,53.10164,0
          -1.5357,53.10058,0
          -1.53484,53.10025,0
          -1.5334,53.09945,0
          -1.53317,53.09927,0
          -1.53297,53.09902,0
          -1.5328,53.09873,0
          -1.53267,53.09842,0
          -1.53266,53.09842,0
          -1.53185,53.09695,0
          -1.53178,53.09689,0
          -1.53127,53.09604,0
          -1.5306,53.09535,0
          -1.5303,53.09512,0
          -1.52952,53.09473,0
          -1.52917,53.0946,0
          -1.5286,53.09445,0
          -1.52787,53.09436,0
          -1.52734,53.09436,0
          -1.52632,53.09444,0
          -1.52551,53.0946,0
          -1.52474,53.09483,0
          -1.52355,53.0951,0
          -1.52229,53.09523,0
          -1.52059,53.0953,0
          -1.51985,53.09525,0
          -1.51879,53.0951,0
          -1.51817,53.09494,0
          -1.51748,53.09466,0
          -1.51738,53.09459,0
          -1.51541,53.09363,0
          -1.51414,53.09328,0
          -1.51364,53.09318,0
          -1.51353,53.09314,0
          -1.51037,53.09243,0
          -1.51019,53.09236,0
          -1.51003,53.09227,0
          -1.50994,53.09219,0
          -1.50982,53.09212,0
          -1.50958,53.09191,0
          -1.50946,53.09177,0
          -1.50932,53.09149,0
          -1.50911,53.09072,0
          -1.50895,53.09044,0
          -1.50883,53.09029,0
          -1.50873,53.09008,0
          -1.50856,53.0895,0
          -1.50832,53.08892,0
          -1.50817,53.08833,0
          -1.50818,53.08792,0
          -1.50823,53.08758,0
          -1.50824,53.08706,0
          -1.50821,53.08696,0
          -1.50813,53.08628,0
          -1.50814,53.08613,0
          -1.50802,53.0861,0
          -1.50799,53.08581,0
          -1.50794,53.0857,0
          -1.50784,53.08561,0
          -1.50771,53.08555,0
          -1.50755,53.08552,0
          -1.50656,53.08553,0
          -1.5063,53.08548,0
          -1.50627,53.08546,0
          -1.50621,53.08549,0
          -1.50606,53.08553,0
          -1.50581,53.08549,0
          -1.50538,53.08515,0
          -1.50496,53.08506,0
          -1.50312,53.08443,0
          -1.50011,53.08384,0
          -1.49832,53.08326,0
          -1.4961,53.08223,0
          -1.49439,53.08158,0
          -1.49196,53.08038,0
          -1.4918,53.08033,0
          -1.49123,53.0803,0
          -1.48978,53.0801,0
          -1.48917,53.07997,0
          -1.48612,53.07903,0
          -1.48554,53.07893,0
          -1.48468,53.07895,0
          -1.48441,53.07899,0
          -1.48439,53.07891,0
          -1.48452,53.07623,0
          -1.4845,53.07621,0
          -1.48285,53.07526,0
          -1.48268,53.07519,0
          -1.48268,53.07518,0
          -1.48254,53.07514,0
          -1.48217,53.07509,0
          -1.48166,53.07511,0
          -1.48143,53.07504,0
          -1.48103,53.07477,0
          -1.47968,53.07349,0
          -1.47856,53.07275,0
          -1.47735,53.07206,0
          -1.47663,53.0718,0
          -1.47509,53.07142,0
          -1.47451,53.07134,0
          -1.47227,53.0713,0
          -1.47225,53.07116,0
          -1.47208,53.07078,0
          -1.47207,53.07077,0
          -1.47205,53.07054,0
          -1.47051,53.07035,0
          -1.47029,53.07039,0
          -1.47001,53.07005,0
          -1.46978,53.06948,0
          -1.46965,53.06929,0
          -1.46956,53.06907,0
          -1.46952,53.06855,0
          -1.46958,53.06828,0
          -1.46955,53.06815,0
          -1.46944,53.06802,0
          -1.46904,53.0677,0
          -1.46893,53.06766,0
          -1.46852,53.0676,0
          -1.46821,53.06747,0
          -1.46817,53.06743,0
          -1.46807,53.06737,0
          -1.46693,53.06631,0
          -1.46692,53.06631,0
          -1.46641,53.06599,0
          -1.4659,53.06558,0
          -1.46507,53.06586,0
          -1.46382,53.0661,0
          -1.46184,53.06615,0
          -1.46099,53.06605,0
          -1.45927,53.06564,0
          -1.45897,53.06553,0
          -1.45728,53.06508,0
          -1.45689,53.06501,0
          -1.45111,53.06525,0
          -1.45042,53.06516,0
          -1.44677,53.06414,0
          -1.4465,53.06401,0
          -1.44618,53.06378,0
          -1.44598,53.0636,0
          -1.44583,53.0635,0
          -1.44555,53.0634,0
          -1.44374,53.06299,0
          -1.44246,53.06259,0
          -1.44129,53.0621,0
          -1.44108,53.06205,0
          -1.44055,53.06185,0
          -1.4405,53.0618,0
          -1.43806,53.06101,0
          -1.43584,53.06054,0
          -1.43361,53.06028,0
          -1.42986,53.06015,0
          -1.42671,53.06027,0
          -1.42541,53.06021,0
          -1.42417,53.06006,0
          -1.42248,53.05967,0
          -1.42119,53.0592,0
          -1.421,53.05919,0
          -1.41905,53.05859,0
          -1.41877,53.0586,0
          -1.41831,53.05874,0
          -1.41826,53.05869,0
          -1.41813,53.05869,0
          -1.4181,53.05868,0
          -1.41804,53.05868,0
          -1.41762,53.0586,0
          -1.41638,53.05826,0
          -1.416,53.05809,0
          -1.41584,53.05796,0
          -1.41546,53.05783,0
          -1.41508,53.05776,0
          -1.40772,53.05834,0
          -1.40676,53.05837,0
          -1.40592,53.05834,0
          -1.40435,53.05815,0
          -1.40278,53.05776,0
          -1.40229,53.05759,0
          -1.39776,53.05562,0
          -1.39764,53.05553,0
          -1.39752,53.05547,0
          -1.3974,53.05551,0
          -1.39725,53.05551,0
          -1.39709,53.05545,0
          -1.39704,53.05541,0
          -1.39698,53.05531,0
          -1.39663,53.05512,0
          -1.39488,53.05437,0
          -1.39488,53.05432,0
          -1.39438,53.05411,0
          -1.39413,53.05407,0
          -1.39416,53.05406,0
          -1.39418,53.05404,0
          -1.39421,53.05403,0
          -1.39433,53.05389,0
          -1.39433,53.05383,0
          -1.39427,53.05374,0
          -1.39428,53.05361,0
          -1.39432,53.05351,0
          -1.39433,53.0535,0
          -1.39433,53.05346,0
          -1.39423,53.05343,0
          -1.39464,53.05283,0
          -1.39463,53.05258,0
          -1.39462,53.05256,0
          -1.39461,53.05256,0
          -1.39461,53.05255,0
          -1.3946,53.05254,0
          -1.3946,53.05253,0
          -1.39459,53.05252,0
          -1.39459,53.05246,0
          -1.39451,53.05234,0
          -1.39451,53.05232,0
          -1.39439,53.05219,0
          -1.39238,53.05052,0
          -1.39168,53.04972,0
          -1.39051,53.04874,0
          -1.39007,53.04845,0
          -1.38938,53.04814,0
          -1.38869,53.04797,0
          -1.3862,53.04767,0
          -1.38294,53.04764,0
          -1.3828,53.04762,0
          -1.37808,53.04765,0
          -1.37785,53.04761,0
          -1.37768,53.04755,0
          -1.37762,53.04751,0
          -1.37761,53.04751,0
          -1.37746,53.0474,0
          -1.37685,53.04661,0
          -1.37665,53.04627,0
          -1.37664,53.04627,0
          -1.37644,53.04589,0
          -1.37612,53.04511,0
          -1.37611,53.0451,0
          -1.3754,53.04329,0
          -1.37474,53.04186,0
          -1.37464,53.04173,0
          -1.37453,53.04147,0
          -1.37425,53.04136,0
          -1.37346,53.04074,0
          -1.37312,53.04052,0
          -1.37299,53.04046,0
          -1.3729,53.04038,0
          -1.37246,53.03971,0
          -1.37219,53.03938,0
          -1.37218,53.03935,0
          -1.37195,53.03916,0
          -1.37177,53.03905,0
          -1.37146,53.03896,0
          -1.37077,53.03887,0
          -1.36536,53.03858,0
          -1.36533,53.03859,0
          -1.36401,53.03867,0
          -1.36357,53.03856,0
          -1.36307,53.03833,0
          -1.36247,53.03796,0
          -1.3612,53.03657,0
          -1.36087,53.03592,0
          -1.36071,53.03575,0
          -1.35961,53.03504,0
          -1.35953,53.03501,0
          -1.35861,53.03442,0
          -1.35849,53.03426,0
          -1.35842,53.03421,0
          -1.3583,53.03407,0
          -1.35809,53.03392,0
          -1.35681,53.03331,0
          -1.35602,53.0328,0
          -1.35519,53.03217,0
          -1.35433,53.03136,0
          -1.35426,53.03127,0
          -1.35349,53.03052,0
          -1.35127,53.02906,0
          -1.35063,53.0288,0
          -1.35014,53.02866,0
          -1.34649,53.02804,0
          -1.34465,53.02784,0
          -1.34277,53.02791,0
          -1.34273,53.0278,0
          -1.33396,53.02917,0
          -1.33299,53.02923,0
          -1.33126,53.02917,0
          -1.32963,53.02893,0
          -1.32891,53.02875,0
          -1.32797,53.02844,0
          -1.32676,53.0279,0
          -1.32625,53.02761,0
          -1.32529,53.02689,0
          -1.32508,53.02668,0
          -1.32501,53.02657,0
          -1.32469,53.02622,0
          -1.3244,53.02582,0
          -1.32408,53.02526,0
          -1.3239,53.02479,0
          -1.32384,53.02471,0
          -1.32375,53.02441,0
          -1.32373,53.02438,0
          -1.32375,53.02435,0
          -1.32375,53.02434,0
          -1.32376,53.02433,0
          -1.32376,53.02426,0
          -1.32375,53.02425,0
          -1.32375,53.02424,0
          -1.3237,53.02419,0
          -1.32369,53.02419,0
          -1.32367,53.02417,0
          -1.32366,53.02417,0
          -1.32363,53.02415,0
          -1.32351,53.02366,0
          -1.32354,53.02343,0
          -1.32336,53.02281,0
          -1.32281,53.02154,0
          -1.32231,53.02063,0
          -1.32178,53.01981,0
          -1.32175,53.01978,0
          -1.32174,53.01973,0
          -1.32156,53.01947,0
          -1.3214,53.0193,0
          -1.32136,53.01922,0
          -1.32085,53.01859,0
          -1.31987,53.01753,0
          -1.31981,53.01741,0
          -1.31891,53.01636,0
          -1.31871,53.01627,0
          -1.3187,53.01623,0
          -1.31749,53.01483,0
          -1.31754,53.01481,0
          -1.3164,53.01354,0
          -1.31634,53.01343,0
          -1.31363,53.01047,0
          -1.31363,53.01046,0
          -1.31239,53.00936,0
          -1.31173,53.00884,0
          -1.31034,53.00787,0
          -1.30875,53.00692,0
          -1.30712,53.00609,0
          -1.30559,53.00541,0
          -1.30398,53.0048,0
          -1.30075,53.00385,0
          -1.29863,53.00339,0
          -1.29536,53.00282,0
          -1.29512,53.00281,0
          -1.28803,53.00166,0
          -1.28521,53.00111,0
          -1.2849,53.00111,0
          -1.27399,52.99867,0
          -1.27402,52.99861,0
          -1.27368,52.99856,0
          -1.26956,52.99763,0
          -1.26683,52.99679,0
          -1.2667,52.99672,0
          -1.26544,52.99623,0
          -1.26543,52.99622,0
          -1.26256,52.99498,0
          -1.26065,52.99438,0
          -1.25918,52.99406,0
          -1.25818,52.99391,0
          -1.25676,52.99378,0
          -1.25152,52.99376,0
          -1.25032,52.99363,0
          -1.24875,52.99328,0
          -1.24794,52.99299,0
          -1.24603,52.99212,0
          -1.24487,52.99171,0
          -1.24381,52.99146,0
          -1.23953,52.99095,0
          -1.23633,52.99036,0
          -1.23601,52.99022,0
          -1.2359,52.99011,0
          -1.23581,52.98998,0
          -1.2356,52.98996,0
          -1.23544,52.98979,0
          -1.23528,52.98971,0
          -1.23462,52.98951,0
          -1.23461,52.9895,0
          -1.23414,52.98936,0
          -1.23389,52.98934,0
          -1.23355,52.98943,0
          -1.23349,52.98934,0
          -1.23314,52.98938,0
          -1.23186,52.98928,0
          -1.23087,52.98931,0
          -1.22992,52.98945,0
          -1.22794,52.99004,0
          -1.2269,52.99027,0
          -1.22576,52.99034,0
          -1.22518,52.99031,0
          -1.22502,52.99027,0
          -1.22489,52.99021,0
          -1.22484,52.99016,0
          -1.22475,52.99011,0
          -1.22465,52.99,0
          -1.22443,52.98985,0
          -1.2241,52.98975,0
          -1.2238,52.98972,0
          -1.2235,52.98976,0
          -1.22269,52.98998,0
          -1.22229,52.99017,0
          -1.22213,52.99022,0
          -1.22192,52.99025,0
          -1.2217,52.99023,0
          -1.21866,52.9895,0
          -1.2162,52.98905,0
          -1.21606,52.98905,0
          -1.21215,52.98834,0
          -1.21134,52.98812,0
          -1.21122,52.98805,0
          -1.2107,52.98789,0
          -1.21067,52.98787,0
          -1.20901,52.98733,0
          -1.20886,52.98726,0
          -1.20771,52.98709,0
          -1.20747,52.9871,0
          -1.2073,52.98705,0
          -1.20584,52.98697,0
          -1.20568,52.98698,0
          -1.20457,52.98686,0
          -1.2043,52.98675,0
          -1.20403,52.98659,0
          -1.20396,52.98652,0
          -1.20367,52.98636,0
          -1.20367,52.9863,0
          -1.20375,52.98606,0
          -1.20376,52.98597,0
          -1.20375,52.98595,0
          -1.2039,52.98573,0
          -1.20394,52.98563,0
          -1.20442,52.98498,0
          -1.20357,52.98456,0
          -1.20249,52.98392,0
          -1.20145,52.98341,0
          -1.20162,52.98228,0
          -1.201,52.98222,0
          -1.20056,52.98205,0
          -1.20038,52.98192,0
          -1.20018,52.98168,0
          -1.20003,52.98143,0
          -1.19763,52.9818,0
          -1.19567,52.98188,0
          -1.19535,52.98193,0
          -1.1952,52.98169,0
          -1.195,52.98125,0
          -1.19475,52.98085,0
          -1.19462,52.98076,0
          -1.19453,52.98065,0
          -1.19166,52.97803,0
          -1.19113,52.97762,0
          -1.18984,52.97691,0
          -1.18958,52.97668,0
          -1.18862,52.9756,0
          -1.1873,52.97458,0
          -1.18655,52.9737,0
          -1.1861,52.97307,0
          -1.18611,52.97303,0
          -1.18608,52.97295,0
          -1.18606,52.97283,0
          -1.18608,52.9726,0
          -1.18607,52.97253,0
          -1.1859,52.97242,0
          -1.18563,52.97229,0
          -1.18544,52.97213,0
          -1.18518,52.97177,0
          -1.18509,52.97169,0
          -1.18482,52.97129,0
          -1.18468,52.97088,0
          -1.18466,52.97033,0
          -1.18468,52.97013,0
          -1.18484,52.96937,0
          -1.18483,52.96922,0
          -1.18474,52.96883,0
          -1.18449,52.96825,0
          -1.18403,52.96748,0
          -1.18383,52.96753,0
          -1.18376,52.96742,0
          -1.18076,52.96509,0
          -1.18022,52.96481,0
          -1.17978,52.96464,0
          -1.17745,52.96405,0
          -1.17727,52.96397,0
          -1.17449,52.96319,0
          -1.17071,52.96162,0
          -1.17049,52.96156,0
          -1.17008,52.96131,0
          -1.16754,52.95912,0
          -1.1662,52.95825,0
          -1.16344,52.9569,0
          -1.16333,52.95682,0
          -1.16211,52.95619,0
          -1.16193,52.95612,0
          -1.16198,52.95607,0
          -1.1619,52.95601,0
          -1.16167,52.95592,0
          -1.16166,52.95591,0
          -1.16132,52.95581,0
          -1.1588,52.95543,0
          -1.1583,52.95531,0
          -1.15836,52.95522,0
          -1.15587,52.95457,0
          -1.15581,52.95454,0
          -1.15487,52.95366,0
          -1.15478,52.95361,0
          -1.15335,52.95237,0
          -1.15277,52.95169,0
          -1.1521,52.95102,0
          -1.15182,52.95066,0
          -1.15174,52.95059,0
          -1.15136,52.9501,0
          -1.15107,52.94958,0
          -1.15079,52.94921,0
          -1.15068,52.94895,0
          -1.15041,52.94898,0
          -1.15037,52.94901,0
          -1.15029,52.94897,0
          -1.15003,52.94895,0
          -1.15008,52.94889,0
          -1.15,52.94877,0
          -1.14987,52.94871,0
          -1.14907,52.9487,0
          -1.14822,52.9488,0
          -1.14803,52.9488,0
          -1.14792,52.94874,0
          -1.14759,52.94793,0
          -1.14692,52.94654,0
          -1.14679,52.94651,0
          -1.14681,52.94646,0
          -1.14681,52.9464,0
          -1.14687,52.94639,0
          -1.14678,52.94615,0
          -1.14608,52.94486,0
          -1.14605,52.94484,0
          -1.14603,52.9448,0
          -1.14595,52.94473,0
          -1.14582,52.94469,0
          -1.14556,52.94467,0
          -1.14554,52.94448,0
          -1.14534,52.94416,0
          -1.14522,52.94406,0
          -1.14521,52.94404,0
          -1.14517,52.94401,0
          -1.14516,52.94398,0
          -1.14514,52.94396,0
          -1.14513,52.9439,0
          -1.14363,52.94263,0
          -1.14354,52.94261,0
          -1.1434,52.94254,0
          -1.14307,52.9423,0
          -1.14268,52.94193,0
          -1.14215,52.94155,0
          -1.14184,52.94145,0
          -1.14155,52.94124,0
          -1.14147,52.94111,0
          -1.14033,52.94039,0
          -1.14008,52.94044,0
          -1.13996,52.94028,0
          -1.13987,52.9402,0
          -1.13972,52.94025,0
          -1.13958,52.94018,0
          -1.13952,52.94,0
          -1.13859,52.9395,0
          -1.13855,52.93949,0
          -1.13818,52.93924,0
          -1.13807,52.93913,0
          -1.13774,52.93892,0
          -1.13712,52.93864,0
          -1.13547,52.93804,0
          -1.13506,52.93767,0
          -1.13484,52.93732,0
          -1.13475,52.93708,0
          -1.1343,52.93684,0
          -1.13397,52.93674,0
          -1.13298,52.93622,0
          -1.13309,52.93605,0
          -1.13311,52.93599,0
          -1.13309,52.93545,0
          -1.13245,52.92927,0
          -1.13244,52.92925,0
          -1.13244,52.92922,0
          -1.13242,52.92919,0
          -1.13241,52.92915,0
          -1.13232,52.92906,0
          -1.13238,52.92902,0
          -1.13241,52.92891,0
          -1.13234,52.92851,0
          -1.13223,52.92849,0
          -1.13186,52.92835,0
          -1.13184,52.92833,0
          -1.1317,52.9283,0
          -1.13012,52.92764,0
          -1.12883,52.92666,0
          -1.12878,52.92658,0
          -1.12872,52.92656,0
          -1.12869,52.92651,0
          -1.1286,52.92647,0
          -1.12839,52.92628,0
          -1.12832,52.92619,0
          -1.12772,52.92567,0
          -1.12658,52.92448,0
          -1.12619,52.92399,0
          -1.1262,52.92387,0
          -1.12603,52.92381,0
          -1.12606,52.92374,0
          -1.12605,52.92364,0
          -1.126,52.92359,0
          -1.12596,52.92352,0
          -1.12593,52.9235,0
          -1.12531,52.92282,0
          -1.12529,52.92281,0
          -1.12507,52.92258,0
          -1.12493,52.92239,0
          -1.12432,52.92128,0
          -1.12361,52.92042,0
          -1.12312,52.92008,0
          -1.12307,52.92003,0
          -1.12274,52.91981,0
          -1.1224,52.91948,0
          -1.12217,52.91918,0
          -1.12194,52.91874,0
          -1.12192,52.91867,0
          -1.1216,52.91807,0
          -1.11914,52.91473,0
          -1.11812,52.91355,0
          -1.11793,52.91316,0
          -1.11786,52.91279,0
          -1.11783,52.91272,0
          -1.11783,52.91246,0
          -1.11771,52.91238,0
          -1.11779,52.91165,0
          -1.11788,52.9113,0
          -1.11899,52.90917,0
          -1.1198,52.90791,0
          -1.11989,52.90765,0
          -1.11989,52.90758,0
          -1.11992,52.90751,0
          -1.11995,52.90725,0
          -1.11988,52.9064,0
          -1.1199,52.90619,0
          -1.11989,52.90601,0
          -1.11995,52.90583,0
          -1.11997,52.90566,0
          -1.12015,52.90509,0
          -1.12024,52.9046,0
          -1.12021,52.90423,0
          -1.12005,52.90351,0
          -1.11999,52.90247,0
          -1.11972,52.90216,0
          -1.1193,52.9018,0
          -1.1189,52.90167,0
          -1.11804,52.90131,0
          -1.11719,52.90117,0
          -1.11351,52.90121,0
          -1.10631,52.90085,0
          -1.10408,52.90058,0
          -1.10273,52.90016,0
          -1.10176,52.89979,0
          -1.09995,52.89891,0
          -1.09734,52.89797,0
          -1.09533,52.89712,0
          -1.09521,52.89705,0
          -1.09395,52.89657,0
          -1.09382,52.89654,0
          -1.09349,52.89641,0
          -1.08788,52.89475,0
          -1.08745,52.89458,0
          -1.08743,52.89458,0
          -1.08606,52.89397,0
          -1.08525,52.89354,0
          -1.08524,52.89354,0
          -1.08472,52.89324,0
          -1.08464,52.89316,0
          -1.08429,52.89295,0
          -1.08426,52.89289,0
          -1.08341,52.8922,0
          -1.081,52.88977,0
          -1.08091,52.88964,0
          -1.08079,52.88957,0
          -1.08006,52.88887,0
          -1.07962,52.88853,0
          -1.0791,52.88819,0
          -1.07832,52.88779,0
          -1.07748,52.88749,0
          -1.07464,52.88675,0
          -1.07453,52.8867,0
          -1.07326,52.88634,0
          -1.073,52.88623,0
          -1.07281,52.88621,0
          -1.07113,52.88553,0
          -1.07113,52.88552,0
          -1.06953,52.88476,0
          -1.06922,52.88458,0
          -1.06794,52.88359,0
          -1.06758,52.8834,0
          -1.06758,52.88339,0
          -1.06718,52.88322,0
          -1.06706,52.88319,0
          -1.06482,52.88228,0
          -1.06385,52.88205,0
          -1.0622,52.88188,0
          -1.06103,52.88155,0
          -1.06037,52.8813,0
          -1.05967,52.88097,0
          -1.05894,52.88053,0
          -1.05835,52.88007,0
          -1.05778,52.87948,0
          -1.05659,52.878,0
          -1.05399,52.87527,0
          -1.05398,52.87527,0
          -1.04772,52.86976,0
          -1.04766,52.86968,0
          -1.04746,52.86952,0
          -1.04698,52.86903,0
          -1.04689,52.86897,0
          -1.04633,52.86837,0
          -1.04633,52.86836,0
          -1.04551,52.8675,0
          -1.04548,52.86745,0
          -1.04296,52.86478,0
          -1.04285,52.8647,0
          -1.0424,52.86422,0
          -1.04236,52.86411,0
          -1.04114,52.8627,0
          -1.04099,52.86245,0
          -1.04087,52.86215,0
          -1.04049,52.86039,0
          -1.04036,52.8601,0
          -1.04003,52.85972,0
          -1.03747,52.85784,0
          -1.03743,52.85779,0
          -1.03604,52.85678,0
          -1.03597,52.85671,0
          -1.03595,52.85671,0
          -1.03486,52.85586,0
          -1.03463,52.85557,0
          -1.03452,52.85537,0
          -1.03452,52.85525,0
          -1.03416,52.85426,0
          -1.03401,52.85399,0
          -1.03373,52.85361,0
          -1.03353,52.85341,0
          -1.03317,52.85313,0
          -1.03316,52.85313,0
          -1.0329,52.85295,0
          -1.03277,52.85289,0
          -1.03273,52.85289,0
          -1.03267,52.85287,0
          -1.03253,52.85286,0
          -1.03234,52.85289,0
          -1.03204,52.85288,0
          -1.03088,52.85273,0
          -1.03076,52.85267,0
          -1.03064,52.85258,0
          -1.03055,52.85246,0
          -1.03054,52.85239,0
          -1.03037,52.85227,0
          -1.03008,52.85214,0
          -1.02957,52.85184,0
          -1.0272,52.85021,0
          -1.02706,52.85017,0
          -1.02473,52.84881,0
          -1.0248,52.84876,0
          -1.02099,52.84625,0
          -1.01999,52.84568,0
          -1.01332,52.84239,0
          -1.01331,52.84239,0
          -1.00298,52.83718,0
          -1.00184,52.83653,0
          -0.99949,52.83494,0
          -0.99948,52.83494,0
          -0.99778,52.8337,0
          -0.99618,52.83239,0
          -0.99618,52.83238,0
          -0.99569,52.83201,0
          -0.99545,52.83187,0
          -0.99489,52.83166,0
          -0.99487,52.83166,0
          -0.99482,52.83164,0
          -0.99305,52.83143,0
          -0.99304,52.83142,0
          -0.99185,52.83137,0
          -0.98904,52.83073,0
          -0.98882,52.83061,0
          -0.98867,52.83047,0
          -0.98861,52.83036,0
          -0.98858,52.83025,0
          -0.98858,52.83018,0
          -0.98861,52.8301,0
          -0.98886,52.82974,0
          -0.98896,52.82954,0
          -0.98896,52.82953,0
          -0.98897,52.82953,0
          -0.989,52.82939,0
          -0.98895,52.8293,0
          -0.98894,52.82926,0
          -0.98876,52.82913,0
          -0.98807,52.82896,0
          -0.98788,52.82886,0
          -0.98781,52.8288,0
          -0.98776,52.82873,0
          -0.98771,52.82861,0
          -0.98765,52.82836,0
          -0.98761,52.82827,0
          -0.98757,52.82823,0
          -0.98742,52.82816,0
          -0.98708,52.82809,0
          -0.9838,52.82803,0
          -0.98046,52.82813,0
          -0.97931,52.82803,0
          -0.97772,52.8278,0
          -0.97593,52.82775,0
          -0.97568,52.82771,0
          -0.97536,52.82758,0
          -0.97485,52.82723,0
          -0.97485,52.82722,0
          -0.97412,52.82669,0
          -0.97409,52.82668,0
          -0.97379,52.82645,0
          -0.97378,52.82645,0
          -0.9727,52.82564,0
          -0.97247,52.8254,0
          -0.97198,52.82467,0
          -0.97191,52.8245,0
          -0.97191,52.8244,0
          -0.97182,52.82391,0
          -0.9714,52.82262,0
          -0.97136,52.82257,0
          -0.97134,52.82252,0
          -0.97127,52.82244,0
          -0.97119,52.82238,0
          -0.97112,52.82235,0
          -0.97065,52.82233,0
          -0.96966,52.82245,0
          -0.96646,52.82241,0
          -0.96426,52.8225,0
          -0.96201,52.82282,0
          -0.96199,52.82283,0
          -0.96176,52.82284,0
          -0.96145,52.82277,0
          -0.96131,52.8227,0
          -0.95625,52.81904,0
          -0.95239,52.81534,0
          -0.95126,52.81435,0
          -0.95027,52.8136,0
          -0.9491,52.81252,0
          -0.9491,52.81251,0
          -0.94738,52.8111,0
          -0.94738,52.81109,0
          -0.94651,52.81047,0
          -0.94591,52.8102,0
          -0.94552,52.81012,0
          -0.94455,52.81003,0
          -0.94354,52.80983,0
          -0.94353,52.80982,0
          -0.94339,52.8098,0
          -0.94151,52.80977,0
          -0.94134,52.80973,0
          -0.94134,52.80972,0
          -0.94108,52.80964,0
          -0.94108,52.80963,0
          -0.94082,52.80955,0
          -0.94082,52.80954,0
          -0.94057,52.80946,0
          -0.94056,52.80945,0
          -0.94054,52.80945,0
          -0.93978,52.8092,0
          -0.93978,52.80919,0
          -0.9384,52.80886,0
          -0.93766,52.80856,0
          -0.93764,52.80856,0
          -0.93464,52.80724,0
          -0.92705,52.8034,0
          -0.92705,52.80339,0
          -0.92552,52.80261,0
          -0.92531,52.80245,0
          -0.92495,52.80206,0
          -0.92483,52.80189,0
          -0.92469,52.80162,0
          -0.9246,52.80134,0
          -0.92459,52.80093,0
          -0.92457,52.80088,0
          -0.92427,52.80054,0
          -0.92421,52.80038,0
          -0.92418,52.80007,0
          -0.92422,52.79999,0
          -0.92421,52.79988,0
          -0.92417,52.7998,0
          -0.92411,52.79925,0
          -0.92398,52.7987,0
          -0.92393,52.79859,0
          -0.92339,52.79655,0
          -0.9233,52.79634,0
          -0.92329,52.79633,0
          -0.92328,52.79629,0
          -0.9231,52.796,0
          -0.9228,52.79564,0
          -0.92234,52.79527,0
          -0.9223,52.79525,0
          -0.92227,52.79522,0
          -0.92168,52.79485,0
          -0.92072,52.79436,0
          -0.92072,52.79435,0
          -0.91727,52.79264,0
          -0.91726,52.79264,0
          -0.91689,52.79245,0
          -0.91688,52.79245,0
          -0.91222,52.7902,0
          -0.91221,52.7902,0
          -0.91035,52.78934,0
          -0.91034,52.78934,0
          -0.90879,52.7885,0
          -0.90668,52.78772,0
          -0.90655,52.78763,0
          -0.90654,52.78763,0
          -0.90639,52.78749,0
          -0.90629,52.78733,0
          -0.90602,52.7867,0
          -0.9058,52.78631,0
          -0.90565,52.78612,0
          -0.90187,52.78273,0
          -0.90145,52.78241,0
          -0.90083,52.78214,0
          -0.90072,52.78205,0
          -0.90072,52.78198,0
          -0.90068,52.78189,0
          -0.90066,52.78187,0
          -0.90055,52.7819,0
          -0.90051,52.78185,0
          -0.90035,52.78178,0
          -0.90035,52.78175,0
          -0.90037,52.78173,0
          -0.90032,52.78171,0
          -0.90026,52.78171,0
          -0.90019,52.78161,0
          -0.90018,52.78156,0
          -0.90015,52.78151,0
          -0.90015,52.78129,0
          -0.90005,52.78104,0
          -0.90001,52.78098,0
          -0.90001,52.78096,0
          -0.8999,52.78087,0
          -0.89823,52.77904,0
          -0.89702,52.7775,0
          -0.89682,52.77729,0
          -0.89631,52.77688,0
          -0.89616,52.77673,0
          -0.89458,52.77452,0
          -0.89412,52.77361,0
          -0.89409,52.77351,0
          -0.89341,52.77205,0
          -0.89329,52.7715,0
          -0.89318,52.77052,0
          -0.89323,52.77041,0
          -0.89319,52.77019,0
          -0.89308,52.76991,0
          -0.89281,52.76958,0
          -0.89273,52.76954,0
          -0.8927,52.7695,0
          -0.8927,52.76946,0
          -0.89237,52.76914,0
          -0.89211,52.76896,0
          -0.89198,52.7689,0
          -0.8912,52.76836,0
          -0.89095,52.76814,0
          -0.89083,52.76799,0
          -0.89046,52.76719,0
          -0.89037,52.76717,0
          -0.8901,52.76691,0
          -0.89003,52.76681,0
          -0.88995,52.76675,0
          -0.88985,52.76661,0
          -0.88976,52.7666,0
          -0.88959,52.76671,0
          -0.88911,52.76663,0
          -0.88807,52.76636,0
          -0.8874,52.76491,0
          -0.88734,52.76485,0
          -0.88719,52.76475,0
          -0.88686,52.76462,0
          -0.88628,52.76451,0
          -0.88635,52.76434,0
          -0.88582,52.76427,0
          -0.88582,52.76421,0
          -0.88569,52.76399,0
          -0.8856,52.76391,0
          -0.88525,52.76337,0
          -0.8851,52.76306,0
          -0.88467,52.76237,0
          -0.8839,52.76058,0
          -0.88379,52.76043,0
          -0.88369,52.76034,0
          -0.88331,52.76015,0
          -0.88318,52.76011,0
          -0.8829,52.75997,0
          -0.88266,52.75975,0
          -0.88245,52.75942,0
          -0.88237,52.75913,0
          -0.88224,52.75884,0
          -0.88186,52.7583,0
          -0.88128,52.7576,0
          -0.88006,52.75585,0
          -0.87982,52.75535,0
          -0.87959,52.75452,0
          -0.8795,52.75435,0
          -0.87934,52.75418,0
          -0.8789,52.75386,0
          -0.87872,52.75376,0
          -0.87498,52.75118,0
          -0.87329,52.75034,0
          -0.87282,52.75005,0
          -0.87236,52.74971,0
          -0.87221,52.74957,0
          -0.87149,52.74911,0
          -0.87064,52.74872,0
          -0.87033,52.74848,0
          -0.87034,52.74845,0
          -0.87034,52.74839,0
          -0.87032,52.74832,0
          -0.87021,52.7482,0
          -0.87013,52.74815,0
          -0.86998,52.7481,0
          -0.86981,52.74808,0
          -0.86965,52.74809,0
          -0.86953,52.74812,0
          -0.86923,52.74808,0
          -0.8691,52.74803,0
          -0.86705,52.74684,0
          -0.86668,52.7465,0
          -0.86656,52.74642,0
          -0.86541,52.7452,0
          -0.86537,52.74511,0
          -0.86509,52.7448,0
          -0.86491,52.74468,0
          -0.86296,52.74298,0
          -0.86224,52.74189,0
          -0.86085,52.74019,0
          -0.86085,52.74018,0
          -0.86057,52.73986,0
          -0.85993,52.73927,0
          -0.85942,52.73888,0
          -0.85836,52.73821,0
          -0.85744,52.73771,0
          -0.85743,52.73771,0
          -0.85549,52.73675,0
          -0.85164,52.73523,0
          -0.8508,52.73484,0
          -0.85066,52.73474,0
          -0.85055,52.73463,0
          -0.8495,52.73331,0
          -0.8484,52.73231,0
          -0.84796,52.73181,0
          -0.84768,52.73142,0
          -0.84671,52.72974,0
          -0.84651,52.72949,0
          -0.84621,52.7292,0
          -0.84561,52.72875,0
          -0.8451,52.72845,0
          -0.84106,52.72678,0
          -0.83959,52.72596,0
          -0.83959,52.72595,0
          -0.83873,52.72543,0
          -0.83872,52.72543,0
          -0.83789,52.72492,0
          -0.83717,52.72433,0
          -0.83669,52.72381,0
          -0.83649,52.72355,0
          -0.83648,52.72355,0
          -0.83418,52.72057,0
          -0.83388,52.72026,0
          -0.83342,52.7199,0
          -0.83285,52.71953,0
          -0.82966,52.71775,0
          -0.82831,52.71688,0
          -0.82778,52.71642,0
          -0.82728,52.71578,0
          -0.82713,52.71564,0
          -0.82679,52.7154,0
          -0.82599,52.715,0
          -0.82598,52.715,0
          -0.82597,52.71499,0
          -0.82521,52.71469,0
          -0.82454,52.71455,0
          -0.82232,52.71442,0
          -0.8223,52.71441,0
          -0.82173,52.71439,0
          -0.82171,52.71438,0
          -0.82063,52.71429,0
          -0.81969,52.71412,0
          -0.81923,52.71397,0
          -0.81852,52.71364,0
          -0.81851,52.71364,0
          -0.81848,52.71362,0
          -0.81791,52.71341,0
          -0.8179,52.7134,0
          -0.816,52.71293,0
          -0.81599,52.71292,0
          -0.81309,52.71232,0
          -0.81186,52.71195,0
          -0.81185,52.71194,0
          -0.81106,52.71169,0
          -0.80791,52.71045,0
          -0.80066,52.70799,0
          -0.80018,52.70779,0
          -0.79412,52.70477,0
          -0.79411,52.70477,0
          -0.78585,52.70054,0
          -0.78488,52.7002,0
          -0.78467,52.70017,0
          -0.78323,52.69981,0
          -0.78322,52.6998,0
          -0.77924,52.69874,0
          -0.77457,52.69687,0
          -0.77393,52.69667,0
          -0.77393,52.69666,0
          -0.77103,52.69614,0
          -0.76843,52.69554,0
          -0.7667,52.69496,0
          -0.76486,52.69413,0
          -0.76482,52.6941,0
          -0.76324,52.69338,0
          -0.76292,52.69327,0
          -0.7611,52.69283,0
          -0.76068,52.69262,0
          -0.75829,52.69052,0
          -0.75755,52.69014,0
          -0.75731,52.69005,0
          -0.75712,52.68995,0
          -0.75602,52.68911,0
          -0.75586,52.68905,0
          -0.75569,52.68903,0
          -0.75554,52.68905,0
          -0.75413,52.68958,0
          -0.75369,52.68969,0
          -0.75353,52.68969,0
          -0.75337,52.68966,0
          -0.75324,52.68961,0
          -0.75302,52.68943,0
          -0.75167,52.68784,0
          -0.7503,52.68605,0
          -0.74913,52.68395,0
          -0.749,52.68379,0
          -0.74894,52.68374,0
          -0.74895,52.68369,0
          -0.74894,52.68367,0
          -0.74894,52.68365,0
          -0.74892,52.68362,0
          -0.74885,52.68356,0
          -0.74883,52.68356,0
          -0.7488,52.68354,0
          -0.74878,52.68354,0
          -0.74876,52.68353,0
          -0.74874,52.68353,0
          -0.74872,52.68352,0
          -0.74867,52.68352,0
          -0.74864,52.68326,0
          -0.7486,52.68321,0
          -0.74849,52.68298,0
          -0.74837,52.68287,0
          -0.74764,52.68244,0
          -0.74728,52.68218,0
          -0.74713,52.68204,0
          -0.7467,52.68143,0
          -0.74605,52.67991,0
          -0.74523,52.67843,0
          -0.74421,52.67699,0
          -0.74318,52.67602,0
          -0.74277,52.67573,0
          -0.74239,52.67553,0
          -0.74206,52.67541,0
          -0.73713,52.67434,0
          -0.73588,52.67424,0
          -0.73552,52.6741,0
          -0.73542,52.67402,0
          -0.73536,52.67399,0
          -0.73526,52.67387,0
          -0.73475,52.67246,0
          -0.73459,52.67165,0
          -0.73461,52.67158,0
          -0.73461,52.67149,0
          -0.73467,52.6714,0
          -0.7347,52.67121,0
          -0.73467,52.67113,0
          -0.7346,52.67107,0
          -0.73445,52.67108,0
          -0.73399,52.67105,0
          -0.73264,52.67074,0
          -0.73182,52.67023,0
          -0.73157,52.67013,0
          -0.72997,52.66978,0
          -0.72982,52.66978,0
          -0.72874,52.66959,0
          -0.72711,52.66959,0
          -0.72678,52.66951,0
          -0.72678,52.66949,0
          -0.72677,52.66949,0
          -0.72677,52.66948,0
          -0.72668,52.66944,0
          -0.72665,52.66944,0
          -0.72632,52.66922,0
          -0.72624,52.66921,0
          -0.72564,52.66882,0
          -0.72562,52.66877,0
          -0.72556,52.66873,0
          -0.72547,52.66871,0
          -0.72531,52.66834,0
          -0.72521,52.66786,0
          -0.72517,52.66705,0
          -0.72492,52.66572,0
          -0.72473,52.66532,0
          -0.72408,52.66454,0
          -0.72318,52.66329,0
          -0.72313,52.66319,0
          -0.72057,52.65956,0
          -0.72018,52.6593,0
          -0.72001,52.65922,0
          -0.71994,52.65917,0
          -0.71983,52.65913,0
          -0.71941,52.65909,0
          -0.71941,52.65866,0
          -0.71943,52.65858,0
          -0.71925,52.65791,0
          -0.71909,52.65754,0
          -0.71889,52.65721,0
          -0.71883,52.65715,0
          -0.71613,52.65327,0
          -0.71612,52.65327,0
          -0.71394,52.65026,0
          -0.71394,52.65025,0
          -0.71144,52.64682,0
          -0.71144,52.64681,0
          -0.70993,52.64484,0
          -0.70992,52.64484,0
          -0.7083,52.64302,0
          -0.70824,52.6429,0
          -0.70804,52.64264,0
          -0.70758,52.6418,0
          -0.70757,52.6418,0
          -0.70661,52.64,0
          -0.70623,52.63953,0
          -0.70592,52.63923,0
          -0.7053,52.63877,0
          -0.70529,52.63877,0
          -0.70474,52.63841,0
          -0.7047,52.63837,0
          -0.70461,52.63832,0
          -0.70442,52.63815,0
          -0.70438,52.63809,0
          -0.70433,52.63805,0
          -0.70428,52.63798,0
          -0.70426,52.63792,0
          -0.70424,52.6379,0
          -0.70417,52.63772,0
          -0.70415,52.63762,0
          -0.70415,52.63747,0
          -0.70421,52.63728,0
          -0.70432,52.63709,0
          -0.70483,52.63657,0
          -0.70507,52.63637,0
          -0.70441,52.63551,0
          -0.70441,52.6355,0
          -0.70408,52.63502,0
          -0.70393,52.63466,0
          -0.70381,52.63398,0
          -0.7038,52.63286,0
          -0.70374,52.63268,0
          -0.70359,52.63238,0
          -0.7032,52.63201,0
          -0.70306,52.63183,0
          -0.70287,52.63092,0
          -0.70273,52.63053,0
          -0.70235,52.62986,0
          -0.70169,52.62902,0
          -0.70111,52.62842,0
          -0.70077,52.628,0
          -0.70052,52.6272,0
          -0.70051,52.62719,0
          -0.70049,52.62714,0
          -0.70043,52.62706,0
          -0.70028,52.62694,0
          -0.69979,52.62664,0
          -0.69978,52.62664,0
          -0.69899,52.62612,0
          -0.69898,52.6261,0
          -0.69885,52.62601,0
          -0.69856,52.62571,0
          -0.69853,52.62566,0
          -0.69853,52.62564,0
          -0.69805,52.62443,0
          -0.69804,52.62442,0
          -0.69717,52.62198,0
          -0.69702,52.62176,0
          -0.69679,52.6215,0
          -0.69637,52.62113,0
          -0.6948,52.6187,0
          -0.69413,52.61751,0
          -0.69366,52.61685,0
          -0.69344,52.61647,0
          -0.69314,52.61621,0
          -0.69238,52.61572,0
          -0.69215,52.61554,0
          -0.69188,52.61525,0
          -0.69187,52.6152,0
          -0.69123,52.61477,0
          -0.69121,52.61477,0
          -0.69088,52.61465,0
          -0.6904,52.61462,0
          -0.69006,52.61467,0
          -0.69,52.61463,0
          -0.68995,52.61451,0
          -0.68994,52.6143,0
          -0.69001,52.61384,0
          -0.69001,52.61365,0
          -0.68996,52.61345,0
          -0.68999,52.61327,0
          -0.69006,52.61312,0
          -0.69027,52.61288,0
          -0.69032,52.61275,0
          -0.69031,52.61266,0
          -0.69026,52.61256,0
          -0.68977,52.61208,0
          -0.68948,52.61066,0
          -0.68907,52.60999,0
          -0.68882,52.60949,0
          -0.68804,52.60877,0
          -0.6866,52.60721,0
          -0.68624,52.60692,0
          -0.68507,52.60632,0
          -0.68388,52.60556,0
          -0.68386,52.60556,0
          -0.6836,52.6054,0
          -0.68298,52.6051,0
          -0.68209,52.60446,0
          -0.68177,52.60431,0
          -0.68149,52.60422,0
          -0.67951,52.60389,0
          -0.68004,52.60261,0
          -0.68001,52.60123,0
          -0.68,52.60121,0
          -0.67993,52.60079,0
          -0.6797,52.59993,0
          -0.67947,52.59833,0
          -0.67934,52.59692,0
          -0.67918,52.5959,0
          -0.67882,52.59441,0
          -0.67877,52.59432,0
          -0.6787,52.59424,0
          -0.6779,52.59256,0
          -0.67749,52.59156,0
          -0.67642,52.58992,0
          -0.67601,52.58942,0
          -0.67576,52.58917,0
          -0.67493,52.58857,0
          -0.67472,52.58832,0
          -0.6746,52.58811,0
          -0.67434,52.58747,0
          -0.6741,52.58704,0
          -0.67387,52.58675,0
          -0.67256,52.58551,0
          -0.67198,52.58481,0
          -0.67159,52.58409,0
          -0.67149,52.58401,0
          -0.67129,52.58394,0
          -0.67101,52.5839,0
          -0.67066,52.58379,0
          -0.67055,52.58371,0
          -0.67051,52.58365,0
          -0.6705,52.58358,0
          -0.67057,52.58319,0
          -0.67056,52.58308,0
          -0.67047,52.58276,0
          -0.66966,52.58121,0
          -0.66842,52.57844,0
          -0.66841,52.57843,0
          -0.66829,52.57815,0
          -0.66811,52.57792,0
          -0.6678,52.57761,0
          -0.66643,52.57654,0
          -0.66508,52.5753,0
          -0.66495,52.57515,0
          -0.66456,52.57492,0
          -0.66417,52.57456,0
          -0.66294,52.57312,0
          -0.66272,52.57292,0
          -0.66119,52.57191,0
          -0.66085,52.57161,0
          -0.66085,52.5716,0
          -0.66082,52.57157,0
          -0.66073,52.57138,0
          -0.66072,52.57132,0
          -0.66039,52.57123,0
          -0.66029,52.57122,0
          -0.66027,52.57121,0
          -0.65853,52.57108,0
          -0.65851,52.57107,0
          -0.65738,52.57103,0
          -0.65604,52.57075,0
          -0.65425,52.57027,0
          -0.65346,52.57012,0
          -0.65278,52.57014,0
          -0.65241,52.57011,0
          -0.65225,52.57005,0
          -0.65208,52.56987,0
          -0.6517,52.56917,0
          -0.65148,52.56861,0
          -0.65134,52.56835,0
          -0.65134,52.56833,0
          -0.65122,52.56818,0
          -0.6512,52.56817,0
          -0.65081,52.56778,0
          -0.65059,52.56751,0
          -0.65034,52.56711,0
          -0.65014,52.56692,0
          -0.64952,52.56662,0
          -0.64898,52.56591,0
          -0.64864,52.56595,0
          -0.64855,52.56598,0
          -0.64803,52.56588,0
          -0.64778,52.56573,0
          -0.64751,52.56545,0
          -0.64605,52.56369,0
          -0.64565,52.56342,0
          -0.63807,52.55901,0
          -0.63652,52.55848,0
          -0.62791,52.55676,0
          -0.62052,52.55595,0
          -0.61445,52.55484,0
          -0.6129,52.55467,0
          -0.61241,52.55458,0
          -0.61167,52.55434,0
          -0.61129,52.55428,0
          -0.60997,52.5543,0
          -0.60889,52.55425,0
          -0.60584,52.55393,0
          -0.60355,52.55428,0
          -0.60152,52.55478,0
          -0.60039,52.55486,0
          -0.59973,52.5548,0
          -0.59937,52.55469,0
          -0.59903,52.55436,0
          -0.5989,52.5542,0
          -0.59877,52.55396,0
          -0.59858,52.55328,0
          -0.59851,52.55316,0
          -0.59765,52.55244,0
          -0.59721,52.55215,0
          -0.59683,52.55195,0
          -0.59682,52.55195,0
          -0.59644,52.55175,0
          -0.59556,52.55114,0
          -0.59555,52.55112,0
          -0.59466,52.55044,0
          -0.59397,52.54963,0
          -0.59287,52.5488,0
          -0.59281,52.54873,0
          -0.59207,52.54812,0
          -0.59009,52.54688,0
          -0.58905,52.54636,0
          -0.58649,52.54444,0
          -0.58594,52.5442,0
          -0.58576,52.54406,0
          -0.58632,52.54343,0
          -0.58582,52.54327,0
          -0.58549,52.54299,0
          -0.58541,52.54286,0
          -0.58537,52.54275,0
          -0.58528,52.54197,0
          -0.58527,52.54196,0
          -0.58523,52.5415,0
          -0.58529,52.54116,0
          -0.58537,52.54097,0
          -0.58549,52.54078,0
          -0.58567,52.54057,0
          -0.58567,52.54056,0
          -0.58592,52.54024,0
          -0.58598,52.54013,0
          -0.58599,52.53992,0
          -0.58596,52.53978,0
          -0.58585,52.53965,0
          -0.58555,52.53941,0
          -0.5853,52.53925,0
          -0.58439,52.53882,0
          -0.58415,52.53875,0
          -0.58414,52.53874,0
          -0.5837,52.53857,0
          -0.58349,52.53845,0
          -0.58334,52.53832,0
          -0.58331,52.53824,0
          -0.58325,52.53822,0
          -0.58295,52.53775,0
          -0.58295,52.53774,0
          -0.58284,52.53764,0
          -0.58262,52.53751,0
          -0.58199,52.53733,0
          -0.58202,52.53727,0
          -0.58136,52.53697,0
          -0.58104,52.53686,0
          -0.58037,52.53671,0
          -0.58007,52.53654,0
          -0.57998,52.53646,0
          -0.57992,52.53629,0
          -0.5799,52.53555,0
          -0.57993,52.5353,0
          -0.58004,52.5349,0
          -0.58009,52.53483,0
          -0.58023,52.53439,0
          -0.58033,52.53387,0
          -0.57788,52.53288,0
          -0.57766,52.53275,0
          -0.57764,52.53275,0
          -0.5775,52.53267,0
          -0.57712,52.53253,0
          -0.57619,52.5323,0
          -0.57583,52.53217,0
          -0.5744,52.53148,0
          -0.57333,52.53087,0
          -0.57213,52.53006,0
          -0.57133,52.52934,0
          -0.56888,52.52789,0
          -0.56789,52.52745,0
          -0.56746,52.52732,0
          -0.56742,52.52732,0
          -0.56515,52.52671,0
          -0.56431,52.5266,0
          -0.56157,52.52655,0
          -0.55992,52.52601,0
          -0.55991,52.526,0
          -0.55805,52.52552,0
          -0.55801,52.5255,0
          -0.55747,52.52536,0
          -0.55743,52.52534,0
          -0.55396,52.5245,0
          -0.55316,52.52447,0
          -0.55061,52.52462,0
          -0.54899,52.5245,0
          -0.54855,52.52442,0
          -0.54742,52.52435,0
          -0.54706,52.52423,0
          -0.54666,52.52397,0
          -0.54666,52.52396,0
          -0.54627,52.52358,0
          -0.5453,52.52238,0
          -0.54501,52.5221,0
          -0.54371,52.52108,0
          -0.5437,52.52108,0
          -0.54069,52.51878,0
          -0.53697,52.51729,0
          -0.53688,52.51721,0
          -0.53682,52.51711,0
          -0.53682,52.51705,0
          -0.53652,52.51695,0
          -0.53123,52.51589,0
          -0.53101,52.51588,0
          -0.53077,52.51592,0
          -0.52697,52.51703,0
          -0.5262,52.51716,0
          -0.52574,52.51718,0
          -0.51824,52.51626,0
          -0.51485,52.51651,0
          -0.50691,52.51614,0
          -0.50346,52.51652,0
          -0.5024,52.51652,0
          -0.50131,52.51659,0
          -0.50062,52.51655,0
          -0.49941,52.51658,0
          -0.49896,52.51663,0
          -0.49894,52.51664,0
          -0.49787,52.5168,0
          -0.49726,52.51583,0
          -0.4971,52.51551,0
          -0.49636,52.51445,0
          -0.49573,52.51386,0
          -0.49572,52.51386,0
          -0.49557,52.51371,0
          -0.49556,52.51371,0
          -0.49541,52.51356,0
          -0.49539,52.51355,0
          -0.49502,52.51319,0
          -0.49497,52.51316,0
          -0.49379,52.51206,0
          -0.49379,52.51205,0
          -0.49336,52.51159,0
          -0.49336,52.51158,0
          -0.49335,52.51158,0
          -0.49317,52.51125,0
          -0.49317,52.51124,0
          -0.49314,52.51119,0
          -0.49314,52.51117,0
          -0.49303,52.51093,0
          -0.49303,52.5109,0
          -0.49298,52.51073,0
          -0.49289,52.50992,0
          -0.49284,52.50978,0
          -0.49273,52.50961,0
          -0.49015,52.50663,0
          -0.49015,52.50662,0
          -0.48949,52.50582,0
          -0.48932,52.50551,0
          -0.48928,52.5054,0
          -0.48927,52.50532,0
          -0.48926,52.50531,0
          -0.48925,52.50517,0
          -0.48928,52.50494,0
          -0.48929,52.50493,0
          -0.48929,52.50475,0
          -0.48922,52.50424,0
          -0.48921,52.50422,0
          -0.48916,52.50382,0
          -0.48918,52.50377,0
          -0.48923,52.50308,0
          -0.48924,52.50308,0
          -0.48929,52.50239,0
          -0.48928,52.50236,0
          -0.48928,52.50217,0
          -0.48926,52.50208,0
          -0.48922,52.502,0
          -0.48922,52.50199,0
          -0.48903,52.50166,0
          -0.48903,52.50165,0
          -0.48886,52.50135,0
          -0.48878,52.50125,0
          -0.4887,52.50092,0
          -0.48869,52.50079,0
          -0.48868,52.50079,0
          -0.48866,52.50051,0
          -0.48883,52.49979,0
          -0.48843,52.49889,0
          -0.4883,52.49872,0
          -0.48829,52.49872,0
          -0.48829,52.49871,0
          -0.48825,52.49867,0
          -0.48593,52.49712,0
          -0.48592,52.49712,0
          -0.48515,52.4966,0
          -0.48512,52.49659,0
          -0.48512,52.49658,0
          -0.48511,52.49658,0
          -0.48452,52.49618,0
          -0.48451,52.49618,0
          -0.48267,52.49494,0
          -0.48234,52.49468,0
          -0.48208,52.4944,0
          -0.48208,52.49439,0
          -0.48207,52.49439,0
          -0.48131,52.49352,0
          -0.48126,52.49343,0
          -0.4811,52.49332,0
          -0.48026,52.49308,0
          -0.4799,52.49294,0
          -0.47965,52.49271,0
          -0.47939,52.49223,0
          -0.47908,52.49176,0
          -0.47893,52.49163,0
          -0.47893,52.49162,0
          -0.47872,52.4915,0
          -0.47825,52.49134,0
          -0.47795,52.49118,0
          -0.47704,52.49052,0
          -0.47629,52.48966,0
          -0.47567,52.48919,0
          -0.47514,52.48891,0
          -0.47372,52.48794,0
          -0.47354,52.48779,0
          -0.47337,52.4876,0
          -0.4728,52.48669,0
          -0.47276,52.4866,0
          -0.47241,52.48612,0
          -0.47232,52.48603,0
          -0.47229,52.48594,0
          -0.47187,52.48544,0
          -0.47178,52.48538,0
          -0.47144,52.48489,0
          -0.47133,52.4848,0
          -0.47012,52.48347,0
          -0.46944,52.48289,0
          -0.46901,52.4826,0
          -0.46866,52.48212,0
          -0.46865,52.48206,0
          -0.46879,52.48131,0
          -0.46877,52.48106,0
          -0.46886,52.48086,0
          -0.46934,52.48079,0
          -0.47033,52.48081,0
          -0.47148,52.48092,0
          -0.47163,52.48096,0
          -0.47228,52.48101,0
          -0.47244,52.481,0
          -0.47315,52.48107,0
          -0.47317,52.481,0
          -0.47368,52.481,0
          -0.47423,52.48093,0
          -0.47465,52.48075,0
          -0.47426,52.47978,0
          -0.47425,52.47867,0
          -0.47442,52.47523,0
          -0.4744,52.47488,0
          -0.47432,52.47441,0
          -0.4742,52.47398,0
          -0.47328,52.47195,0
          -0.47308,52.47133,0
          -0.47301,52.47092,0
          -0.473,52.4709,0
          -0.47291,52.46987,0
          -0.47287,52.46971,0
          -0.47269,52.46932,0
          -0.47221,52.46866,0
          -0.47135,52.46783,0
          -0.47084,52.4672,0
          -0.4702,52.46658,0
          -0.46828,52.46515,0
          -0.46788,52.46478,0
          -0.46591,52.46231,0
          -0.46586,52.46222,0
          -0.4656,52.46189,0
          -0.46497,52.46085,0
          -0.46469,52.46026,0
          -0.4646,52.45999,0
          -0.46444,52.45966,0
          -0.46394,52.45821,0
          -0.46395,52.45814,0
          -0.4636,52.45707,0
          -0.46356,52.457,0
          -0.46342,52.45657,0
          -0.46352,52.45656,0
          -0.46333,52.456,0
          -0.46261,52.4543,0
          -0.46245,52.45373,0
          -0.46241,52.45368,0
          -0.46232,52.45339,0
          -0.46227,52.45311,0
          -0.46226,52.4531,0
          -0.46226,52.45291,0
          -0.46225,52.45288,0
          -0.46204,52.45287,0
          -0.46172,52.45294,0
          -0.46078,52.45303,0
          -0.46042,52.45275,0
          -0.46008,52.45257,0
          -0.45935,52.45239,0
          -0.45707,52.45207,0
          -0.45671,52.45197,0
          -0.4567,52.45196,0
          -0.45655,52.4519,0
          -0.45628,52.45168,0
          -0.45508,52.45129,0
          -0.45331,52.45117,0
          -0.45283,52.45107,0
          -0.45098,52.45051,0
          -0.44994,52.45039,0
          -0.4488,52.45035,0
          -0.44745,52.45044,0
          -0.44741,52.45038,0
          -0.44652,52.45007,0
          -0.44224,52.44927,0
          -0.44106,52.44895,0
          -0.43981,52.44838,0
          -0.43819,52.44749,0
          -0.43738,52.44714,0
          -0.43404,52.4459,0
          -0.43387,52.4458,0
          -0.43375,52.44569,0
          -0.43362,52.44551,0
          -0.43309,52.4445,0
          -0.43287,52.4442,0
          -0.43284,52.44418,0
          -0.43281,52.44414,0
          -0.43259,52.44401,0
          -0.43137,52.44372,0
          -0.4293,52.44309,0
          -0.42921,52.44304,0
          -0.42628,52.44196,0
          -0.42609,52.44183,0
          -0.42598,52.44178,0
          -0.42593,52.44172,0
          -0.42592,52.44163,0
          -0.42567,52.44139,0
          -0.4253,52.44117,0
          -0.42505,52.44107,0
          -0.4131,52.4377,0
          -0.41309,52.43769,0
          -0.40924,52.43636,0
          -0.40923,52.43635,0
          -0.40724,52.43579,0
          -0.40521,52.43504,0
          -0.40365,52.43428,0
          -0.40398,52.43406,0
          -0.40423,52.43385,0
          -0.40433,52.43371,0
          -0.4044,52.4334,0
          -0.40433,52.43327,0
          -0.40417,52.43312,0
          -0.40331,52.43286,0
          -0.40287,52.43278,0
          -0.40192,52.43269,0
          -0.40181,52.4327,0
          -0.4013,52.43263,0
          -0.40098,52.43253,0
          -0.4007,52.43236,0
          -0.39931,52.43115,0
          -0.39592,52.42865,0
          -0.39548,52.42814,0
          -0.39444,52.4273,0
          -0.39387,52.42698,0
          -0.39369,52.42685,0
          -0.39274,52.42601,0
          -0.39222,52.42538,0
          -0.39085,52.42325,0
          -0.3897,52.4217,0
          -0.38632,52.41896,0
          -0.38497,52.41772,0
          -0.38455,52.41741,0
          -0.38373,52.41693,0
          -0.38161,52.4159,0
          -0.38137,52.41574,0
          -0.38051,52.41501,0
          -0.38033,52.4149,0
          -0.38032,52.4149,0
          -0.38029,52.41488,0
          -0.38006,52.41482,0
          -0.37857,52.41467,0
          -0.37783,52.41442,0
          -0.37783,52.41441,0
          -0.37684,52.4141,0
          -0.37659,52.41431,0
          -0.37655,52.41429,0
          -0.37626,52.41423,0
          -0.37612,52.41418,0
          -0.37598,52.41416,0
          -0.37561,52.41404,0
          -0.37492,52.41367,0
          -0.37435,52.41347,0
          -0.37325,52.41334,0
          -0.37308,52.41335,0
          -0.37275,52.41342,0
          -0.37193,52.41369,0
          -0.37181,52.41371,0
          -0.37119,52.4136,0
          -0.37073,52.41357,0
          -0.3704,52.4135,0
          -0.36948,52.41305,0
          -0.36916,52.41293,0
          -0.36785,52.4122,0
          -0.36329,52.41035,0
          -0.36048,52.40897,0
          -0.3592,52.40846,0
          -0.35093,52.40607,0
          -0.35018,52.40595,0
          -0.35017,52.40594,0
          -0.34413,52.4051,0
          -0.34268,52.40483,0
          -0.33959,52.40404,0
          -0.33805,52.40379,0
          -0.33495,52.40313,0
          -0.3345,52.40316,0
          -0.3339,52.40354,0
          -0.33318,52.4039,0
          -0.33271,52.40424,0
          -0.33213,52.40492,0
          -0.3319,52.40502,0
          -0.33188,52.40504,0
          -0.33126,52.40503,0
          -0.32839,52.40462,0
          -0.32837,52.40461,0
          -0.32766,52.40458,0
          -0.32676,52.40472,0
          -0.3265,52.40473,0
          -0.32629,52.40471,0
          -0.32608,52.40466,0
          -0.32553,52.40444,0
          -0.32462,52.40419,0
          -0.32391,52.40405,0
          -0.32341,52.404,0
          -0.32189,52.40397,0
          -0.31913,52.4036,0
          -0.31749,52.40327,0
          -0.31491,52.40246,0
          -0.30785,52.40099,0
          -0.30728,52.40077,0
          -0.30709,52.40065,0
          -0.30639,52.40037,0
          -0.30496,52.39993,0
          -0.30262,52.39906,0
          -0.30101,52.39869,0
          -0.30076,52.39858,0
          -0.29658,52.39609,0
          -0.29658,52.39608,0
          -0.29494,52.39517,0
          -0.29095,52.39349,0
          -0.29005,52.39296,0
          -0.28965,52.39264,0
          -0.28872,52.39164,0
          -0.28833,52.39129,0
          -0.28783,52.39098,0
          -0.28713,52.39068,0
          -0.28621,52.39011,0
          -0.28381,52.38896,0
          -0.28266,52.38817,0
          -0.28262,52.38811,0
          -0.28207,52.38761,0
          -0.28055,52.38639,0
          -0.27984,52.38571,0
          -0.27849,52.38427,0
          -0.2781,52.38379,0
          -0.27731,52.3823,0
          -0.27707,52.38198,0
          -0.2766,52.38147,0
          -0.27582,52.38084,0
          -0.27427,52.37985,0
          -0.2742,52.37977,0
          -0.27409,52.3794,0
          -0.27405,52.37913,0
          -0.27398,52.37897,0
          -0.27381,52.37886,0
          -0.27278,52.37864,0
          -0.27092,52.37794,0
          -0.27056,52.37786,0
          -0.26962,52.37752,0
          -0.26906,52.37737,0
          -0.26896,52.3773,0
          -0.26888,52.37727,0
          -0.2689,52.37725,0
          -0.26879,52.37708,0
          -0.26874,52.37696,0
          -0.26865,52.37685,0
          -0.26852,52.37676,0
          -0.26735,52.37642,0
          -0.2672,52.37634,0
          -0.2662,52.37526,0
          -0.26486,52.37408,0
          -0.26485,52.37408,0
          -0.26427,52.37359,0
          -0.26415,52.37344,0
          -0.26415,52.37343,0
          -0.2637,52.37269,0
          -0.26326,52.3723,0
          -0.26316,52.37224,0
          -0.26154,52.37158,0
          -0.26134,52.37145,0
          -0.26116,52.37125,0
          -0.26114,52.37121,0
          -0.26114,52.37102,0
          -0.26116,52.37091,0
          -0.2612,52.37082,0
          -0.26121,52.37075,0
          -0.26115,52.37066,0
          -0.25913,52.36991,0
          -0.25885,52.37029,0
          -0.2584,52.37017,0
          -0.25814,52.37007,0
          -0.25783,52.36986,0
          -0.25735,52.36941,0
          -0.25722,52.36932,0
          -0.25711,52.36927,0
          -0.25666,52.36915,0
          -0.25622,52.36908,0
          -0.25577,52.36914,0
          -0.25459,52.36954,0
          -0.25423,52.36931,0
          -0.25406,52.36924,0
          -0.25396,52.36934,0
          -0.2536,52.36959,0
          -0.25345,52.36965,0
          -0.25344,52.36966,0
          -0.25342,52.36966,0
          -0.25283,52.36988,0
          -0.25275,52.36989,0
          -0.25276,52.36993,0
          -0.25274,52.36998,0
          -0.2527,52.37002,0
          -0.25258,52.37007,0
          -0.25242,52.37007,0
          -0.25229,52.37003,0
          -0.25224,52.36998,0
          -0.25065,52.37022,0
          -0.24966,52.3705,0
          -0.24877,52.37084,0
          -0.24567,52.37252,0
          -0.24561,52.37261,0
          -0.24559,52.37262,0
          -0.2456,52.37265,0
          -0.24561,52.37266,0
          -0.24561,52.37273,0
          -0.24554,52.37282,0
          -0.24551,52.37284,0
          -0.24549,52.37284,0
          -0.24546,52.37286,0
          -0.24544,52.37286,0
          -0.24543,52.37287,0
          -0.24539,52.37287,0
          -0.24537,52.37288,0
          -0.24524,52.37288,0
          -0.24522,52.37287,0
          -0.2452,52.37287,0
          -0.24519,52.37286,0
          -0.24517,52.37286,0
          -0.24512,52.37284,0
          -0.24502,52.37286,0
          -0.24492,52.37282,0
          -0.24409,52.37307,0
          -0.24361,52.37308,0
          -0.24359,52.37309,0
          -0.24357,52.37309,0
          -0.24355,52.3731,0
          -0.24331,52.37304,0
          -0.2432,52.37306,0
          -0.2414,52.37216,0
          -0.24122,52.37212,0
          -0.23842,52.37066,0
          -0.23735,52.37019,0
          -0.23561,52.36926,0
          -0.23542,52.36919,0
          -0.23365,52.36824,0
          -0.23357,52.36816,0
          -0.23157,52.36715,0
          -0.23143,52.36712,0
          -0.22887,52.36582,0
          -0.2276,52.36534,0
          -0.22717,52.36514,0
          -0.22658,52.36473,0
          -0.22653,52.36465,0
          -0.22639,52.36455,0
          -0.22387,52.36328,0
          -0.22367,52.36322,0
          -0.22355,52.36323,0
          -0.22348,52.36321,0
          -0.22311,52.36294,0
          -0.22015,52.36143,0
          -0.22011,52.36142,0
          -0.21866,52.36051,0
          -0.21712,52.35969,0
          -0.21708,52.35968,0
          -0.21702,52.35964,0
          -0.21411,52.35841,0
          -0.21195,52.35727,0
          -0.21062,52.35638,0
          -0.20911,52.35525,0
          -0.20724,52.35352,0
          -0.20678,52.35325,0
          -0.20677,52.35325,0
          -0.20579,52.35274,0
          -0.20548,52.35252,0
          -0.20532,52.35264,0
          -0.20519,52.35278,0
          -0.20485,52.35295,0
          -0.20484,52.35295,0
          -0.20416,52.35328,0
          -0.20362,52.35364,0
          -0.20274,52.35434,0
          -0.20221,52.35487,0
          -0.20187,52.35529,0
          -0.20184,52.35539,0
          -0.20186,52.35543,0
          -0.20134,52.35552,0
          -0.20132,52.35554,0
          -0.19996,52.35549,0
          -0.19895,52.35574,0
          -0.19866,52.35575,0
          -0.19793,52.35558,0
          -0.19678,52.35523,0
          -0.19588,52.35467,0
          -0.19536,52.35441,0
          -0.19515,52.35426,0
          -0.19478,52.35392,0
          -0.19433,52.35366,0
          -0.19388,52.35347,0
          -0.19327,52.3534,0
          -0.19291,52.35329,0
          -0.19175,52.35311,0
          -0.18985,52.3526,0
          -0.18938,52.3526,0
          -0.18916,52.35281,0
          -0.18901,52.353,0
          -0.1889,52.35309,0
          -0.1886,52.35324,0
          -0.18831,52.35333,0
          -0.18802,52.35337,0
          -0.1859,52.35342,0
          -0.18517,52.35349,0
          -0.18278,52.35358,0
          -0.18275,52.3536,0
          -0.18252,52.35364,0
          -0.18239,52.35361,0
          -0.1824,52.35357,0
          -0.18239,52.35356,0
          -0.18239,52.35354,0
          -0.18238,52.35353,0
          -0.18237,52.3535,0
          -0.18231,52.35345,0
          -0.18223,52.35344,0
          -0.18221,52.35343,0
          -0.1821,52.35343,0
          -0.18209,52.35344,0
          -0.18206,52.35344,0
          -0.18203,52.35346,0
          -0.18194,52.35338,0
          -0.18189,52.3534,0
          -0.18188,52.35341,0
          -0.18187,52.35341,0
          -0.18187,52.35342,0
          -0.18185,52.35344,0
          -0.18154,52.35346,0
          -0.18148,52.35348,0
          -0.17624,52.35296,0
          -0.17461,52.35264,0
          -0.17322,52.35221,0
          -0.17196,52.35166,0
          -0.15724,52.34434,0
          -0.15723,52.34434,0
          -0.15264,52.34203,0
          -0.15198,52.34161,0
          -0.1519,52.34151,0
          -0.15183,52.34145,0
          -0.15161,52.3411,0
          -0.15165,52.34102,0
          -0.15165,52.34095,0
          -0.15164,52.34092,0
          -0.15153,52.34081,0
          -0.15134,52.34072,0
          -0.15124,52.34071,0
          -0.15122,52.3407,0
          -0.15117,52.3407,0
          -0.15111,52.34065,0
          -0.15085,52.34028,0
          -0.1507,52.33997,0
          -0.15058,52.33983,0
          -0.1505,52.3397,0
          -0.1502,52.33935,0
          -0.14985,52.33903,0
          -0.14942,52.33873,0
          -0.14861,52.33833,0
          -0.14774,52.33802,0
          -0.147,52.33785,0
          -0.14637,52.33776,0
          -0.14549,52.3377,0
          -0.14269,52.33781,0
          -0.14111,52.33775,0
          -0.14004,52.3376,0
          -0.13494,52.33638,0
          -0.13173,52.33605,0
          -0.13144,52.33598,0
          -0.13049,52.33584,0
          -0.12907,52.3355,0
          -0.12542,52.33438,0
          -0.12498,52.33434,0
          -0.1238,52.33438,0
          -0.12324,52.33426,0
          -0.1222,52.33384,0
          -0.1216,52.33375,0
          -0.12088,52.33374,0
          -0.12055,52.33366,0
          -0.12051,52.33364,0
          -0.12048,52.33361,0
          -0.12047,52.33348,0
          -0.1205,52.33321,0
          -0.12048,52.33317,0
          -0.1204,52.33311,0
          -0.12026,52.33308,0
          -0.12009,52.33308,0
          -0.12026,52.33294,0
          -0.11948,52.33273,0
          -0.11883,52.33265,0
          -0.11801,52.33247,0
          -0.1177,52.33247,0
          -0.11748,52.33244,0
          -0.11638,52.33216,0
          -0.11612,52.33203,0
          -0.11583,52.33182,0
          -0.11549,52.33151,0
          -0.11545,52.3315,0
          -0.1154,52.33147,0
          -0.11438,52.33119,0
          -0.11104,52.33059,0
          -0.11089,52.33059,0
          -0.11074,52.33062,0
          -0.11048,52.33072,0
          -0.10995,52.33068,0
          -0.10989,52.33066,0
          -0.10985,52.33066,0
          -0.10799,52.33008,0
          -0.10625,52.32963,0
          -0.10472,52.3291,0
          -0.10471,52.32909,0
          -0.10279,52.3286,0
          -0.09941,52.32797,0
          -0.0988,52.32791,0
          -0.09241,52.32813,0
          -0.09017,52.32809,0
          -0.08904,52.32798,0
          -0.08801,52.32794,0
          -0.0834,52.32822,0
          -0.08317,52.3283,0
          -0.08261,52.32778,0
          -0.08207,52.32751,0
          -0.08116,52.32721,0
          -0.08096,52.32721,0
          -0.07995,52.32683,0
          -0.07981,52.32682,0
          -0.07957,52.32694,0
          -0.07938,52.32696,0
          -0.07921,52.32702,0
          -0.07909,52.32697,0
          -0.0782,52.32677,0
          -0.07841,52.32644,0
          -0.0785,52.32619,0
          -0.07849,52.32614,0
          -0.07845,52.32609,0
          -0.07693,52.32528,0
          -0.07666,52.32509,0
          -0.07545,52.32441,0
          -0.0754,52.32443,0
          -0.07539,52.32444,0
          -0.07529,52.32444,0
          -0.07529,52.32443,0
          -0.07526,52.32443,0
          -0.07526,52.32442,0
          -0.07524,52.32442,0
          -0.07524,52.32441,0
          -0.07522,52.32441,0
          -0.07522,52.3244,0
          -0.07521,52.3244,0
          -0.07521,52.32439,0
          -0.07519,52.32437,0
          -0.07258,52.32323,0
          -0.07246,52.32323,0
          -0.07215,52.32295,0
          -0.07144,52.32272,0
          -0.07012,52.32246,0
          -0.06957,52.32229,0
          -0.06833,52.32161,0
          -0.06827,52.3216,0
          -0.06827,52.32158,0
          -0.06817,52.32158,0
          -0.0663,52.32066,0
          -0.06474,52.31973,0
          -0.06405,52.31914,0
          -0.064,52.31907,0
          -0.06289,52.31841,0
          -0.06203,52.31798,0
          -0.05475,52.31365,0
          -0.05314,52.3129,0
          -0.05132,52.31219,0
          -0.05119,52.31218,0
          -0.04533,52.30995,0
          -0.0428,52.3092,0
          -0.03914,52.30842,0
          -0.03702,52.30813,0
          -0.03223,52.30776,0
          -0.03213,52.30773,0
          -0.03014,52.30769,0
          -0.03003,52.30771,0
          -0.01315,52.3073,0
          -0.01304,52.30727,0
          -0.00767,52.3071,0
          -0.00393,52.30684,0
          -0.00128,52.30645,0
          0.00049,52.30608,0
          0.0436,52.29473,0
          0.0436,52.29472,0
          0.06332,52.28945,0
          0.06446,52.28905,0
          0.06721,52.28782,0
          0.06937,52.2866,0
          0.06988,52.28623,0
          0.07001,52.28628,0
          0.0705,52.28594,0
          0.07051,52.28594,0
          0.07167,52.28499,0
          0.07289,52.28378,0
          0.07377,52.28271,0
          0.07525,52.28,0
          0.07554,52.27916,0
          0.07588,52.27714,0
          0.07602,52.27346,0
          0.076,52.27322,0
          0.07616,52.26999,0
          0.07616,52.26834,0
          0.07613,52.26819,0
          0.07633,52.26749,0
          0.07701,52.26572,0
          0.0772,52.26537,0
          0.07776,52.26453,0
          0.07909,52.26284,0
          0.07976,52.2622,0
          0.08098,52.26117,0
          0.09088,52.25462,0
          0.0923,52.25508,0
          0.09277,52.25519,0
          0.093,52.25519,0
          0.09317,52.25516,0
          0.09395,52.2549,0
          0.09406,52.25488,0
          0.09446,52.25473,0
          0.09433,52.25458,0
          0.09402,52.25412,0
          0.09399,52.25404,0
          0.09398,52.25392,0
          0.09399,52.25385,0
          0.09396,52.2537,0
          0.09392,52.25364,0
          0.09373,52.25348,0
          0.09369,52.25342,0
          0.09368,52.25338,0
          0.09369,52.25326,0
          0.0938,52.25315,0
          0.0943,52.25294,0
          0.09449,52.25279,0
          0.09465,52.25249,0
          0.0948,52.25244,0
          0.09465,52.2522,0
          0.09605,52.25132,0
          0.09609,52.25124,0
          0.09648,52.25108,0
          0.09719,52.25089,0
          0.09795,52.25076,0
          0.09911,52.25048,0
          0.09941,52.25033,0
          0.10177,52.24972,0
          0.10409,52.24923,0
          0.10422,52.24915,0
          0.10767,52.2484,0
          0.10781,52.2484,0
          0.108,52.2482,0
          0.10847,52.24795,0
          0.1086,52.24792,0
          0.1086,52.24779,0
          0.10871,52.24717,0
          0.1088,52.24691,0
          0.10898,52.24654,0
          0.1095,52.24574,0
          0.10971,52.24524,0
          0.10978,52.24517,0
          0.10986,52.24513,0
          0.1098,52.2451,0
          0.10978,52.24503,0
          0.11006,52.24431,0
          0.1106,52.24314,0
          0.11065,52.24291,0
          0.11067,52.24214,0
          0.12978,52.23587,0
          0.13,52.23574,0
          0.13631,52.23363,0
          0.1363,52.2336,0
          0.13634,52.23354,0
          0.13657,52.23342,0
          0.13657,52.23341,0
          0.13658,52.2334,0
          0.13657,52.23339,0
          0.13701,52.23315,0
          0.1396,52.2314,0
          0.13971,52.23135,0
          0.14375,52.22868,0
          0.14388,52.22862,0
          0.14474,52.22805,0
          0.14489,52.22798,0
          0.14514,52.22782,0
          0.14523,52.22769,0
          0.14709,52.22628,0
          0.14805,52.22534,0
          0.14831,52.22502,0
          0.14871,52.2244,0
          0.14877,52.22436,0
          0.14894,52.22435,0
          0.14929,52.22401,0
          0.14959,52.22377,0
          0.14974,52.2237,0
          0.14991,52.22348,0
          0.1521,52.22189,0
          0.15227,52.22194,0
          0.15233,52.22193,0
          0.15354,52.22128,0
          0.1543,52.22093,0
          0.15436,52.22076,0
          0.15457,52.22058,0
          0.15491,52.2204,0
          0.15516,52.22038,0
          0.15534,52.22012,0
          0.1556,52.22017,0
          0.15577,52.22023,0
          0.15707,52.22038,0
          0.15694,52.22059,0
          0.15692,52.22051,0
          0.15664,52.22,0
          0.15653,52.21985,0
          0.15676,52.21996,0
          0.1568,52.22,0
          0.15682,52.22004,0
          0.15688,52.22002,0
          0.15776,52.22009,0
          0.15778,52.2201,0
          0.15828,52.22012,0
          0.16032,52.22045,0
          0.16041,52.22044,0
          0.16255,52.22099,0
          0.16264,52.22103,0
          0.16571,52.22166,0
          0.16618,52.22166,0
          0.16666,52.22158,0
          0.16711,52.22145,0
          0.16723,52.22144,0
          0.16729,52.22145,0
          0.16736,52.22149,0
          0.16741,52.22157,0
          0.16745,52.22161,0
          0.16747,52.22161,0
          0.16749,52.22162,0
          0.1699,52.22118,0
          0.17709,52.21931,0
          0.17899,52.21889,0
          0.18304,52.21779,0
          0.18665,52.21693,0
          0.18757,52.21679,0
          0.19115,52.21593,0
          0.19229,52.21574,0
          0.19295,52.21556,0
          0.19296,52.21555,0
          0.20166,52.21332,0
          0.20237,52.21302,0
          0.20286,52.21274,0
          0.20606,52.21238,0
          0.20669,52.21239,0
          0.20729,52.21246,0
          0.20907,52.21283,0
          0.2091,52.21277,0
          0.21054,52.21294,0
          0.21183,52.21288,0
          0.21263,52.21275,0
          0.21405,52.21232,0
          0.21424,52.21224,0
          0.21449,52.21217,0
          0.21495,52.21212,0
          0.21551,52.21218,0
          0.21588,52.21232,0
          0.21606,52.21243,0
          0.21627,52.21266,0
          0.21636,52.21283,0
          0.21644,52.21305,0
          0.21652,52.2134,0
          0.21666,52.21365,0
          0.2168,52.21375,0
          0.21693,52.21393,0
          0.21695,52.21403,0
          0.21692,52.21441,0
          0.21689,52.21448,0
          0.21689,52.2145,0
          0.21681,52.21462,0
          0.21672,52.2147,0
          0.21646,52.21483,0
          0.21635,52.21494,0
          0.21627,52.21499,0
          0.21621,52.21509,0
          0.21619,52.21517,0
          0.21621,52.21531,0
          0.21638,52.21552,0
          0.21673,52.21576,0
          0.21689,52.21584,0
          0.21726,52.21597,0
          0.21775,52.21609,0
          0.22125,52.21655,0
          0.22144,52.21662,0
          0.22421,52.21722,0
          0.23432,52.21896,0
          0.23541,52.21908,0
          0.23832,52.21909,0
          0.23837,52.21904,0
          0.23853,52.21896,0
          0.24111,52.21811,0
          0.24203,52.21765,0
          0.24277,52.21711,0
          0.24282,52.21705,0
          0.2442,52.21597,0
          0.25306,52.21054,0
          0.25339,52.2103,0
          0.25526,52.2085,0
          0.256,52.20797,0
          0.25692,52.20742,0
          0.25894,52.20649,0
          0.25907,52.20646,0
          0.26249,52.20496,0
          0.28409,52.1981,0
          0.28494,52.19778,0
          0.29693,52.19256,0
          0.29704,52.19253,0
          0.29795,52.19211,0
          0.29966,52.19113,0
          0.30114,52.19054,0
          0.30115,52.19053,0
          0.30245,52.19012,0
          0.30864,52.18745,0
          0.30893,52.18729,0
          0.31128,52.1863,0
          0.31843,52.18357,0
          0.31845,52.18357,0
          0.32085,52.18242,0
          0.32087,52.18242,0
          0.33111,52.17835,0
          0.33111,52.17834,0
          0.33423,52.17711,0
          0.3345,52.17706,0
          0.33554,52.17697,0
          0.33556,52.17696,0
          0.34,52.17627,0
          0.34227,52.1758,0
          0.34429,52.17561,0
          0.34567,52.1754,0
          0.34674,52.17517,0
          0.34712,52.17505,0
          0.34713,52.17504,0
          0.34739,52.17495,0
          0.34741,52.17495,0
          0.35091,52.17376,0
          0.35093,52.17376,0
          0.3526,52.17318,0
          0.35742,52.17183,0
          0.35881,52.17158,0
          0.36016,52.17143,0
          0.36067,52.17143,0
          0.3651,52.17171,0
          0.36699,52.17169,0
          0.3677,52.17162,0
          0.36831,52.17144,0
          0.36855,52.17132,0
          0.36885,52.17111,0
          0.36886,52.17109,0
          0.36933,52.17069,0
          0.36935,52.17066,0
          0.36964,52.17041,0
          0.36967,52.1704,0
          0.37033,52.16992,0
          0.37088,52.16962,0
          0.37113,52.16953,0
          0.37125,52.16951,0
          0.37216,52.16919,0
          0.37219,52.16919,0
          0.37241,52.16913,0
          0.37242,52.16912,0
          0.37349,52.1689,0
          0.37522,52.16874,0
          0.37756,52.16828,0
          0.37827,52.16806,0
          0.37846,52.16795,0
          0.37863,52.16793,0
          0.37881,52.16787,0
          0.37994,52.16735,0
          0.3805,52.16714,0
          0.38178,52.16687,0
          0.38247,52.16666,0
          0.38322,52.16636,0
          0.38379,52.16606,0
          0.38489,52.16523,0
          0.38573,52.16472,0
          0.38633,52.16423,0
          0.38641,52.16414,0
          0.38734,52.16335,0
          0.38738,52.16333,0
          0.38803,52.16274,0
          0.38974,52.16268,0
          0.38976,52.16267,0
          0.39147,52.16254,0
          0.39164,52.16255,0
          0.39209,52.16265,0
          0.39241,52.16276,0
          0.39286,52.16283,0
          0.39386,52.16282,0
          0.39546,52.16266,0
          0.39701,52.16234,0
          0.39983,52.16195,0
          0.40048,52.16193,0
          0.4005,52.16194,0
          0.40226,52.16202,0
          0.40325,52.16195,0
          0.40534,52.16212,0
          0.40583,52.16208,0
          0.40829,52.16151,0
          0.4111,52.16031,0
          0.41111,52.1603,0
          0.41154,52.16021,0
          0.41172,52.16021,0
          0.41311,52.16037,0
          0.4155,52.16053,0
          0.41566,52.16052,0
          0.41646,52.16023,0
          0.41699,52.16013,0
          0.41887,52.16011,0
          0.41948,52.16001,0
          0.42034,52.15976,0
          0.42251,52.15942,0
          0.4233,52.15915,0
          0.42704,52.15743,0
          0.42821,52.15706,0
          0.43022,52.15626,0
          0.43044,52.15614,0
          0.43048,52.15613,0
          0.43192,52.15497,0
          0.43284,52.15397,0
          0.43348,52.15339,0
          0.43381,52.15314,0
          0.43545,52.15212,0
          0.43629,52.15174,0
          0.4368,52.15169,0
          0.43863,52.15174,0
          0.43889,52.15168,0
          0.43889,52.15167,0
          0.43909,52.15157,0
          0.43967,52.15108,0
          0.44056,52.15009,0
          0.44069,52.14989,0
          0.44077,52.14972,0
          0.44101,52.14894,0
          0.44115,52.14865,0
          0.44162,52.14804,0
          0.44195,52.1475,0
          0.44223,52.14716,0
          0.44259,52.14681,0
          0.4426,52.14679,0
          0.44299,52.14648,0
          0.44481,52.14545,0
          0.44481,52.14544,0
          0.44482,52.14544,0
          0.44518,52.14513,0
          0.44537,52.14489,0
          0.44549,52.14465,0
          0.44554,52.14443,0
          0.44556,52.14395,0
          0.44564,52.1434,0
          0.44571,52.14321,0
          0.44596,52.14272,0
          0.44619,52.14193,0
          0.44633,52.14099,0
          0.44665,52.13986,0
          0.44675,52.13915,0
          0.44678,52.13906,0
          0.44679,52.13897,0
          0.44689,52.13861,0
          0.4469,52.1386,0
          0.44695,52.13844,0
          0.44696,52.13844,0
          0.4473,52.13734,0
          0.44755,52.13631,0
          0.44756,52.1363,0
          0.44765,52.13595,0
          0.44766,52.13594,0
          0.44776,52.1356,0
          0.44779,52.13532,0
          0.44778,52.13479,0
          0.44788,52.13447,0
          0.44796,52.13436,0
          0.44796,52.13434,0
          0.44825,52.13407,0
          0.44864,52.13349,0
          0.44936,52.13193,0
          0.44941,52.13172,0
          0.44942,52.13157,0
          0.44943,52.13155,0
          0.44951,52.13082,0
          0.44966,52.13016,0
          0.44995,52.12924,0
          0.44999,52.12894,0
          0.44998,52.12859,0
          0.44989,52.12802,0
          0.45004,52.12667,0
          0.44998,52.12575,0
          0.44999,52.12551,0
          0.45001,52.12544,0
          0.45026,52.12509,0
          0.45102,52.12369,0
          0.45104,52.12363,0
          0.45266,52.12062,0
          0.45323,52.11988,0
          0.45374,52.11904,0
          0.45402,52.11868,0
          0.45402,52.11867,0
          0.45494,52.11732,0
          0.45528,52.11659,0
          0.45571,52.11602,0
          0.45591,52.11583,0
          0.45637,52.1155,0
          0.45671,52.11533,0
          0.45759,52.11502,0
          0.45782,52.11491,0
          0.45815,52.11467,0
          0.45839,52.11442,0
          0.45854,52.11419,0
          0.45865,52.11391,0
          0.45866,52.1139,0
          0.45922,52.11069,0
          0.45931,52.11044,0
          0.45943,52.11022,0
          0.45954,52.11009,0
          0.46075,52.10907,0
          0.46139,52.10843,0
          0.46139,52.10842,0
          0.46182,52.10782,0
          0.46226,52.10704,0
          0.46249,52.10677,0
          0.46254,52.10673,0
          0.46289,52.1066,0
          0.46305,52.10658,0
          0.46613,52.10665,0
          0.4667,52.10659,0
          0.46731,52.10647,0
          0.46787,52.10628,0
          0.46813,52.10612,0
          0.46839,52.1058,0
          0.46844,52.1057,0
          0.46844,52.10567,0
          0.46859,52.1052,0
          0.46863,52.10514,0
          0.46878,52.105,0
          0.46892,52.10491,0
          0.46979,52.10456,0
          0.47167,52.10328,0
          0.4726,52.10273,0
          0.47296,52.10244,0
          0.47327,52.10204,0
          0.47338,52.10193,0
          0.47339,52.10193,0
          0.47421,52.10133,0
          0.47505,52.10047,0
          0.47534,52.1001,0
          0.47503,52.09998,0
          0.47552,52.09951,0
          0.47645,52.09906,0
          0.47697,52.09862,0
          0.47716,52.0984,0
          0.478,52.09718,0
          0.47966,52.09536,0
          0.4797,52.09529,0
          0.48008,52.09482,0
          0.48012,52.09475,0
          0.48055,52.09425,0
          0.48059,52.09418,0
          0.48068,52.0941,0
          0.48127,52.09324,0
          0.48653,52.09457,0
          0.4866,52.0946,0
          0.48688,52.09479,0
          0.48712,52.09489,0
          0.48822,52.09495,0
          0.48832,52.09497,0
          0.48973,52.09503,0
          0.4902,52.09482,0
          0.4905,52.09447,0
          0.49063,52.0944,0
          0.49172,52.09401,0
          0.49183,52.094,0
          0.49216,52.0939,0
          0.49296,52.09386,0
          0.4944,52.09401,0
          0.49529,52.09401,0
          0.49646,52.09391,0
          0.49754,52.09371,0
          0.49841,52.09361,0
          0.49909,52.09364,0
          0.49993,52.09375,0
          0.50131,52.09379,0
          0.50143,52.09375,0
          0.50188,52.09336,0
          0.50224,52.09316,0
          0.50264,52.09306,0
          0.50375,52.09298,0
          0.5043,52.09303,0
          0.50442,52.09308,0
          0.50459,52.09323,0
          0.5046,52.09323,0
          0.5046,52.09324,0
          0.50484,52.09343,0
          0.50556,52.09389,0
          0.50557,52.09389,0
          0.50565,52.09394,0
          0.50579,52.09399,0
          0.5058,52.094,0
          0.50598,52.09407,0
          0.50627,52.09414,0
          0.50646,52.09416,0
          0.50795,52.0941,0
          0.50827,52.09405,0
          0.50906,52.09381,0
          0.50907,52.0938,0
          0.5097,52.09365,0
          0.51051,52.09366,0
          0.51217,52.09382,0
          0.51261,52.09399,0
          0.51295,52.09423,0
          0.51299,52.09431,0
          0.51311,52.09481,0
          0.51317,52.0949,0
          0.51322,52.09494,0
          0.51519,52.09537,0
          0.51704,52.09567,0
          0.51866,52.09584,0
          0.51954,52.09604,0
          0.52022,52.09607,0
          0.52223,52.09582,0
          0.52325,52.09557,0
          0.52423,52.09543,0
          0.5263,52.09553,0
          0.52839,52.09545,0
          0.53015,52.09573,0
          0.5306,52.09588,0
          0.53133,52.09628,0
          0.53157,52.09638,0
          0.53166,52.0964,0
          0.53198,52.09653,0
          0.53233,52.0965,0
          0.53451,52.09558,0
          0.53499,52.09546,0
          0.53575,52.0954,0
          0.5401,52.09531,0
          0.54231,52.09518,0
          0.54456,52.0948,0
          0.5472,52.09409,0
          0.54736,52.09402,0
          0.54749,52.09377,0
          0.54759,52.09365,0
          0.54769,52.09359,0
          0.54783,52.09356,0
          0.54868,52.0936,0
          0.54894,52.09357,0
          0.54977,52.09335,0
          0.55048,52.09329,0
          0.55174,52.09328,0
          0.55264,52.09318,0
          0.55447,52.09313,0
          0.55482,52.09319,0
          0.5553,52.09334,0
          0.5559,52.0937,0
          0.55631,52.09387,0
          0.55699,52.09391,0
          0.55828,52.09381,0
          0.55931,52.09387,0
          0.56063,52.09378,0
          0.56096,52.09373,0
          0.56287,52.09323,0
          0.56434,52.09267,0
          0.5645,52.09266,0
          0.56454,52.09261,0
          0.56476,52.09251,0
          0.56572,52.09221,0
          0.56696,52.09164,0
          0.56838,52.09072,0
          0.56867,52.09063,0
          0.57021,52.09034,0
          0.57311,52.09011,0
          0.57396,52.08998,0
          0.576,52.08946,0
          0.57745,52.089,0
          0.57878,52.08846,0
          0.57975,52.08817,0
          0.58022,52.08786,0
          0.58202,52.0865,0
          0.58221,52.08632,0
          0.58241,52.08607,0
          0.58252,52.08586,0
          0.58263,52.08555,0
          0.58268,52.08529,0
          0.58263,52.08468,0
          0.5826,52.08462,0
          0.58259,52.08452,0
          0.5825,52.08424,0
          0.58208,52.08332,0
          0.58198,52.0829,0
          0.58198,52.08283,0
          0.58197,52.08282,0
          0.58179,52.08174,0
          0.58176,52.08165,0
          0.58176,52.08162,0
          0.58112,52.08031,0
          0.58105,52.08023,0
          0.58092,52.07997,0
          0.58092,52.07992,0
          0.58096,52.07986,0
          0.58111,52.07982,0
          0.58134,52.07968,0
          0.58141,52.07957,0
          0.58156,52.07867,0
          0.58165,52.07865,0
          0.58188,52.07873,0
          0.58317,52.07889,0
          0.58487,52.079,0
          0.58762,52.07897,0
          0.58872,52.07904,0
          0.59046,52.07903,0
          0.59059,52.07901,0
          0.59313,52.07902,0
          0.59533,52.07913,0
          0.59543,52.07912,0
          0.5985,52.07942,0
          0.6024,52.08039,0
          0.60477,52.08107,0
          0.60517,52.08109,0
          0.60596,52.08102,0
          0.60786,52.08101,0
          0.61017,52.08071,0
          0.6125,52.08053,0
          0.61312,52.08055,0
          0.6162,52.08101,0
          0.61839,52.08148,0
          0.62001,52.08172,0
          0.62014,52.08171,0
          0.62049,52.08175,0
          0.62108,52.08176,0
          0.6215,52.08173,0
          0.62254,52.08157,0
          0.6233,52.08154,0
          0.62689,52.08202,0
          0.6285,52.08231,0
          0.62887,52.08241,0
          0.62931,52.08259,0
          0.63058,52.08325,0
          0.63108,52.08359,0
          0.63221,52.08482,0
          0.6326,52.08536,0
          0.63268,52.08543,0
          0.63284,52.08565,0
          0.63291,52.0858,0
          0.63293,52.08589,0
          0.6329,52.08616,0
          0.63295,52.08628,0
          0.63304,52.08642,0
          0.6333,52.08673,0
          0.63344,52.08686,0
          0.63369,52.08703,0
          0.63413,52.0872,0
          0.63443,52.08727,0
          0.63733,52.08735,0
          0.63767,52.08741,0
          0.63926,52.08746,0
          0.63957,52.08741,0
          0.64009,52.08723,0
          0.6405,52.08713,0
          0.64111,52.08705,0
          0.64121,52.08679,0
          0.64143,52.08638,0
          0.64144,52.08628,0
          0.64145,52.08627,0
          0.64147,52.08585,0
          0.64156,52.08551,0
          0.64203,52.08484,0
          0.64209,52.08468,0
          0.64211,52.08454,0
          0.64221,52.08423,0
          0.64232,52.08412,0
          0.64232,52.08411,0
          0.64275,52.08365,0
          0.64299,52.08346,0
          0.6431,52.0834,0
          0.64352,52.08328,0
          0.64477,52.08311,0
          0.64625,52.08301,0
          0.64637,52.08302,0
          0.64747,52.08296,0
          0.65012,52.08239,0
          0.65058,52.08236,0
          0.65146,52.08242,0
          0.65167,52.08238,0
          0.65186,52.08229,0
          0.65225,52.08194,0
          0.65248,52.08164,0
          0.65298,52.08077,0
          0.65313,52.08063,0
          0.65332,52.08058,0
          0.65341,52.08058,0
          0.65363,52.08064,0
          0.65484,52.08119,0
          0.65506,52.08121,0
          0.65519,52.0812,0
          0.65588,52.08096,0
          0.6561,52.08083,0
          0.65665,52.08042,0
          0.65681,52.08024,0
          0.65774,52.07954,0
          0.6579,52.07938,0
          0.65802,52.07922,0
          0.65818,52.07887,0
          0.65835,52.07836,0
          0.65841,52.07826,0
          0.65907,52.07653,0
          0.6593,52.07612,0
          0.65999,52.07538,0
          0.66015,52.07509,0
          0.66015,52.07499,0
          0.66017,52.07495,0
          0.66029,52.07487,0
          0.66125,52.07473,0
          0.66265,52.0744,0
          0.6653,52.07417,0
          0.66597,52.07417,0
          0.66717,52.07437,0
          0.66734,52.07437,0
          0.66804,52.07411,0
          0.66844,52.0739,0
          0.66888,52.07356,0
          0.66929,52.07332,0
          0.6709,52.07278,0
          0.67176,52.07235,0
          0.67226,52.072,0
          0.67277,52.07151,0
          0.67326,52.07126,0
          0.67329,52.07126,0
          0.67473,52.0707,0
          0.675,52.07047,0
          0.67511,52.07033,0
          0.67543,52.06976,0
          0.67556,52.06967,0
          0.67563,52.06964,0
          0.67583,52.06961,0
          0.67596,52.06962,0
          0.67728,52.0699,0
          0.67754,52.06991,0
          0.67794,52.06981,0
          0.67815,52.06981,0
          0.6785,52.06988,0
          0.67863,52.06993,0
          0.67927,52.07007,0
          0.68065,52.07005,0
          0.68214,52.07013,0
          0.68276,52.0701,0
          0.68501,52.06975,0
          0.68619,52.06963,0
          0.68677,52.06951,0
          0.68722,52.06935,0
          0.68776,52.06907,0
          0.68817,52.06881,0
          0.68923,52.06802,0
          0.68981,52.06769,0
          0.68995,52.06758,0
          0.69026,52.0674,0
          0.69064,52.06728,0
          0.69144,52.06712,0
          0.69145,52.06711,0
          0.69227,52.06694,0
          0.69267,52.06682,0
          0.69365,52.06634,0
          0.69542,52.06578,0
          0.69572,52.06561,0
          0.69573,52.06561,0
          0.69619,52.06531,0
          0.6964,52.06514,0
          0.69668,52.06478,0
          0.69692,52.06422,0
          0.697,52.06412,0
          0.69714,52.06401,0
          0.69749,52.06385,0
          0.69787,52.06358,0
          0.6982,52.06343,0
          0.69886,52.06331,0
          0.69952,52.06324,0
          0.70094,52.06318,0
          0.70119,52.06313,0
          0.70137,52.06302,0
          0.70227,52.06203,0
          0.70247,52.06174,0
          0.70247,52.06173,0
          0.70277,52.06131,0
          0.70333,52.0608,0
          0.70334,52.06078,0
          0.70422,52.05989,0
          0.70437,52.05977,0
          0.70456,52.05966,0
          0.70468,52.05962,0
          0.70491,52.05958,0
          0.7054,52.0596,0
          0.70657,52.05974,0
          0.7072,52.05987,0
          0.70747,52.05997,0
          0.70759,52.06005,0
          0.70781,52.06032,0
          0.70838,52.06086,0
          0.70854,52.06109,0
          0.70871,52.0612,0
          0.70899,52.06128,0
          0.70914,52.0613,0
          0.70923,52.06133,0
          0.71118,52.06166,0
          0.7112,52.06156,0
          0.71252,52.05823,0
          0.7128,52.0578,0
          0.71442,52.0561,0
          0.71471,52.05593,0
          0.71505,52.0558,0
          0.71509,52.05574,0
          0.71516,52.0557,0
          0.71529,52.05566,0
          0.71534,52.05566,0
          0.71537,52.05565,0
          0.71557,52.05568,0
          0.71563,52.05571,0
          0.71575,52.05573,0
          0.71631,52.05569,0
          0.72691,52.05309,0
          0.72691,52.05308,0
          0.72986,52.05234,0
          0.72997,52.05233,0
          0.73022,52.05226,0
          0.73063,52.05209,0
          0.73064,52.05208,0
          0.73064,52.05207,0
          0.73065,52.05207,0
          0.73065,52.05206,0
          0.73066,52.05206,0
          0.73066,52.05205,0
          0.73067,52.05205,0
          0.73071,52.05201,0
          0.73073,52.05201,0
          0.73074,52.052,0
          0.73086,52.052,0
          0.73086,52.05201,0
          0.73091,52.05201,0
          0.73093,52.05202,0
          0.73145,52.05196,0
          0.73357,52.0514,0
          0.73358,52.05138,0
          0.73358,52.05136,0
          0.73359,52.05135,0
          0.73359,52.05134,0
          0.7336,52.05134,0
          0.7336,52.05133,0
          0.73363,52.0513,0
          0.73364,52.0513,0
          0.73365,52.05129,0
          0.73366,52.05129,0
          0.73367,52.05128,0
          0.73369,52.05128,0
          0.7337,52.05127,0
          0.73372,52.05127,0
          0.73373,52.05126,0
          0.73391,52.05124,0
          0.73394,52.05125,0
          0.73395,52.05126,0
          0.73399,52.05127,0
          0.73403,52.05131,0
          0.7342,52.05126,0
          0.73436,52.05125,0
          0.73838,52.0502,0
          0.73931,52.04987,0
          0.74487,52.0472,0
          0.74485,52.04708,0
          0.74488,52.04701,0
          0.74502,52.04688,0
          0.74506,52.04686,0
          0.74535,52.04681,0
          0.74552,52.04684,0
          0.74569,52.04691,0
          0.74697,52.04636,0
          0.75018,52.04529,0
          0.75037,52.0452,0
          0.75078,52.04492,0
          0.75097,52.04473,0
          0.75113,52.04451,0
          0.75122,52.04453,0
          0.75124,52.04451,0
          0.75136,52.04422,0
          0.7516,52.04308,0
          0.75166,52.04299,0
          0.75168,52.04275,0
          0.75188,52.04211,0
          0.75242,52.04093,0
          0.75241,52.04083,0
          0.75249,52.04078,0
          0.75272,52.04039,0
          0.75357,52.04052,0
          0.7536,52.04046,0
          0.75601,52.0406,0
          0.75863,52.04096,0
          0.76084,52.04141,0
          0.76085,52.04142,0
          0.76243,52.04169,0
          0.76667,52.04183,0
          0.76741,52.04174,0
          0.76966,52.04122,0
          0.77012,52.04104,0
          0.77101,52.04055,0
          0.77103,52.04053,0
          0.77203,52.03998,0
          0.77436,52.03888,0
          0.77566,52.03839,0
          0.77823,52.03762,0
          0.77837,52.03761,0
          0.77959,52.03737,0
          0.7796,52.03736,0
          0.7808,52.03694,0
          0.78084,52.03694,0
          0.78098,52.0369,0
          0.78376,52.03654,0
          0.78429,52.03643,0
          0.78561,52.03605,0
          0.78609,52.03584,0
          0.78676,52.03543,0
          0.7868,52.03539,0
          0.78934,52.03371,0
          0.78939,52.03366,0
          0.78955,52.03358,0
          0.79069,52.03275,0
          0.79075,52.03269,0
          0.79087,52.03261,0
          0.79092,52.03255,0
          0.79112,52.0324,0
          0.79434,52.03093,0
          0.79491,52.03054,0
          0.79528,52.03035,0
          0.79688,52.02976,0
          0.79766,52.02933,0
          0.7981,52.02917,0
          0.80015,52.02874,0
          0.80214,52.02841,0
          0.80307,52.02819,0
          0.80373,52.02796,0
          0.80403,52.02779,0
          0.80561,52.02665,0
          0.80638,52.02578,0
          0.8064,52.02577,0
          0.80656,52.0256,0
          0.80734,52.02502,0
          0.80799,52.0246,0
          0.80802,52.02455,0
          0.80812,52.02461,0
          0.80818,52.02458,0
          0.81002,52.02309,0
          0.81113,52.02248,0
          0.8124,52.02194,0
          0.81477,52.02131,0
          0.8153,52.0211,0
          0.81579,52.02083,0
          0.81652,52.0202,0
          0.81682,52.01987,0
          0.82048,52.01684,0
          0.8221,52.01539,0
          0.82288,52.01459,0
          0.8236,52.01396,0
          0.82389,52.01379,0
          0.82489,52.01343,0
          0.82561,52.01309,0
          0.82579,52.01295,0
          0.82603,52.0127,0
          0.82647,52.01203,0
          0.82671,52.01156,0
          0.82689,52.01091,0
          0.82708,52.01041,0
          0.82749,52.00971,0
          0.82799,52.00907,0
          0.82833,52.00873,0
          0.82886,52.00835,0
          0.82987,52.00779,0
          0.83072,52.00741,0
          0.83287,52.00629,0
          0.83338,52.00612,0
          0.83517,52.00575,0
          0.83653,52.00528,0
          0.83654,52.00527,0
          0.83771,52.00485,0
          0.84239,52.00352,0
          0.84296,52.0033,0
          0.84345,52.00305,0
          0.84414,52.00259,0
          0.84434,52.00241,0
          0.84467,52.00255,0
          0.845,52.00262,0
          0.84603,52.00261,0
          0.84851,52.00245,0
          0.84882,52.00249,0
          0.85,52.00325,0
          0.85006,52.00327,0
          0.85014,52.00333,0
          0.85043,52.00347,0
          0.85201,52.00399,0
          0.85301,52.00439,0
          0.85469,52.0053,0
          0.85489,52.00536,0
          0.85529,52.0054,0
          0.85569,52.00536,0
          0.8563,52.00522,0
          0.85638,52.00522,0
          0.86018,52.00381,0
          0.86172,52.00311,0
          0.86332,52.00252,0
          0.86425,52.00227,0
          0.86499,52.00213,0
          0.86681,52.00193,0
          0.86916,52.00136,0
          0.86917,52.00135,0
          0.87082,52.00101,0
          0.87082,52.001,0
          0.87186,52.0008,0
          0.87227,52.00068,0
          0.87293,52.00037,0
          0.87333,52.00007,0
          0.87344,51.99996,0
          0.87411,51.99879,0
          0.87441,51.99844,0
          0.87479,51.99817,0
          0.87512,51.99802,0
          0.87631,51.99766,0
          0.87671,51.9975,0
          0.87693,51.99738,0
          0.87809,51.99658,0
          0.87895,51.99619,0
          0.87971,51.99597,0
          0.88099,51.99575,0
          0.88281,51.99557,0
          0.88333,51.99536,0
          0.88375,51.99508,0
          0.88412,51.9947,0
          0.88412,51.99469,0
          0.88426,51.99458,0
          0.88488,51.99428,0
          0.88919,51.9913,0
          0.88928,51.99127,0
          0.88944,51.99126,0
          0.89094,51.99177,0
          0.89145,51.99188,0
          0.89266,51.99199,0
          0.89299,51.99197,0
          0.89331,51.99181,0
          0.89354,51.99139,0
          0.89408,51.99072,0
          0.89421,51.99049,0
          0.89423,51.99035,0
          0.89433,51.99,0
          0.89439,51.98988,0
          0.89452,51.98971,0
          0.89458,51.98966,0
          0.8946,51.98963,0
          0.89533,51.98915,0
          0.89533,51.98914,0
          0.89594,51.9887,0
          0.89588,51.98866,0
          0.8963,51.98856,0
          0.89686,51.9885,0
          0.89715,51.98843,0
          0.89836,51.98787,0
          0.90476,51.98543,0
          0.90607,51.9848,0
          0.90827,51.98345,0
          0.90879,51.98323,0
          0.90945,51.98307,0
          0.9098,51.98302,0
          0.91069,51.98276,0
          0.91192,51.98194,0
          0.91231,51.98173,0
          0.91302,51.98144,0
          0.91471,51.9804,0
          0.91506,51.98022,0
          0.91702,51.9796,0
          0.91743,51.97955,0
          0.91806,51.97956,0
          0.9207,51.97993,0
          0.922,51.98004,0
          0.92451,51.98009,0
          0.92591,51.98003,0
          0.92746,51.98023,0
          0.92807,51.98038,0
          0.92808,51.98039,0
          0.92913,51.9807,0
          0.93028,51.98093,0
          0.93039,51.98097,0
          0.93145,51.98109,0
          0.93306,51.98103,0
          0.93454,51.98116,0
          0.93714,51.98166,0
          0.9375,51.98169,0
          0.93801,51.98168,0
          0.94075,51.98112,0
          0.94137,51.98109,0
          0.94137,51.9811,0
          0.94166,51.98111,0
          0.94168,51.98112,0
          0.94248,51.98124,0
          0.94275,51.98131,0
          0.94349,51.98164,0
          0.94399,51.98193,0
          0.94427,51.98203,0
          0.94456,51.98205,0
          0.94747,51.98181,0
          0.94857,51.98143,0
          0.94942,51.98123,0
          0.95043,51.98115,0
          0.95172,51.98078,0
          0.95241,51.98064,0
          0.95581,51.98018,0
          0.95619,51.98021,0
          0.95636,51.98026,0
          0.95901,51.9814,0
          0.9596,51.98157,0
          0.96072,51.98174,0
          0.96097,51.98161,0
          0.96123,51.98138,0
          0.96132,51.98138,0
          0.9613,51.98122,0
          0.96131,51.98096,0
          0.96133,51.98087,0
          0.96145,51.98059,0
          0.96166,51.98033,0
          0.96192,51.98014,0
          0.96333,51.9795,0
          0.96421,51.97939,0
          0.96571,51.97902,0
          0.96656,51.97873,0
          0.9675,51.9783,0
          0.96869,51.97784,0
          0.96951,51.97743,0
          0.97097,51.97682,0
          0.9715,51.97664,0
          0.97209,51.97652,0
          0.97277,51.9763,0
          0.97344,51.97601,0
          0.97351,51.97595,0
          0.97459,51.97554,0
          0.9757,51.97525,0
          0.97698,51.9746,0
          0.97701,51.97439,0
          0.97698,51.97415,0
          0.97699,51.97398,0
          0.97704,51.97383,0
          0.97716,51.97367,0
          0.97758,51.97331,0
          0.97803,51.9731,0
          0.97803,51.97309,0
          0.97928,51.97266,0
          0.98047,51.97213,0
          0.98099,51.97199,0
          0.98112,51.97191,0
          0.98113,51.97191,0
          0.98155,51.97155,0
          0.98335,51.97236,0
          0.98359,51.97243,0
          0.984,51.97243,0
          0.98551,51.97214,0
          0.9864,51.9722,0
          0.98712,51.97232,0
          0.98722,51.97232,0
          0.98722,51.97223,0
          0.98729,51.97203,0
          0.98749,51.97173,0
          0.98754,51.97169,0
          0.98763,51.97165,0
          0.98765,51.97165,0
          0.9877,51.97163,0
          0.98831,51.97163,0
          0.98873,51.97152,0
          0.98887,51.97146,0
          0.9896,51.97088,0
          0.98974,51.9708,0
          0.99027,51.97058,0
          0.99058,51.97038,0
          0.99116,51.96983,0
          0.99133,51.96931,0
          0.99142,51.96867,0
          0.99148,51.96857,0
          0.99157,51.9685,0
          0.99198,51.9683,0
          0.99204,51.96824,0
          0.99207,51.96817,0
          0.99206,51.96808,0
          0.99184,51.96776,0
          0.99154,51.96721,0
          0.99145,51.96684,0
          0.99143,51.96666,0
          0.99142,51.96665,0
          0.9914,51.96634,0
          0.99142,51.96622,0
          0.99149,51.96608,0
          0.99247,51.96493,0
          0.9939,51.96344,0
          0.99403,51.96324,0
          0.99781,51.96408,0
          0.99866,51.96409,0
          1.00053,51.9639,0
          1.00372,51.96395,0
          1.00417,51.9639,0
          1.00655,51.96382,0
          1.00825,51.96369,0
          1.0078,51.96338,0
          1.00769,51.96324,0
          1.00764,51.9631,0
          1.00764,51.96295,0
          1.00763,51.96292,0
          1.00763,51.96283,0
          1.00768,51.9626,0
          1.00797,51.9624,0
          1.00806,51.96245,0
          1.0081,51.96243,0
          1.0082,51.96245,0
          1.00851,51.96242,0
          1.00971,51.96207,0
          1.01023,51.96187,0
          1.01026,51.96182,0
          1.01025,51.96175,0
          1.0101,51.9615,0
          1.01007,51.96139,0
          1.01008,51.96122,0
          1.01016,51.96113,0
          1.01032,51.96108,0
          1.0109,51.96104,0
          1.01156,51.96107,0
          1.01176,51.96103,0
          1.01247,51.9608,0
          1.01318,51.96033,0
          1.01343,51.96012,0
          1.01371,51.95996,0
          1.0154,51.95932,0
          1.01543,51.9593,0
          1.01632,51.95897,0
          1.01644,51.95895,0
          1.01667,51.95896,0
          1.01884,51.95943,0
          1.01956,51.95953,0
          1.01958,51.95956,0
          1.01987,51.9594,0
          1.02051,51.95894,0
          1.02091,51.95855,0
          1.02095,51.95848,0
          1.02101,51.95788,0
          1.02102,51.95787,0
          1.02102,51.95782,0
          1.02106,51.95771,0
          1.02115,51.95757,0
          1.02151,51.95729,0
          1.02172,51.95718,0
          1.02187,51.95707,0
          1.02208,51.95684,0
          1.02222,51.95663,0
          1.02234,51.95629,0
          1.02236,51.95594,0
          1.02226,51.95532,0
          1.02226,51.95492,0
          1.02222,51.95479,0
          1.02222,51.95467,0
          1.02227,51.95455,0
          1.02231,51.95429,0
          1.0223,51.95423,0
          1.02234,51.95358,0
          1.02236,51.95354,0
          1.0224,51.95352,0
          1.02419,51.95337,0
          1.02478,51.95336,0
          1.02521,51.9534,0
          1.02593,51.95358,0
          1.026,51.95358,0
          1.02676,51.95374,0
          1.0272,51.95375,0
          1.02729,51.95373,0
          1.02901,51.95302,0
          1.02937,51.95295,0
          1.02945,51.95296,0
          1.03015,51.95323,0
          1.03017,51.95323,0
          1.03122,51.95363,0
          1.03127,51.95367,0
          1.03138,51.95372,0
          1.03203,51.95422,0
          1.03373,51.95497,0
          1.03443,51.9552,0
          1.03464,51.95522,0
          1.03482,51.95516,0
          1.03579,51.95471,0
          1.03678,51.9544,0
          1.03761,51.95408,0
          1.03789,51.95402,0
          1.0389,51.95408,0
          1.04016,51.95429,0
          1.04131,51.95474,0
          1.0416,51.9549,0
          1.0424,51.95551,0
          1.04249,51.95554,0
          1.0426,51.95555,0
          1.04317,51.95545,0
          1.0434,51.95538,0
          1.04434,51.95496,0
          1.04484,51.95458,0
          1.04569,51.95403,0
          1.04589,51.95395,0
          1.04677,51.9537,0
          1.04804,51.95344,0
          1.05118,51.95306,0
          1.05148,51.95309,0
          1.05175,51.95302,0
          1.05225,51.9528,0
          1.0524,51.95271,0
          1.05181,51.95253,0
          1.05048,51.95233,0
          1.05025,51.95227,0
          1.0499,51.95213,0
          1.0497,51.952,0
          1.04951,51.95182,0
          1.04924,51.95147,0
          1.04894,51.95081,0
          1.04904,51.9508,0
          1.04905,51.95067,0
          1.04893,51.95035,0
          1.04892,51.95026,0
          1.04884,51.95005,0
          1.0488,51.95,0
          1.04878,51.94999,0
          1.04854,51.94945,0
          1.04839,51.94877,0
          1.04836,51.94874,0
          1.04831,51.94872,0
          1.04841,51.94859,0
          1.04858,51.9485,0
          1.0487,51.94841,0
          1.0489,51.94848,0
          1.04929,51.94853,0
          1.04954,51.94851,0
          1.05261,51.94768,0
          1.05554,51.94706,0
          1.05599,51.94701,0
          1.05719,51.94701,0
          1.05813,51.94687,0
          1.05865,51.94669,0
          1.05995,51.94587,0
          1.06008,51.94581,0
          1.06035,51.94561,0
          1.06081,51.94549,0
          1.06219,51.94538,0
          1.06381,51.94547,0
          1.0644,51.94545,0
          1.06456,51.94547,0
          1.06563,51.94543,0
          1.06578,51.9454,0
          1.06617,51.94538,0
          1.06623,51.9454,0
          1.06628,51.94544,0
          1.06642,51.94572,0
          1.06652,51.94578,0
          1.06661,51.9458,0
          1.06945,51.94595,0
          1.07112,51.94614,0
          1.07303,51.9466,0
          1.07359,51.94668,0
          1.07456,51.94672,0
          1.07564,51.94658,0
          1.0759,51.94651,0
          1.07591,51.9465,0
          1.07647,51.94629,0
          1.07702,51.94601,0
          1.0777,51.94578,0
          1.07784,51.94571,0
          1.07805,51.94566,0
          1.07932,51.94475,0
          1.08052,51.94426,0
          1.08154,51.94401,0
          1.08266,51.94388,0
          1.08314,51.94374,0
          1.08317,51.94372,0
          1.08414,51.94357,0
          1.08571,51.94347,0
          1.0859,51.94341,0
          1.08603,51.94339,0
          1.08613,51.94335,0
          1.08626,51.94324,0
          1.08632,51.94313,0
          1.08635,51.943,0
          1.08635,51.94234,0
          1.0864,51.94198,0
          1.08654,51.94151,0
          1.08668,51.94125,0
          1.08687,51.94105,0
          1.08709,51.94098,0
          1.08766,51.94093,0
          1.0888,51.94094,0
          1.08988,51.9408,0
          1.09031,51.94071,0
          1.09095,51.94064,0
          1.09105,51.94061,0
          1.09176,51.94051,0
          1.09187,51.94051,0
          1.09406,51.94022,0
          1.09419,51.94022,0
          1.09564,51.94003,0
          1.0962,51.94002,0
          1.09626,51.94003,0
          1.09636,51.94002,0
          1.09769,51.94009,0
          1.09902,51.94046,0
          1.10042,51.94073,0
          1.10056,51.94073,0
          1.1007,51.9407,0
          1.10088,51.94063,0
          1.1015,51.94019,0
          1.10176,51.94006,0
          1.10196,51.94003,0
          1.10218,51.94003,0
          1.10286,51.94015,0
          1.10345,51.94016,0
          1.10377,51.94011,0
          1.10503,51.93974,0
          1.10787,51.93871,0
          1.10809,51.9387,0
          1.10916,51.939,0
          1.10947,51.93912,0
          1.1099,51.93945,0
          1.11029,51.93963,0
          1.1107,51.93971,0
          1.1111,51.93972,0
          1.11162,51.93963,0
          1.11192,51.93954,0
          1.11211,51.93943,0
          1.11236,51.93924,0
          1.11252,51.93908,0
          1.11264,51.93892,0
          1.1127,51.93876,0
          1.11272,51.93863,0
          1.11272,51.93844,0
          1.11273,51.93842,0
          1.11273,51.93838,0
          1.11279,51.93817,0
          1.11291,51.93799,0
          1.11313,51.93782,0
          1.11391,51.93735,0
          1.11414,51.93717,0
          1.11468,51.93686,0
          1.11546,51.93652,0
          1.11648,51.93578,0
          1.11662,51.93563,0
          1.11671,51.93545,0
          1.11682,51.93511,0
          1.11693,51.93491,0
          1.11728,51.93451,0
          1.11979,51.93451,0
          1.12023,51.93458,0
          1.1204,51.93465,0
          1.12068,51.93486,0
          1.12083,51.93493,0
          1.121,51.93498,0
          1.12137,51.935,0
          1.12206,51.93489,0
          1.12251,51.93474,0
          1.12342,51.93433,0
          1.12564,51.93407,0
          1.12682,51.93384,0
          1.12815,51.93345,0
          1.12972,51.93272,0
          1.13008,51.93261,0
          1.13035,51.9326,0
          1.13102,51.93269,0
          1.1313,51.93269,0
          1.13143,51.93266,0
          1.13163,51.93256,0
          1.13172,51.93249,0
          1.13178,51.93241,0
          1.13199,51.93222,0
          1.13262,51.93179,0
          1.13302,51.93159,0
          1.13423,51.93118,0
          1.13492,51.93085,0
          1.13527,51.93076,0
          1.13565,51.93074,0
          1.13617,51.9308,0
          1.13675,51.93077,0
          1.13774,51.93054,0
          1.13796,51.93045,0
          1.13829,51.93026,0
          1.1387,51.92996,0
          1.13894,51.92988,0
          1.13932,51.92984,0
          1.13996,51.92989,0
          1.14061,51.93002,0
          1.14072,51.93006,0
          1.1416,51.93022,0
          1.14236,51.93028,0
          1.14341,51.9302,0
          1.14342,51.93019,0
          1.14567,51.92991,0
          1.14617,51.92991,0
          1.14621,51.92992,0
          1.14634,51.92991,0
          1.1488,51.93038,0
          1.15076,51.93062,0
          1.15356,51.93139,0
          1.15713,51.93199,0
          1.15776,51.93196,0
          1.15908,51.93169,0
          1.15992,51.93157,0
          1.16093,51.93152,0
          1.16099,51.93153,0
          1.16117,51.9316,0
          1.16121,51.93163,0
          1.16133,51.93183,0
          1.16135,51.93193,0
          1.16138,51.93269,0
          1.1616,51.93282,0
          1.16184,51.93287,0
          1.16574,51.93298,0
          1.1663,51.93293,0
          1.16654,51.93294,0
          1.16664,51.93297,0
          1.16682,51.93307,0
          1.16716,51.93342,0
          1.16725,51.93348,0
          1.16737,51.93352,0
          1.16769,51.93354,0
          1.16944,51.93313,0
          1.16973,51.9331,0
          1.17004,51.93314,0
          1.17133,51.93367,0
          1.17176,51.93377,0
          1.17276,51.93388,0
          1.17312,51.93388,0
          1.17347,51.93383,0
          1.17428,51.93355,0
          1.17711,51.93302,0
          1.17837,51.9327,0
          1.1792,51.93238,0
          1.17946,51.93232,0
          1.17963,51.93232,0
          1.17974,51.93234,0
          1.18198,51.93335,0
          1.1829,51.9334,0
          1.18665,51.93472,0
          1.18701,51.9348,0
          1.1875,51.93484,0
          1.19098,51.93433,0
          1.1918,51.93431,0
          1.19217,51.93439,0
          1.19242,51.93448,0
          1.19292,51.93476,0
          1.19427,51.93513,0
          1.19448,51.93523,0
          1.19448,51.93524,0
          1.19472,51.93533,0
          1.19474,51.93533,0
          1.19563,51.93577,0
          1.19635,51.93619,0
          1.19668,51.93632,0
          1.19754,51.93657,0
          1.19766,51.93657,0
          1.19823,51.93665,0
          1.19889,51.93663,0
          1.19936,51.93654,0
          1.20051,51.93616,0
          1.2027,51.93582,0
          1.20391,51.93535,0
          1.2074,51.93463,0
          1.21078,51.93438,0
          1.211,51.9343,0
          1.21113,51.93421,0
          1.21126,51.93405,0
          1.21194,51.93268,0
          1.21194,51.93267,0
          1.21217,51.93222,0
          1.21237,51.93201,0
          1.21261,51.93187,0
          1.21298,51.93177,0
          1.21347,51.93174,0
          1.2145,51.93187,0
          1.21519,51.93186,0
          1.21545,51.93183,0
          1.21722,51.93138,0
          1.21744,51.93128,0
          1.21777,51.93101,0
          1.21789,51.93076,0
          1.21788,51.9305,0
          1.21781,51.93027,0
          1.21752,51.92985,0
          1.21684,51.92907,0
          1.21678,51.92895,0
          1.21678,51.92883,0
          1.21681,51.92877,0
          1.21694,51.92864,0
          1.21781,51.92814,0
          1.21797,51.92802,0
          1.21829,51.92784,0
          1.21835,51.92786,0
          1.21841,51.92785,0
          1.21863,51.92794,0
          1.21943,51.92842,0
          1.22055,51.92928,0
          1.22061,51.92931,0
          1.22593,51.93352,0
          1.22671,51.93405,0
          1.22762,51.93456,0
          1.22841,51.9349,0
          1.22854,51.93499,0
          1.22909,51.93519,0
          1.23022,51.9355,0
          1.23036,51.93568,0
          1.23025,51.93588,0
          1.23004,51.93609,0
          1.22824,51.93742,0
          1.23199,51.93887,0
          1.23379,51.93974,0
          1.23536,51.94021,0
          1.24089,51.94163,0
          1.24128,51.94176,0
          1.24196,51.94214,0
          1.24213,51.94236,0
          1.24245,51.94258,0
          1.24333,51.94294,0
          1.24437,51.94325,0
          1.24442,51.94324,0
          1.24455,51.94325,0
          1.24786,51.94416,0
          1.24946,51.94467,0
          1.24972,51.94472,0
          1.24978,51.94475,0
          1.25049,51.94449,0
          1.25081,51.94441,0
          1.25122,51.94435,0
          1.25141,51.94437,0
          1.25156,51.94445,0
          1.25162,51.94451,0
          1.25165,51.94457,0
          1.25174,51.94463,0
          1.25188,51.94493,0
          1.25182,51.94497,0
          1.25173,51.9451,0
          1.25175,51.94519,0
          1.25179,51.94528,0
          1.25177,51.94534,0
          1.25178,51.94535,0
          1.25179,51.94535,0
          1.2518,51.94536,0
          1.25181,51.94536,0
          1.25182,51.94537,0
          1.25184,51.94537,0
          1.25185,51.94538,0
          1.2519,51.94539,0
          1.25198,51.94546,0
          1.25223,51.94599,0
          1.25223,51.946,0
          1.25237,51.94629,0
          1.25243,51.94635,0
          1.25258,51.94658,0
          1.25256,51.94663,0
          1.25258,51.94673,0
          1.25286,51.9473,0
          1.25288,51.9475,0
          1.25284,51.9475,0
          1.25284,51.94751,0
          1.25282,51.94751,0
          1.25282,51.94752,0
          1.25281,51.94752,0
          1.2528,51.94753,0
          1.25279,51.94753,0
          1.25279,51.94754,0
          1.25278,51.94754,0
          1.25278,51.94756,0
          1.25277,51.94756,0
          1.25277,51.94761,0
          1.25278,51.94761,0
          1.25278,51.94762,0
          1.25282,51.94765,0
          1.25283,51.94765,0
          1.25284,51.94766,0
          1.25286,51.94766,0
          1.25287,51.94767,0
          1.2529,51.94767,0
          1.25296,51.94776,0
          1.25304,51.9478,0
          1.25328,51.94785,0
          1.25431,51.94791,0
          1.25367,51.94825,0
          1.25324,51.94854,0
          1.2532,51.94858,0
          1.25315,51.9487,0
          1.25319,51.94877,0
          1.25324,51.9488,0
          1.25343,51.94884,0
          1.25415,51.94883,0
          1.25426,51.9488,0
          1.26158,51.94921,0
          1.28763,51.95121,0
          1.28872,51.9512,0
          1.28936,51.95114,0
          1.29014,51.95101,0
          1.2907,51.95087,0
          1.29168,51.95048,0
          1.29236,51.9501,0
          1.29271,51.9498,0
          1.3132,51.92517,0
          1.31364,51.92484,0
          1.31415,51.92463,0
          1.315,51.92445,0
          1.34728,51.92426,0
          1.97366,51.91162,0
          1.98032,51.91173,0
          1.98664,51.91201,0
          2.32648,51.91952,0
          2.90943,51.93012,0
          3.3468,51.93618,0
          3.82969,51.97989,0
          3.99108,51.99881,0
          3.99592,51.99843,0
          4.00432,51.99705,0
          4.06774,51.98475,0
          4.06819,51.98473,0
          4.07828,51.98528,0
          4.08115,51.98502,0
          4.0943,51.98169,0
          4.0977,51.98106,0
          4.12063,51.97524,0
          4.12136,51.97516,0
          4.12515,51.9751,0
          4.12539,51.97507,0
          4.12873,51.97412,0
          4.12881,51.97406,0
          4.12925,51.97397,0
          4.1295,51.97398,0
          4.12977,51.97404,0
          4.1298,51.97412,0
          4.12984,51.97416,0
          4.12973,51.97417,0
          4.1274,51.97505,0
          4.12728,51.97514,0
          4.12653,51.97544,0
          4.12647,51.97549,0
          4.12646,51.97551,0
          4.12646,51.97556,0
          4.12649,51.97562,0
          4.12662,51.97575,0
          4.12664,51.97583,0
          4.12675,51.97594,0
          4.12676,51.97597,0
          4.12701,51.97629,0
          4.12701,51.97634,0
          4.127,51.97637,0
          4.12672,51.97678,0
          4.12692,51.97682,0
          4.12683,51.97698,0
          4.12683,51.97702,0
          4.12676,51.97709,0
          4.12702,51.97747,0
          4.12704,51.97755,0
          4.12704,51.97762,0
          4.12699,51.97777,0
          4.12679,51.97801,0
          4.12674,51.9781,0
          4.12694,51.97816,0
          4.1269,51.97821,0
          4.12785,51.97853,0
          4.12796,51.97855,0
          4.12837,51.97872,0
          4.12852,51.97884,0
          4.12844,51.97889,0
          4.12898,51.97924,0
          4.1309,51.98015,0
          4.1311,51.9802,0
          4.13117,51.98048,0
          4.1312,51.98054,0
          4.13139,51.98169,0
          4.13137,51.98179,0
          4.13143,51.98192,0
          4.13154,51.98269,0
          4.13148,51.98305,0
          4.13146,51.98308,0
          4.13145,51.98312,0
          4.13137,51.98321,0
          4.13133,51.98328,0
          4.13117,51.98345,0
          4.12919,51.98493,0
          4.12913,51.98503,0
          4.12921,51.98507,0
          4.12929,51.98521,0
          4.13069,51.98645,0
          4.13078,51.98657,0
          4.13087,51.98663,0
          4.13094,51.98671,0
          4.13098,51.98679,0
          4.13098,51.98682,0
          4.13107,51.98693,0
          4.13108,51.98697,0
          4.13196,51.98759,0
          4.13199,51.98764,0
          4.13206,51.9877,0
          4.13219,51.98776,0
          4.13338,51.98856,0
          4.13376,51.98874,0
          4.13438,51.98893,0
          4.1354,51.98911,0
          4.13584,51.98929,0
          4.13607,51.98944,0
          4.13745,51.99094,0
          4.13744,51.99098,0
          4.13807,51.99167,0
          4.13818,51.99173,0
          4.13937,51.99303,0
          4.13967,51.99327,0
          4.14077,51.99394,0
          4.14082,51.99402,0
          4.14156,51.99445,0
          4.14171,51.9945,0
          4.14212,51.99476,0
          4.14225,51.99482,0
          4.14244,51.99497,0
          4.14271,51.99524,0
          4.14293,51.99555,0
          4.143,51.99571,0
          4.14305,51.99594,0
          4.14303,51.99613,0
          4.14295,51.99641,0
          4.14271,51.99685,0
          4.14271,51.99687,0
          4.14228,51.99756,0
          4.14237,51.99758,0
          4.14141,51.99905,0
          4.14141,51.99907,0
          4.1414,51.99908,0
          4.1414,51.9991,0
          4.14139,51.99912,0
          4.14139,51.99926,0
          4.1414,51.99928,0
          4.1414,51.9993,0
          4.14142,51.99933,0
          4.14142,51.99935,0
          4.14147,51.99944,0
          4.14154,51.99951,0
          4.14155,51.99953,0
          4.14233,52.00014,0
          4.14274,52.00041,0
          4.14333,52.00071,0
          4.1484,52.00261,0
          4.15113,52.00324,0
          4.15125,52.00329,0
          4.15268,52.00362,0
          4.15677,52.00434,0
          4.15684,52.00432,0
          4.15691,52.00432,0
          4.15716,52.00437,0
          4.1573,52.00436,0
          4.15856,52.00462,0
          4.15863,52.00466,0
          4.15872,52.00483,0
          4.15918,52.00483,0
          4.15926,52.00488,0
          4.15939,52.00491,0
          4.15945,52.00502,0
          4.15962,52.00498,0
          4.15977,52.0049,0
          4.16006,52.00446,0
          4.16218,52.00498,0
          4.16237,52.00505,0
          4.16323,52.00522,0
          4.16359,52.00535,0
          4.1654,52.0058,0
          4.1656,52.00578,0
          4.16583,52.00581,0
          4.16858,52.00656,0
          4.16877,52.00658,0
          4.16948,52.00676,0
          4.1696,52.00681,0
          4.17272,52.00765,0
          4.17291,52.00749,0
          4.17312,52.00739,0
          4.17409,52.00765,0
          4.1743,52.00767,0
          4.17512,52.00791,0
          4.17511,52.00792,0
          4.17547,52.00804,0
          4.17557,52.0081,0
          4.1761,52.00826,0
          4.17638,52.0083,0
          4.17668,52.00825,0
          4.17675,52.00821,0
          4.17689,52.00807,0
          4.17696,52.00803,0
          4.17706,52.00802,0
          4.17728,52.0081,0
          4.17755,52.00832,0
          4.17778,52.00822,0
          4.17818,52.0086,0
          4.17834,52.00867,0
          4.1791,52.00876,0
          4.17927,52.00883,0
          4.17931,52.00879,0
          4.17949,52.00868,0
          4.18028,52.0092,0
          4.1806,52.00925,0
          4.18116,52.00926,0
          4.18153,52.00966,0
          4.1816,52.00968,0
          4.18179,52.00966,0
          4.18553,52.0099,0
          4.18526,52.01093,0
          4.18526,52.01106,0
          4.18528,52.01115,0
          4.1854,52.01135,0
          4.18541,52.01142,0
          4.18557,52.01168,0
          4.1856,52.01176,0
          4.1856,52.0118,0
          4.18555,52.012,0
          4.18557,52.01207,0
          4.18565,52.01206,0
          4.18572,52.01207,0
          4.19071,52.01399,0
          4.19207,52.01441,0
          4.1921,52.01438,0
          4.19273,52.0146,0
          4.19276,52.01459,0
          4.19277,52.01458,0
          4.19279,52.01458,0
          4.1928,52.01457,0
          4.19294,52.01458,0
          4.19301,52.01463,0
          4.19301,52.01464,0
          4.19302,52.01465,0
          4.19302,52.01467,0
          4.19338,52.01477,0
          4.19364,52.01475,0
          4.19409,52.01452,0
          4.1942,52.01449,0
          4.19441,52.0145,0
          4.19634,52.01511,0
          4.1965,52.01518,0
          4.19664,52.0153,0
          4.1967,52.01542,0
          4.19669,52.0155,0
          4.19656,52.01569,0
          4.19589,52.01645,0
          4.19585,52.01653,0
          4.19582,52.01664,0
          4.19582,52.01673,0
          4.19586,52.01685,0
          4.19598,52.01697,0
          4.19613,52.01706,0
          4.19758,52.01749,0
          4.19867,52.0179,0
          4.2006,52.01822,0
          4.20164,52.01824,0
          4.20254,52.01839,0
          4.20262,52.01839,0
          4.20749,52.01924,0
          4.20763,52.01933,0
          4.20769,52.01943,0
          4.2077,52.01954,0
          4.20725,52.02107,0
          4.20992,52.02132,0
          4.20983,52.02167,0
          4.20986,52.0217,0
          4.21081,52.02178,0
          4.21089,52.0218,0
          4.21091,52.0219,0
          4.21098,52.02198,0
          4.21114,52.02205,0
          4.21115,52.02206,0
          4.21116,52.02206,0
          4.21118,52.02246,0
          4.21127,52.02243,0
          4.21258,52.02237,0
          4.21277,52.02239,0
          4.2129,52.02235,0
          4.21358,52.02232,0
          4.21371,52.02234,0
          4.21466,52.02231,0
          4.21483,52.02234,0
          4.21501,52.0224,0
          4.21508,52.02244,0
          4.21511,52.02243,0
          4.2153,52.02228,0
          4.21541,52.02225,0
          4.21558,52.02226,0
          4.21574,52.02233,0
          4.21616,52.02243,0
          4.21635,52.02242,0
          4.2167,52.02248,0
          4.21691,52.02245,0
          4.2172,52.02236,0
          4.21747,52.02232,0
          4.21803,52.02241,0
          4.21811,52.0224,0
          4.21827,52.02242,0
          4.21879,52.02234,0
          4.21892,52.02225,0
          4.21908,52.02222,0
          4.21912,52.02223,0
          4.22064,52.02213,0
          4.22077,52.0221,0
          4.22082,52.0221,0
          4.2209,52.02208,0
          4.22215,52.02197,0
          4.22225,52.02199,0
          4.22232,52.02202,0
          4.22233,52.02204,0
          4.22265,52.02197,0
          4.23207,52.0214,0
          4.2335,52.02141,0
          4.23476,52.0215,0
          4.2362,52.02174,0
          4.23786,52.02217,0
          4.23917,52.0224,0
          4.23923,52.02243,0
          4.23925,52.02242,0
          4.23925,52.02241,0
          4.23926,52.02241,0
          4.23927,52.0224,0
          4.23928,52.0224,0
          4.23929,52.02239,0
          4.23945,52.02238,0
          4.23946,52.02239,0
          4.23948,52.02239,0
          4.23949,52.0224,0
          4.23952,52.02241,0
          4.23957,52.02237,0
          4.23959,52.02239,0
          4.2396,52.02239,0
          4.23964,52.02243,0
          4.23964,52.02244,0
          4.23965,52.02245,0
          4.23965,52.02247,0
          4.23966,52.02248,0
          4.2416,52.02277,0
          4.24171,52.02277,0
          4.24286,52.02295,0
          4.24304,52.02295,0
          4.24379,52.02313,0
          4.24381,52.02319,0
          4.24437,52.02337,0
          4.25419,52.02787,0
          4.25432,52.02791,0
          4.25446,52.02799,0
          4.25482,52.02813,0
          4.25494,52.02814,0
          4.25588,52.02854,0
          4.25609,52.02859,0
          4.25617,52.02858,0
          4.25658,52.02823,0
          4.25712,52.02802,0
          4.25787,52.02793,0
          4.25794,52.02796,0
          4.25849,52.02794,0
          4.26397,52.02738,0
          4.26516,52.02737,0
          4.26545,52.0274,0
          4.26565,52.02745,0
          4.26577,52.02746,0
          4.27051,52.02902,0
          4.27053,52.02902,0
          4.27054,52.02901,0
          4.27058,52.02901,0
          4.27059,52.029,0
          4.27063,52.029,0
          4.27063,52.02905,0
          4.27068,52.02905,0
          4.27068,52.02906,0
          4.2707,52.02906,0
          4.27072,52.02907,0
          4.27074,52.0291,0
          4.27074,52.02912,0
          4.272,52.0297,0
          4.27208,52.02972,0
          4.27233,52.02984,0
          4.27238,52.02982,0
          4.27256,52.02984,0
          4.27263,52.0299,0
          4.27263,52.02995,0
          4.27311,52.03017,0
          4.27314,52.0302,0
          4.27343,52.03032,0
          4.2735,52.03037,0
          4.27707,52.03192,0
          4.27796,52.03238,0
          4.27905,52.03338,0
          4.27964,52.03377,0
          4.28133,52.03438,0
          4.28146,52.03445,0
          4.28252,52.03483,0
          4.28328,52.03517,0
          4.28616,52.03675,0
          4.28623,52.03677,0
          4.2875,52.03753,0
          4.28764,52.03753,0
          4.28772,52.03756,0
          4.28772,52.03757,0
          4.28774,52.03757,0
          4.28778,52.03762,0
          4.28778,52.03768,0
          4.28801,52.03779,0
          4.28805,52.03783,0
          4.28871,52.03813,0
          4.28908,52.03834,0
          4.28964,52.03873,0
          4.29105,52.03993,0
          4.2915,52.04022,0
          4.2925,52.04063,0
          4.29382,52.04101,0
          4.29409,52.04115,0
          4.29431,52.04131,0
          4.29447,52.04146,0
          4.29497,52.04208,0
          4.2953,52.04235,0
          4.29706,52.0418,0
          4.29761,52.04232,0
          4.29794,52.04246,0
          4.29871,52.0426,0
          4.30099,52.04273,0
          4.3049,52.0422,0
          4.30592,52.04219,0
          4.30642,52.04227,0
          4.30684,52.04239,0
          4.307,52.04248,0
          4.30722,52.04249,0
          4.30736,52.04254,0
          4.30742,52.04259,0
          4.31023,52.04345,0
          4.3102,52.04349,0
          4.31062,52.04367,0
          4.31136,52.04414,0
          4.31219,52.04454,0
          4.31401,52.04526,0
          4.31402,52.04527,0
          4.31403,52.04527,0
          4.31573,52.04607,0
          4.31579,52.04606,0
          4.31671,52.04652,0
          4.31715,52.04668,0
          4.31985,52.04802,0
          4.31986,52.04807,0
          4.32102,52.04875,0
          4.32102,52.04879,0
          4.32132,52.04893,0
          4.32137,52.04897,0
          4.32457,52.05062,0
          4.32467,52.05064,0
          4.32757,52.0522,0
          4.3277,52.05232,0
          4.32812,52.05255,0
          4.32836,52.05273,0
          4.32843,52.05274,0
          4.32908,52.05314,0
          4.3294,52.05329,0
          4.32947,52.05337,0
          4.33005,52.05366,0
          4.3302,52.05378,0
          4.33019,52.05382,0
          4.33025,52.0539,0
          4.33093,52.05432,0
          4.33097,52.05438,0
          4.33172,52.05477,0
          4.3318,52.05472,0
          4.3323,52.05484,0
          4.33244,52.05483,0
          4.33243,52.05487,0
          4.33258,52.05487,0
          4.3326,52.05492,0
          4.33261,52.05508,0
          4.33255,52.0552,0
          4.33304,52.05536,0
          4.3338,52.05546,0
          4.33432,52.05545,0
          4.33456,52.0555,0
          4.33465,52.05554,0
          4.33486,52.05568,0
          4.33573,52.05607,0
          4.33583,52.05603,0
          4.33726,52.05654,0
          4.33742,52.05657,0
          4.33755,52.05665,0
          4.33813,52.05682,0
          4.33915,52.05724,0
          4.33929,52.05726,0
          4.33932,52.05729,0
          4.34297,52.05874,0
          4.34372,52.05912,0
          4.34385,52.05922,0
          4.34392,52.05922,0
          4.34458,52.05958,0
          4.3453,52.06028,0
          4.34584,52.06069,0
          4.34595,52.06083,0
          4.34623,52.0611,0
          4.34642,52.06115,0
          4.34641,52.06116,0
          4.34672,52.06128,0
          4.34693,52.06133,0
          4.34781,52.06174,0
          4.34801,52.06186,0
          4.34816,52.06191,0
          4.34949,52.06257,0
          4.34958,52.06259,0
          4.3515,52.06353,0
          4.35162,52.06357,0
          4.35185,52.06371,0
          4.35249,52.064,0
          4.35257,52.06398,0
          4.35261,52.06395,0
          4.35266,52.06394,0
          4.35274,52.06389,0
          4.35594,52.06355,0
          4.35615,52.06349,0
          4.35637,52.06346,0
          4.3566,52.06348,0
          4.35684,52.06361,0
          4.35687,52.06366,0
          4.3602,52.06539,0
          4.36029,52.06547,0
          4.36097,52.0658,0
          4.36121,52.06588,0
          4.36186,52.06625,0
          4.3619,52.0663,0
          4.36188,52.06631,0
          4.36252,52.06668,0
          4.36397,52.06735,0
          4.36634,52.06887,0
          4.36644,52.06888,0
          4.36692,52.06917,0
          4.36708,52.0693,0
          4.3704,52.0707,0
          4.37107,52.07103,0
          4.37117,52.07112,0
          4.3749,52.07332,0
          4.37659,52.07449,0
          4.37946,52.07625,0
          4.37987,52.07663,0
          4.3801,52.07668,0
          4.38156,52.07755,0
          4.38155,52.07761,0
          4.38156,52.07763,0
          4.38155,52.07767,0
          4.3817,52.07776,0
          4.38173,52.07779,0
          4.3818,52.07782,0
          4.38185,52.07781,0
          4.38201,52.07782,0
          4.38207,52.07786,0
          4.3821,52.07793,0
          4.38214,52.07796,0
          4.38349,52.07844,0
          4.38583,52.07942,0
          4.38598,52.07941,0
          4.38603,52.07942,0
          4.38613,52.07947,0
          4.38615,52.0795,0
          4.38615,52.07952,0
          4.38619,52.07956,0
          4.38652,52.07969,0
          4.38665,52.07971,0
          4.39146,52.08129,0
          4.39161,52.08132,0
          4.392,52.08148,0
          4.39199,52.08151,0
          4.39227,52.08163,0
          4.39238,52.08165,0
          4.39322,52.0821,0
          4.39335,52.08212,0
          4.3934,52.08217,0
          4.39385,52.08247,0
          4.39388,52.08253,0
          4.39416,52.08275,0
          4.39435,52.08282,0
          4.39444,52.08289,0
          4.39438,52.08293,0
          4.39446,52.08299,0
          4.39447,52.08301,0
          4.39819,52.08577,0
          4.40007,52.087,0
          4.40036,52.08714,0
          4.40061,52.0873,0
          4.40071,52.08741,0
          4.40141,52.08786,0
          4.40162,52.08794,0
          4.40213,52.08826,0
          4.40227,52.08839,0
          4.40409,52.08944,0
          4.40536,52.09009,0
          4.4054,52.09014,0
          4.40676,52.09084,0
          4.40724,52.09113,0
          4.40801,52.09169,0
          4.4081,52.09173,0
          4.40895,52.09238,0
          4.40897,52.09243,0
          4.40943,52.09279,0
          4.40954,52.09283,0
          4.40995,52.09314,0
          4.40998,52.09319,0
          4.41019,52.09336,0
          4.4102,52.09336,0
          4.4104,52.09347,0
          4.41048,52.09354,0
          4.41153,52.09417,0
          4.41164,52.09426,0
          4.41168,52.09432,0
          4.41172,52.09433,0
          4.4151,52.09693,0
          4.41518,52.09696,0
          4.41543,52.0972,0
          4.41555,52.09726,0
          4.41609,52.09789,0
          4.41608,52.09793,0
          4.41621,52.09809,0
          4.41657,52.0988,0
          4.41688,52.09977,0
          4.41724,52.10057,0
          4.41718,52.10061,0
          4.41768,52.10144,0
          4.41814,52.10207,0
          4.41891,52.10295,0
          4.41901,52.103,0
          4.41922,52.10322,0
          4.41925,52.1033,0
          4.4198,52.10383,0
          4.42093,52.10473,0
          4.42219,52.10557,0
          4.42372,52.10642,0
          4.42388,52.10646,0
          4.42474,52.10693,0
          4.42482,52.10703,0
          4.42488,52.10705,0
          4.42537,52.10733,0
          4.42603,52.10778,0
          4.42719,52.1087,0
          4.42722,52.10875,0
          4.42802,52.10954,0
          4.42805,52.10959,0
          4.42859,52.11013,0
          4.42862,52.11018,0
          4.42871,52.11026,0
          4.42879,52.1103,0
          4.42952,52.11103,0
          4.42955,52.11108,0
          4.43073,52.11218,0
          4.43265,52.11358,0
          4.43354,52.11439,0
          4.4336,52.11442,0
          4.43411,52.11495,0
          4.43416,52.11503,0
          4.43495,52.11579,0
          4.43537,52.11626,0
          4.43543,52.11629,0
          4.43642,52.11727,0
          4.43678,52.11756,0
          4.43681,52.11761,0
          4.43729,52.11801,0
          4.4374,52.11805,0
          4.43857,52.11904,0
          4.43859,52.11911,0
          4.44018,52.12044,0
          4.44019,52.12046,0
          4.44059,52.12077,0
          4.44062,52.12081,0
          4.4407,52.12084,0
          4.44347,52.12324,0
          4.44346,52.12328,0
          4.44405,52.12383,0
          4.44414,52.12389,0
          4.4446,52.12452,0
          4.44482,52.12444,0
          4.44497,52.12455,0
          4.44512,52.12456,0
          4.44524,52.1246,0
          4.44687,52.1256,0
          4.44792,52.12639,0
          4.44797,52.12646,0
          4.44829,52.1267,0
          4.44848,52.12691,0
          4.44859,52.12689,0
          4.44864,52.1269,0
          4.44866,52.12687,0
          4.44867,52.12687,0
          4.44867,52.12686,0
          4.44868,52.12686,0
          4.44869,52.12685,0
          4.4487,52.12685,0
          4.44871,52.12684,0
          4.44872,52.12684,0
          4.44873,52.12683,0
          4.44874,52.12683,0
          4.44875,52.12682,0
          4.44878,52.12682,0
          4.44879,52.12681,0
          4.44889,52.12681,0
          4.44897,52.12684,0
          4.44898,52.12685,0
          4.449,52.12685,0
          4.44901,52.12686,0
          4.44907,52.12688,0
          4.4491,52.12691,0
          4.4491,52.12693,0
          4.44911,52.12694,0
          4.44911,52.12697,0
          4.4491,52.12698,0
          4.4491,52.127,0
          4.44909,52.127,0
          4.44909,52.12701,0
          4.44907,52.12703,0
          4.44918,52.1271,0
          4.44923,52.12717,0
          4.44951,52.12735,0
          4.44963,52.1274,0
          4.45088,52.12812,0
          4.45096,52.12819,0
          4.45112,52.12827,0
          4.4512,52.12829,0
          4.4532,52.12936,0
          4.45327,52.12937,0
          4.45515,52.13054,0
          4.45523,52.13057,0
          4.45563,52.13083,0
          4.45611,52.13106,0
          4.45627,52.13111,0
          4.4563,52.13115,0
          4.45644,52.13119,0
          4.45845,52.13205,0
          4.45972,52.1325,0
          4.46165,52.13332,0
          4.46179,52.13334,0
          4.46229,52.13353,0
          4.46232,52.13353,0
          4.46325,52.13386,0
          4.46337,52.13388,0
          4.46479,52.13438,0
          4.4649,52.13445,0
          4.46553,52.13467,0
          4.4656,52.13473,0
          4.46623,52.13495,0
          4.46624,52.13496,0
          4.46674,52.13513,0
          4.46686,52.13514,0
          4.47096,52.13658,0
          4.47112,52.13661,0
          4.47182,52.13686,0
          4.47193,52.13693,0
          4.47242,52.1371,0
          4.47251,52.1371,0
          4.47908,52.13946,0
          4.47927,52.1395,0
          4.47932,52.13953,0
          4.47926,52.13965,0
          4.47918,52.13976,0
          4.48048,52.14022,0
          4.48064,52.14024,0
          4.48139,52.14052,0
          4.48149,52.14059,0
          4.48305,52.1414,0
          4.48345,52.14155,0
          4.48494,52.14165,0
          4.48533,52.14191,0
          4.48593,52.14209,0
          4.48647,52.14233,0
          4.48693,52.1426,0
          4.48695,52.14263,0
          4.48694,52.14264,0
          4.48793,52.14335,0
          4.48844,52.1439,0
          4.48848,52.14401,0
          4.48952,52.14515,0
          4.48952,52.14524,0
          4.48993,52.14566,0
          4.49001,52.14569,0
          4.49066,52.14644,0
          4.49089,52.14665,0
          4.4912,52.14685,0
          4.49146,52.14707,0
          4.49153,52.14715,0
          4.49156,52.14717,0
          4.49162,52.14735,0
          4.49175,52.14761,0
          4.49325,52.14921,0
          4.49329,52.1493,0
          4.49356,52.14958,0
          4.49377,52.14985,0
          4.4939,52.14994,0
          4.49408,52.15021,0
          4.4942,52.1505,0
          4.49427,52.15078,0
          4.49431,52.15128,0
          4.49427,52.15146,0
          4.4943,52.1515,0
          4.49403,52.15246,0
          4.49399,52.15253,0
          4.49385,52.15301,0
          4.49387,52.15302,0
          4.49378,52.15334,0
          4.49373,52.15377,0
          4.49374,52.15381,0
          4.49373,52.15386,0
          4.49378,52.15386,0
          4.49392,52.15392,0
          4.4942,52.15392,0
          4.49433,52.15394,0
          4.49445,52.15398,0
          4.4945,52.15403,0
          4.49454,52.1541,0
          4.49461,52.15439,0
          4.49464,52.15487,0
          4.49463,52.15495,0
          4.49467,52.1555,0
          4.49476,52.15595,0
          4.49485,52.15614,0
          4.49486,52.1562,0
          4.495,52.15653,0
          4.49508,52.15651,0
          4.49554,52.15763,0
          4.49598,52.15833,0
          4.49606,52.1584,0
          4.49656,52.15919,0
          4.49661,52.15924,0
          4.4968,52.15953,0
          4.49686,52.15956,0
          4.49717,52.16008,0
          4.49718,52.16022,0
          4.49715,52.16026,0
          4.49715,52.16038,0
          4.49884,52.16072,0
          4.4999,52.16085,0
          4.49994,52.16088,0
          4.49997,52.16109,0
          4.50054,52.16119,0
          4.50074,52.16132,0
          4.50081,52.1613,0
          4.50087,52.1613,0
          4.50143,52.16144,0
          4.50395,52.16168,0
          4.50408,52.16172,0
          4.50443,52.16176,0
          4.50542,52.16178,0
          4.50542,52.16181,0
          4.50553,52.1618,0
          4.50554,52.16189,0
          4.50612,52.1629,0
          4.50613,52.16299,0
          4.50614,52.163,0
          4.50615,52.16308,0
          4.50633,52.16312,0
          4.50655,52.16321,0
          4.50659,52.16326,0
          4.50663,52.16336,0
          4.50665,52.1635,0
          4.50667,52.16487,0
          4.50659,52.1656,0
          4.50663,52.16565,0
          4.50667,52.16577,0
          4.50663,52.16689,0
          4.50654,52.16761,0
          4.50657,52.16762,0
          4.50659,52.16766,0
          4.50676,52.1677,0
          4.50697,52.1677,0
          4.51045,52.16846,0
          4.51043,52.1685,0
          4.511,52.16867,0
          4.51333,52.16918,0
          4.51666,52.16959,0
          4.51662,52.16969,0
          4.51707,52.16975,0
          4.51725,52.16975,0
          4.51962,52.17013,0
          4.52048,52.17038,0
          4.5212,52.17066,0
          4.5213,52.17073,0
          4.52183,52.17098,0
          4.52198,52.17102,0
          4.52265,52.17137,0
          4.5227,52.17138,0
          4.52447,52.17225,0
          4.52552,52.17259,0
          4.53001,52.17359,0
          4.53012,52.17365,0
          4.53169,52.17399,0
          4.5317,52.17402,0
          4.53171,52.17403,0
          4.53171,52.17404,0
          4.5318,52.17412,0
          4.53182,52.17412,0
          4.53185,52.17414,0
          4.53187,52.17414,0
          4.53189,52.17415,0
          4.53195,52.17415,0
          4.53197,52.17416,0
          4.53203,52.17416,0
          4.53205,52.17415,0
          4.53209,52.17415,0
          4.53211,52.17414,0
          4.53213,52.17414,0
          4.53215,52.17413,0
          4.53217,52.17413,0
          4.53224,52.17409,0
          4.53308,52.17426,0
          4.53321,52.17425,0
          4.5368,52.175,0
          4.53713,52.17511,0
          4.53888,52.17549,0
          4.53892,52.17556,0
          4.53899,52.17562,0
          4.53907,52.17565,0
          4.53915,52.17559,0
          4.53925,52.17562,0
          4.53934,52.17562,0
          4.53942,52.1756,0
          4.53943,52.17559,0
          4.53945,52.17559,0
          4.53948,52.17557,0
          4.53959,52.17562,0
          4.53971,52.17564,0
          4.53979,52.17562,0
          4.5488,52.17709,0
          4.5489,52.17709,0
          4.5524,52.17767,0
          4.55442,52.17815,0
          4.55934,52.17887,0
          4.56025,52.17909,0
          4.56092,52.17936,0
          4.56547,52.18149,0
          4.56567,52.18156,0
          4.56903,52.18312,0
          4.5703,52.18358,0
          4.5708,52.18371,0
          4.57461,52.18444,0
          4.57481,52.1845,0
          4.57824,52.18512,0
          4.58418,52.18588,0
          4.58431,52.18593,0
          4.58581,52.18615,0
          4.58893,52.18705,0
          4.58901,52.18709,0
          4.58985,52.1873,0
          4.59001,52.18731,0
          4.59181,52.18777,0
          4.59185,52.18779,0
          4.59264,52.18796,0
          4.59265,52.18797,0
          4.60147,52.18908,0
          4.60239,52.18937,0
          4.60272,52.18952,0
          4.60343,52.18996,0
          4.60554,52.19203,0
          4.61124,52.19808,0
          4.61124,52.19809,0
          4.61142,52.19837,0
          4.61144,52.19846,0
          4.61141,52.19865,0
          4.61137,52.19874,0
          4.61119,52.19893,0
          4.61124,52.19894,0
          4.61125,52.19895,0
          4.61126,52.19895,0
          4.61127,52.19896,0
          4.61128,52.19896,0
          4.61134,52.19904,0
          4.61133,52.1992,0
          4.61135,52.19934,0
          4.61196,52.19993,0
          4.61202,52.19997,0
          4.6123,52.20002,0
          4.61234,52.20004,0
          4.61237,52.20008,0
          4.6125,52.20013,0
          4.61244,52.20025,0
          4.61237,52.20031,0
          4.61243,52.20042,0
          4.61247,52.20071,0
          4.61246,52.20076,0
          4.61236,52.20092,0
          4.61234,52.20104,0
          4.61243,52.20119,0
          4.61301,52.20189,0
          4.61309,52.20195,0
          4.61411,52.20319,0
          4.61415,52.20328,0
          4.61457,52.20382,0
          4.61488,52.20455,0
          4.61502,52.20474,0
          4.61564,52.20508,0
          4.61575,52.20519,0
          4.61724,52.2072,0
          4.61767,52.20805,0
          4.61803,52.20899,0
          4.61821,52.20962,0
          4.61852,52.21019,0
          4.61881,52.21101,0
          4.61897,52.21166,0
          4.61902,52.21178,0
          4.61911,52.21189,0
          4.61922,52.21194,0
          4.61944,52.21199,0
          4.61956,52.21205,0
          4.61999,52.21248,0
          4.61999,52.21249,0
          4.62,52.2125,0
          4.62047,52.21376,0
          4.62056,52.21439,0
          4.62057,52.21469,0
          4.62046,52.21507,0
          4.62278,52.21534,0
          4.62295,52.21534,0
          4.6322,52.21647,0
          4.6405,52.21967,0
          4.64051,52.21968,0
          4.64075,52.21978,0
          4.64077,52.2198,0
          4.64079,52.2198,0
          4.64113,52.22006,0
          4.64118,52.22012,0
          4.64146,52.2203,0
          4.64154,52.22033,0
          4.64151,52.22036,0
          4.64161,52.2204,0
          4.64172,52.22042,0
          4.64183,52.22041,0
          4.64256,52.22053,0
          4.64349,52.22077,0
          4.64533,52.2211,0
          4.64707,52.22161,0
          4.64999,52.22284,0
          4.65311,52.22437,0
          4.65313,52.22439,0
          4.65463,52.22507,0
          4.65752,52.22617,0
          4.65926,52.22671,0
          4.66384,52.22757,0
          4.66468,52.22783,0
          4.66533,52.22816,0
          4.66917,52.23065,0
          4.66922,52.23071,0
          4.66934,52.23078,0
          4.66935,52.23078,0
          4.6697,52.23097,0
          4.66983,52.23099,0
          4.671,52.23159,0
          4.67109,52.23167,0
          4.67114,52.23176,0
          4.67149,52.23182,0
          4.6761,52.23421,0
          4.67664,52.23455,0
          4.6773,52.23506,0
          4.67782,52.23559,0
          4.67782,52.2356,0
          4.67817,52.2361,0
          4.6782,52.23618,0
          4.6801,52.23881,0
          4.68056,52.2392,0
          4.68105,52.23946,0
          4.68146,52.23963,0
          4.68639,52.24088,0
          4.68697,52.24109,0
          4.68707,52.24111,0
          4.69023,52.24234,0
          4.692,52.2429,0
          4.69371,52.24327,0
          4.7009,52.24443,0
          4.70126,52.24457,0
          4.70458,52.2468,0
          4.7051,52.2473,0
          4.70603,52.24877,0
          4.70695,52.24974,0
          4.70713,52.24989,0
          4.71015,52.25299,0
          4.71023,52.25305,0
          4.71199,52.25489,0
          4.71257,52.25543,0
          4.71279,52.25558,0
          4.71286,52.25565,0
          4.71345,52.25599,0
          4.71554,52.25684,0
          4.71558,52.25691,0
          4.71577,52.25693,0
          4.72029,52.25896,0
          4.72053,52.25911,0
          4.72058,52.25918,0
          4.7207,52.25923,0
          4.72329,52.26137,0
          4.72375,52.26187,0
          4.72448,52.26283,0
          4.72513,52.26338,0
          4.7254,52.26353,0
          4.72727,52.26427,0
          4.72796,52.26466,0
          4.72805,52.26473,0
          4.72914,52.26531,0
          4.73045,52.26579,0
          4.7355,52.26716,0
          4.73824,52.26774,0
          4.73893,52.26793,0
          4.7393,52.26807,0
          4.74333,52.27008,0
          4.74353,52.27025,0
          4.74432,52.27108,0
          4.74496,52.27167,0
          4.74581,52.27227,0
          4.74654,52.2726,0
          4.75008,52.27374,0
          4.75015,52.27369,0
          4.75022,52.27367,0
          4.7503,52.27367,0
          4.75166,52.27391,0
          4.75173,52.27394,0
          4.75176,52.27398,0
          4.75175,52.27401,0
          4.75525,52.27438,0
          4.75597,52.27453,0
          4.76343,52.27666,0
          4.76357,52.27668,0
          4.76539,52.27729,0
          4.76739,52.27816,0
          4.76749,52.27824,0
          4.77064,52.27966,0
          4.77068,52.27971,0
          4.77091,52.27981,0
          4.77103,52.27983,0
          4.77322,52.28082,0
          4.77473,52.28141,0
          4.77481,52.28147,0
          4.77868,52.28298,0
          4.77927,52.28325,0
          4.78141,52.28456,0
          4.78147,52.28462,0
          4.7871,52.28823,0
          4.78717,52.2883,0
          4.78794,52.28883,0
          4.7888,52.28954,0
          4.78908,52.28986,0
          4.78917,52.28991,0
          4.7912,52.29195,0
          4.79124,52.29202,0
          4.79169,52.29249,0
          4.79169,52.2925,0
          4.79209,52.29298,0
          4.79223,52.29319,0
          4.79397,52.29667,0
          4.7948,52.29912,0
          4.79494,52.29939,0
          4.79494,52.2994,0
          4.79503,52.29951,0
          4.79531,52.29975,0
          4.79766,52.30135,0
          4.79828,52.30171,0
          4.80323,52.30388,0
          4.804,52.30416,0
          4.80407,52.30421,0
          4.80925,52.30602,0
          4.80936,52.30591,0
          4.81043,52.30506,0
          4.81081,52.3046,0
          4.81087,52.30457,0
          4.81093,52.30461,0
          4.81105,52.30462,0
          4.81106,52.30461,0
          4.81111,52.30461,0
          4.81112,52.3046,0
          4.81114,52.3046,0
          4.81115,52.30459,0
          4.81116,52.30459,0
          4.81117,52.30458,0
          4.81118,52.30458,0
          4.81122,52.30453,0
          4.81122,52.30451,0
          4.81123,52.30449,0
          4.81131,52.30448,0
          4.81405,52.30543,0
          4.81412,52.30538,0
          4.81985,52.30751,0
          4.82012,52.30757,0
          4.82138,52.30763,0
          4.82136,52.30777,0
          4.82197,52.30781,0
          4.82175,52.30855,0
          4.82175,52.3086,0
          4.82178,52.30866,0
          4.82191,52.30882,0
          4.82192,52.30882,0
          4.82209,52.30901,0
          4.82258,52.30941,0
          4.82297,52.30945,0
          4.8234,52.30933,0
          4.82412,52.30901,0
          4.82543,52.30879,0
          4.82606,52.30884,0
          4.82616,52.30878,0
          4.82749,52.30916,0
          4.82827,52.30947,0
          4.82866,52.30974,0
          4.82923,52.30997,0
          4.83036,52.31028,0
          4.83117,52.31069,0
          4.83155,52.31094,0
          4.83203,52.31133,0
          4.83251,52.31165,0
          4.8332,52.31182,0
          4.83367,52.31213,0
          4.83379,52.31217,0
          4.83401,52.31219,0
          4.83517,52.31198,0
          4.83552,52.31207,0
          4.83592,52.3123,0
          4.83593,52.3123,0
          4.83722,52.31303,0
          4.83781,52.31305,0
          4.83786,52.31326,0
          4.83782,52.31344,0
          4.83808,52.31367,0
          4.83833,52.31395,0
          4.83842,52.3142,0
          4.83849,52.31572,0
          4.83823,52.31606,0
          4.8382,52.31612,0
          4.83819,52.31621,0
          4.83833,52.31647,0
          4.8385,52.31664,0
          4.8387,52.31702,0
          4.8391,52.31823,0
          4.83951,52.31864,0
          4.84005,52.31881,0
          4.8408,52.31888,0
          4.84126,52.31887,0
          4.84126,52.31892,0
          4.8413,52.31899,0
          4.84133,52.31911,0
          4.84146,52.31934,0
          4.84183,52.31963,0
          4.84226,52.31982,0
          4.84258,52.3199,0
          4.84391,52.32002,0
          4.84405,52.32001,0
          4.84464,52.32118,0
          4.8447,52.32125,0
          4.84481,52.32145,0
          4.8452,52.32168,0
          4.84587,52.32199,0
          4.84646,52.32214,0
          4.84709,52.32211,0
          4.84826,52.32187,0
          4.84823,52.32178,0
          4.84953,52.32164,0
          4.85092,52.32162,0
          4.85109,52.32159,0
          4.85309,52.3216,0
          4.85388,52.32148,0
          4.85543,52.32151,0
          4.85621,52.32167,0
          4.85709,52.32172,0
          4.8572,52.32166,0
          4.8576,52.32163,0
          4.85776,52.32166,0
          4.85785,52.32172,0
          4.858,52.32178,0
          4.85814,52.32189,0
          4.85906,52.32191,0
          4.85931,52.32188,0
          4.85949,52.32191,0
          4.85997,52.32189,0
          4.86146,52.32194,0
          4.86162,52.32182,0
          4.86161,52.32164,0
          4.86162,52.32156,0
          4.86164,52.32151,0
          4.86173,52.3214,0
          4.86522,52.32147,0
          4.86527,52.32149,0
          4.86733,52.32152,0
          4.86745,52.32154,0
          4.86819,52.32155,0
          4.86831,52.32153,0
          4.86981,52.32156,0
          4.86998,52.32152,0
          4.87042,52.32176,0
          4.87182,52.32177,0
          4.87218,52.32185,0
          4.87808,52.32192,0
          4.87807,52.32217,0
          4.88954,52.32239,0
          4.88964,52.32242,0
          4.8947,52.32252,0
          4.89512,52.3226,0
          4.8947,52.32327,0
          4.89463,52.32344,0
          4.89481,52.32347,0
          4.8958,52.324,0
          4.89597,52.32401,0
          4.89598,52.32409,0
          4.89597,52.32424,0
          4.89614,52.3247,0
          4.8969,52.32597,0
          4.90245,52.32585,0
          4.90248,52.32586,0
          4.90254,52.32593,0
          4.90262,52.3261,0
          4.90266,52.32613,0
          4.90747,52.32493,0
          4.90752,52.32489,0
          4.90758,52.32489,0
          4.90837,52.32517,0
          4.90867,52.32479,0
          4.90904,52.3245,0
          4.90942,52.32426,0
          4.90952,52.32423,0
          4.90956,52.32423,0
          4.90962,52.32421,0
          4.90983,52.32408,0
          4.90984,52.32408,0
          4.91036,52.32376,0
          4.9105,52.32385,0
          4.91051,52.32387,0
          4.911,52.32369,0
          4.91111,52.32383,0
          4.91127,52.32393,0
          4.91142,52.32398,0
          4.91468,52.32423,0
          4.91601,52.32455,0
          4.91618,52.32454,0
          4.91681,52.32429,0
          4.91682,52.32428,0
          4.91705,52.32419,0
          4.91706,52.32418,0
          4.9173,52.32409,0
          4.91731,52.32408,0
          4.91755,52.32398,0
          4.9183,52.32466,0
          4.91842,52.32473,0
          4.91911,52.32493,0
          4.9192,52.32493,0
          4.91946,52.32499,0
          4.91995,52.32517,0
          4.91986,52.32526,0
          4.91979,52.3253,0
          4.92,52.32538,0
          4.92017,52.32553,0
          4.92284,52.32644,0
          4.92301,52.32643,0
          4.92466,52.327,0
          4.92484,52.32713,0
          4.92677,52.32779,0
          4.92684,52.32784,0
          4.92752,52.32807,0
          4.9275,52.32809,0
          4.92748,52.32814,0
          4.92782,52.32827,0
          4.92777,52.32819,0
          4.93197,52.32963,0
          4.93281,52.33005,0
          4.93376,52.33041,0
          4.93402,52.33024,0
          4.93415,52.3302,0
          4.93586,52.33004,0
          4.93612,52.33004,0
          4.93766,52.32986,0
          4.93784,52.32981,0
          4.94067,52.32947,0
          4.94098,52.32948,0
          4.94101,52.32949,0
          4.94106,52.32949,0
          4.94173,52.32967,0
          4.942,52.3298,0
          4.94243,52.32994,0
          4.94269,52.32999,0
          4.94433,52.33055,0
          4.94464,52.33072,0
          4.94489,52.3308,0
          4.9449,52.33081,0
          4.94556,52.33098,0
          4.94734,52.33158,0
          4.94735,52.33156,0
          4.94754,52.3317,0
          4.94827,52.33195,0
          4.94882,52.33206,0
          4.94995,52.33246,0
          4.95036,52.33246,0
          4.95057,52.33249,0
          4.95078,52.33256,0
          4.95084,52.3326,0
          4.95111,52.33289,0
          4.95171,52.33311,0
          4.95185,52.33321,0
          4.95188,52.33322,0
          4.95237,52.33323,0
          4.95243,52.33325,0
          4.95257,52.33337,0
          4.95261,52.33338,0
          4.95266,52.33341,0
          4.95286,52.33347,0
          4.95321,52.33363,0
          4.95384,52.3338,0
          4.95399,52.33391,0
          4.95448,52.3344,0
          4.95475,52.33455,0
          4.95536,52.33514,0
          4.95547,52.33532,0
          4.95547,52.33536,0
          4.95575,52.33562,0
          4.95577,52.33565,0
          4.95584,52.33586,0
          4.95587,52.3359,0
          4.95643,52.33609,0
          4.95653,52.33609,0
          4.95707,52.33627,0
          4.95718,52.33629,0
          4.9592,52.33698,0
          4.9593,52.33703,0
          4.95931,52.33703,0
          4.95932,52.33704,0
          4.95934,52.33704,0
          4.95935,52.33703,0
          4.95941,52.33701,0
          4.95945,52.33706,0
          4.95945,52.33709,0
          4.95946,52.3371,0
          4.95946,52.33711,0
          4.95947,52.33712,0
          4.95948,52.33712,0
          4.95948,52.33713,0
          4.95949,52.33713,0
          4.95957,52.33717,0
          4.95967,52.33717,0
          4.95978,52.33722,0
          4.95977,52.33716,0
          4.95982,52.33714,0
          4.96002,52.33729,0
          4.96047,52.33802,0
          4.96052,52.33801,0
          4.96056,52.33817,0
          4.96061,52.33826,0
          4.96075,52.33829,0
          4.96077,52.33831,0
          4.96177,52.33808,0
          4.96226,52.33803,0
          4.96473,52.3376,0
          4.96493,52.3375,0
          4.96657,52.3372,0
          4.9673,52.33697,0
          4.96736,52.33706,0
          4.9675,52.33702,0
          4.9675,52.33703,0
          4.96751,52.33704,0
          4.96751,52.33705,0
          4.96757,52.33711,0
          4.96741,52.33714,0
          4.96746,52.33721,0
          4.96765,52.33719,0
          4.96767,52.3372,0
          4.96777,52.33721,0
          4.9678,52.33724,0
          4.96793,52.33721,0
          4.96791,52.33717,0
          4.96796,52.33714,0
          4.96797,52.33714,0
          4.96799,52.33712,0
          4.968,52.33712,0
          4.96802,52.33709,0
          4.96814,52.33705,0
          4.96826,52.33696,0
          4.97135,52.33608,0
          4.97147,52.33602,0
          4.97671,52.33451,0
          4.97677,52.33448,0
          4.97684,52.33456,0
          4.97684,52.33457,0
          4.977,52.3348,0
          4.97703,52.33482,0
          4.9771,52.33492,0
          4.97724,52.33501,0
          4.97761,52.33555,0
          4.9776,52.33569,0
          4.97762,52.33568,0
          4.97761,52.33563,0
          4.97771,52.3356,0
          4.97772,52.33568,0
          4.97777,52.33582,0
          4.97777,52.33584,0
          4.97796,52.33612,0
          4.97808,52.33622,0
          4.97816,52.33632,0
          4.97825,52.33652,0
          4.97825,52.33654,0
          4.97843,52.33681,0
          4.97865,52.33702,0
          4.97927,52.33748,0
          4.97968,52.33757,0
          4.9798,52.33763,0
          4.98017,52.33799,0
          4.98078,52.3382,0
          4.98112,52.33848,0
          4.98118,52.33851,0
          4.98153,52.33858,0
          4.98228,52.33902,0
          4.98236,52.33911,0
          4.98239,52.33912,0
          4.98248,52.33911,0
          4.983,52.3389,0
          4.98313,52.33882,0
          4.98326,52.33879,0
          4.98345,52.33869,0
          4.98346,52.33869,0
          4.9836,52.33862,0
          4.98361,52.33862,0
          4.98469,52.33803,0
          4.9847,52.33799,0
          4.98469,52.33795,0
          4.98478,52.33792,0
          4.98525,52.33765,0
          4.98531,52.33765,0
          4.98543,52.3377,0
          4.98591,52.33802,0
          4.98608,52.33817,0
          4.98611,52.33825,0
          4.9859,52.33892,0
          4.9859,52.33895,0
          4.98589,52.33897,0
          4.98589,52.33899,0
          4.98587,52.33903,0
          4.98587,52.33905,0
          4.98586,52.33907,0
          4.98587,52.33908,0
          4.98587,52.3391,0
          4.98591,52.33913,0
          4.98591,52.33914,0
          4.98612,52.33926,0
          4.98613,52.33926,0
          4.98677,52.33961,0
          4.98679,52.33961,0
          4.98679,52.33962,0
          4.98685,52.33964,0
          4.98696,52.33965,0
          4.98714,52.33962,0
          4.98732,52.33963,0
          4.98735,52.33964,0
          4.98736,52.33965,0
          4.98759,52.33968,0
          4.98756,52.33956,0
          4.98763,52.33956,0
          4.98762,52.33943,0
          4.98769,52.33942,0
          4.98815,52.33925,0
          4.98859,52.33914,0
          4.9896,52.33878,0
          4.99032,52.33844,0
          4.99033,52.33844,0
          4.99058,52.33829,0
          4.99204,52.33713,0
          4.99255,52.3368,0
          4.99315,52.33649,0
          4.99567,52.33551,0
          4.99759,52.33495,0
          4.99826,52.33486,0
          4.99877,52.33487,0
          4.99952,52.33499,0
          5.0009,52.33536,0
          5.00232,52.33558,0
          5.00326,52.3356,0
          5.00328,52.33559,0
          5.00358,52.33558,0
          5.00506,52.3354,0
          5.00496,52.33506,0
          5.00497,52.335,0
          5.00581,52.3337,0
          5.00589,52.33354,0
          5.0059,52.33348,0
          5.00615,52.33326,0
          5.00655,52.33306,0
          5.00691,52.33296,0
          5.0091,52.33274,0
          5.01282,52.33277,0
          5.01287,52.33278,0
          5.01921,52.33282,0
          5.01977,52.33275,0
          5.02582,52.33266,0
          5.02587,52.3327,0
          5.02587,52.33272,0
          5.02618,52.33271,0
          5.02621,52.33267,0
          5.02626,52.33264,0
          5.02638,52.33262,0
          5.02892,52.33253,0
          5.04397,52.33248,0
          5.04757,52.3321,0
          5.05555,52.33205,0
          5.06184,52.33124,0
          5.0619,52.33127,0
          5.06511,52.33083,0
          5.06544,52.33073,0
          5.06546,52.33074,0
          5.06549,52.33074,0
          5.0655,52.33075,0
          5.0656,52.33075,0
          5.06561,52.33074,0
          5.06564,52.33074,0
          5.06565,52.33073,0
          5.06566,52.33073,0
          5.06567,52.33072,0
          5.06568,52.33072,0
          5.06568,52.33071,0
          5.06571,52.3307,0
          5.06601,52.33071,0
          5.06828,52.33031,0
          5.06935,52.32998,0
          5.0694,52.32995,0
          5.07003,52.32976,0
          5.07025,52.32974,0
          5.0709,52.32988,0
          5.07127,52.32988,0
          5.07134,52.32985,0
          5.07146,52.32961,0
          5.07146,52.32954,0
          5.07174,52.32901,0
          5.07179,52.32897,0
          5.07194,52.32891,0
          5.07236,52.3289,0
          5.0726,52.32893,0
          5.07306,52.32904,0
          5.07337,52.32907,0
          5.07372,52.32899,0
          5.08274,52.32565,0
          5.08418,52.32497,0
          5.08431,52.32487,0
          5.08447,52.32469,0
          5.08501,52.32467,0
          5.08523,52.32463,0
          5.0861,52.3243,0
          5.08612,52.32428,0
          5.09837,52.3198,0
          5.09838,52.31979,0
          5.09897,52.31956,0
          5.09976,52.31917,0
          5.09992,52.31913,0
          5.10018,52.31898,0
          5.10026,52.3189,0
          5.10062,52.31868,0
          5.10081,52.31876,0
          5.10093,52.31879,0
          5.10182,52.31921,0
          5.1027,52.31859,0
          5.1079,52.31667,0
          5.10799,52.31662,0
          5.10898,52.31629,0
          5.11001,52.31658,0
          5.1107,52.3166,0
          5.11611,52.31724,0
          5.11832,52.31766,0
          5.12001,52.31807,0
          5.12576,52.32021,0
          5.1269,52.32054,0
          5.12706,52.32063,0
          5.12719,52.32079,0
          5.12722,52.3209,0
          5.12725,52.32116,0
          5.1274,52.32131,0
          5.12769,52.32147,0
          5.12994,52.3224,0
          5.12981,52.32242,0
          5.12966,52.32248,0
          5.1296,52.32255,0
          5.12924,52.32262,0
          5.12882,52.3226,0
          5.12853,52.32252,0
          5.12838,52.32244,0
          5.12827,52.32232,0
          5.1282,52.32217,0
          5.12821,52.32201,0
          5.12828,52.32185,0
          5.12843,52.32169,0
          5.12851,52.32164,0
          5.12881,52.32152,0
          5.12905,52.32148,0
          5.12941,52.32148,0
          5.12999,52.32161,0
          5.13105,52.32206,0
          5.13113,52.32208,0
          5.13421,52.32346,0
          5.13672,52.32471,0
          5.13674,52.32473,0
          5.1485,52.33073,0
          5.14869,52.33085,0
          5.14874,52.33085,0
          5.14997,52.33149,0
          5.15041,52.3318,0
          5.15041,52.33181,0
          5.15064,52.3321,0
          5.1507,52.33225,0
          5.15077,52.33225,0
          5.15079,52.33224,0
          5.15088,52.33224,0
          5.15102,52.33228,0
          5.15154,52.3326,0
          5.15172,52.33263,0
          5.15185,52.33258,0
          5.15195,52.33248,0
          5.15269,52.33194,0
          5.1527,52.33194,0
          5.15289,52.33179,0
          5.15308,52.33145,0
          5.15314,52.33138,0
          5.15434,52.33048,0
          5.15459,52.33037,0
          5.1556,52.32966,0
          5.15599,52.32945,0
          5.15633,52.32932,0
          5.1564,52.32939,0
          5.15681,52.32934,0
          5.15713,52.32934,0
          5.15764,52.32943,0
          5.16619,52.33185,0
          5.18374,52.33541,0
          5.18384,52.33545,0
          5.18828,52.33623,0
          5.19088,52.33652,0
          5.19504,52.33669,0
          5.19505,52.33674,0
          5.1995,52.33653,0
          5.20186,52.33624,0
          5.20422,52.33583,0
          5.20427,52.33585,0
          5.20611,52.33573,0
          5.20617,52.33576,0
          5.20632,52.33574,0
          5.20637,52.3357,0
          5.21084,52.33494,0
          5.21087,52.33491,0
          5.21286,52.33458,0
          5.213,52.33463,0
          5.21303,52.33469,0
          5.21368,52.33457,0
          5.21372,52.33454,0
          5.21413,52.33467,0
          5.21421,52.33463,0
          5.21467,52.33455,0
          5.21473,52.33464,0
          5.21478,52.33468,0
          5.21567,52.33498,0
          5.21557,52.33511,0
          5.21643,52.33541,0
          5.21649,52.33541,0
          5.21693,52.33532,0
          5.21701,52.33544,0
          5.21701,52.33545,0
          5.21707,52.33553,0
          5.2207,52.33489,0
          5.22114,52.33491,0
          5.22141,52.33496,0
          5.22385,52.33581,0
          5.22396,52.33589,0
          5.22408,52.33603,0
          5.22464,52.33721,0
          5.22645,52.3369,0
          5.22673,52.33699,0
          5.22716,52.33786,0
          5.22835,52.33765,0
          5.2288,52.33775,0
          5.22942,52.33774,0
          5.23067,52.33808,0
          5.23085,52.33822,0
          5.23088,52.33843,0
          5.23171,52.33868,0
          5.23241,52.33873,0
          5.23408,52.33916,0
          5.23425,52.33923,0
          5.23447,52.33944,0
          5.23456,52.33961,0
          5.23456,52.33991,0
          5.2344,52.34029,0
          5.23497,52.3406,0
          5.23512,52.34079,0
          5.23577,52.34218,0
          5.23583,52.34236,0
          5.23586,52.34253,0
          5.23604,52.34299,0
          5.23693,52.34283,0
          5.23727,52.34354,0
          5.23749,52.34375,0
          5.24028,52.34454,0
          5.24036,52.34454,0
          5.24148,52.34486,0
          5.24183,52.34487,0
          5.24338,52.34459,0
          5.24382,52.34459,0
          5.2441,52.34465,0
          5.24567,52.34519,0
          5.24602,52.34538,0
          5.24721,52.34626,0
          5.24756,52.34645,0
          5.25879,52.35016,0
          5.25976,52.35062,0
          5.26151,52.35105,0
          5.26492,52.35219,0
          5.2697,52.35331,0
          5.27175,52.35389,0
          5.27226,52.35399,0
          5.27319,52.35425,0
          5.27568,52.35521,0
          5.27639,52.35538,0
          5.2766,52.35537,0
          5.27757,52.35547,0
          5.27833,52.35568,0
          5.27842,52.35569,0
          5.2786,52.35567,0
          5.28396,52.35749,0
          5.28396,52.35753,0
          5.28399,52.35756,0
          5.28413,52.35761,0
          5.28425,52.35759,0
          5.28427,52.35761,0
          5.28535,52.35791,0
          5.286,52.35818,0
          5.28632,52.35838,0
          5.2868,52.35877,0
          5.28685,52.35884,0
          5.28724,52.3592,0
          5.28727,52.35926,0
          5.28755,52.35948,0
          5.28861,52.36016,0
          5.28874,52.36019,0
          5.28916,52.36045,0
          5.28921,52.36052,0
          5.29031,52.36124,0
          5.29044,52.36135,0
          5.29225,52.36252,0
          5.29234,52.36264,0
          5.29237,52.36271,0
          5.29241,52.36275,0
          5.29274,52.36289,0
          5.29312,52.36311,0
          5.29236,52.36401,0
          5.29221,52.36414,0
          5.29212,52.36439,0
          5.29217,52.36464,0
          5.29199,52.36468,0
          5.29194,52.36468,0
          5.29168,52.36477,0
          5.2916,52.36483,0
          5.29084,52.36573,0
          5.29083,52.36573,0
          5.29068,52.36592,0
          5.29051,52.36621,0
          5.29051,52.36623,0
          5.29044,52.36639,0
          5.29043,52.3664,0
          5.29036,52.36668,0
          5.29034,52.36716,0
          5.29036,52.36734,0
          5.29045,52.36766,0
          5.29393,52.37328,0
          5.29397,52.37338,0
          5.29411,52.37357,0
          5.29448,52.37388,0
          5.29475,52.37404,0
          5.29531,52.37426,0
          5.29582,52.37439,0
          5.29584,52.37435,0
          5.29879,52.37521,0
          5.2988,52.37522,0
          5.30013,52.37561,0
          5.30014,52.37562,0
          5.30325,52.37656,0
          5.30331,52.37659,0
          5.30324,52.37664,0
          5.30324,52.37668,0
          5.30325,52.37671,0
          5.3033,52.37676,0
          5.30339,52.3768,0
          5.30354,52.37681,0
          5.30384,52.37676,0
          5.31005,52.37868,0
          5.31021,52.37871,0
          5.31342,52.37975,0
          5.31343,52.37976,0
          5.31854,52.38149,0
          5.31856,52.38149,0
          5.31981,52.38194,0
          5.31983,52.38194,0
          5.32821,52.38488,0
          5.32854,52.38505,0
          5.32955,52.38543,0
          5.32956,52.38544,0
          5.33308,52.38673,0
          5.3331,52.38673,0
          5.34466,52.39126,0
          5.34587,52.39183,0
          5.34728,52.39235,0
          5.36275,52.39919,0
          5.3628,52.39923,0
          5.37046,52.40288,0
          5.37051,52.40292,0
          5.38475,52.40967,0
          5.43606,52.43183,0
          5.43606,52.43186,0
          5.43542,52.43241,0
          5.43543,52.43243,0
          5.43676,52.43299,0
          5.43727,52.43315,0
          5.43895,52.43389,0
          5.43903,52.43396,0
          5.43942,52.43415,0
          5.4399,52.43427,0
          5.44266,52.43547,0
          5.44293,52.43564,0
          5.44639,52.43714,0
          5.4472,52.43668,0
          5.44795,52.43643,0
          5.44802,52.43643,0
          5.44805,52.43642,0
          5.44811,52.43642,0
          5.44826,52.43638,0
          5.44827,52.43637,0
          5.44896,52.43609,0
          5.44911,52.43605,0
          5.44919,52.43605,0
          5.44925,52.43607,0
          5.45328,52.43865,0
          5.45354,52.43851,0
          5.4536,52.43853,0
          5.4724,52.45059,0
          5.47248,52.45062,0
          5.48089,52.45602,0
          5.48355,52.45762,0
          5.48363,52.45778,0
          5.48362,52.4578,0
          5.48362,52.45787,0
          5.4837,52.45786,0
          5.48372,52.45791,0
          5.48383,52.458,0
          5.48386,52.458,0
          5.48391,52.45802,0
          5.48402,52.45803,0
          5.48403,52.45806,0
          5.48414,52.45805,0
          5.48439,52.45812,0
          5.51161,52.47332,0
          5.51167,52.47337,0
          5.51193,52.4735,0
          5.51195,52.47353,0
          5.51245,52.47382,0
          5.51274,52.47404,0
          5.51316,52.47422,0
          5.51338,52.47427,0
          5.52008,52.47744,0
          5.52023,52.4773,0
          5.52038,52.477,0
          5.52091,52.47658,0
          5.5227,52.47578,0
          5.52873,52.47859,0
          5.52875,52.47861,0
          5.53016,52.47926,0
          5.54113,52.47067,0
          5.55256,52.47606,0
          5.55713,52.47771,0
          5.55718,52.47775,0
          5.55829,52.47815,0
          5.55839,52.47816,0
          5.60127,52.49321,0
          5.61157,52.49733,0
          5.61165,52.49734,0
          5.63375,52.5062,0
          5.63659,52.50709,0
          5.63658,52.50711,0
          5.63658,52.50716,0
          5.63659,52.50717,0
          5.63659,52.50719,0
          5.6366,52.50719,0
          5.6366,52.5072,0
          5.63663,52.50723,0
          5.63664,52.50723,0
          5.63665,52.50724,0
          5.63676,52.50728,0
          5.63678,52.50728,0
          5.63679,52.50729,0
          5.63687,52.50729,0
          5.63689,52.50728,0
          5.63692,52.50728,0
          5.63694,52.50727,0
          5.63696,52.50727,0
          5.63697,52.50726,0
          5.63698,52.50726,0
          5.63699,52.50725,0
          5.63702,52.50724,0
          5.63706,52.50718,0
          5.63742,52.50728,0
          5.63769,52.50745,0
          5.63803,52.50787,0
          5.64076,52.51183,0
          5.64106,52.51233,0
          5.64133,52.51295,0
          5.64148,52.51349,0
          5.64156,52.51408,0
          5.64158,52.51477,0
          5.6414,52.51557,0
          5.64141,52.51562,0
          5.64138,52.51582,0
          5.64281,52.51594,0
          5.64295,52.51597,0
          5.65405,52.51672,0
          5.67197,52.51737,0
          5.67196,52.51743,0
          5.67293,52.51749,0
          5.67307,52.51747,0
          5.67351,52.51748,0
          5.6735,52.51768,0
          5.67357,52.51768,0
          5.67372,52.51771,0
          5.67461,52.51802,0
          5.67476,52.51805,0
          5.67818,52.51816,0
          5.67953,52.51782,0
          5.68374,52.51796,0
          5.68414,52.51786,0
          5.68436,52.51797,0
          5.68986,52.51804,0
          5.69011,52.51799,0
          5.69037,52.51797,0
          5.69039,52.51902,0
          5.69045,52.51927,0
          5.69064,52.51954,0
          5.69106,52.51989,0
          5.69145,52.52007,0
          5.6918,52.52017,0
          5.69285,52.52037,0
          5.69291,52.5204,0
          5.69346,52.5205,0
          5.69354,52.52053,0
          5.69745,52.52125,0
          5.69746,52.5213,0
          5.69751,52.52137,0
          5.69756,52.5214,0
          5.69778,52.52143,0
          5.69788,52.52141,0
          5.69797,52.52135,0
          5.7067,52.52299,0
          5.70676,52.52304,0
          5.70694,52.52307,0
          5.70711,52.52307,0
          5.71158,52.5239,0
          5.71288,52.52398,0
          5.71359,52.52395,0
          5.71366,52.52401,0
          5.71372,52.52404,0
          5.71383,52.52405,0
          5.71396,52.52437,0
          5.71397,52.52438,0
          5.71408,52.52464,0
          5.71432,52.5254,0
          5.71444,52.52607,0
          5.71443,52.52612,0
          5.71445,52.52627,0
          5.71444,52.52628,0
          5.71442,52.52628,0
          5.71441,52.52629,0
          5.7144,52.52629,0
          5.7144,52.5263,0
          5.71439,52.5263,0
          5.71437,52.52632,0
          5.71436,52.52632,0
          5.71436,52.52633,0
          5.71435,52.52633,0
          5.71435,52.52634,0
          5.71434,52.52635,0
          5.71434,52.52636,0
          5.71433,52.52637,0
          5.71433,52.52642,0
          5.71434,52.52643,0
          5.71434,52.52644,0
          5.71441,52.52651,0
          5.71442,52.52651,0
          5.71443,52.52652,0
          5.71445,52.52652,0
          5.71446,52.52653,0
          5.71449,52.52653,0
          5.7145,52.52654,0
          5.71455,52.52654,0
          5.71465,52.52677,0
          5.71477,52.52695,0
          5.71553,52.5277,0
          5.71566,52.52786,0
          5.71566,52.52789,0
          5.71583,52.52809,0
          5.71632,52.52889,0
          5.71636,52.52893,0
          5.71659,52.52905,0
          5.71665,52.52906,0
          5.7177,52.52901,0
          5.71777,52.52898,0
          5.72011,52.52888,0
          5.72012,52.5289,0
          5.72013,52.5289,0
          5.72015,52.52892,0
          5.72017,52.52892,0
          5.72018,52.52893,0
          5.7202,52.52893,0
          5.72021,52.52894,0
          5.72023,52.52894,0
          5.72035,52.52922,0
          5.72102,52.53212,0
          5.72102,52.53217,0
          5.72121,52.53289,0
          5.72119,52.53294,0
          5.72114,52.53297,0
          5.72114,52.53298,0
          5.72112,52.533,0
          5.72111,52.53303,0
          5.72118,52.53304,0
          5.72117,52.5331,0
          5.72122,52.53318,0
          5.72127,52.5332,0
          5.72128,52.53321,0
          5.7213,52.53321,0
          5.72132,52.53322,0
          5.72153,52.53369,0
          5.72175,52.53443,0
          5.7221,52.53517,0
          5.72203,52.53524,0
          5.72203,52.53526,0
          5.72202,52.53527,0
          5.72202,52.5353,0
          5.72203,52.53531,0
          5.72203,52.53533,0
          5.72204,52.53533,0
          5.72208,52.5354,0
          5.72212,52.53543,0
          5.72213,52.53543,0
          5.72216,52.53545,0
          5.72217,52.53545,0
          5.72218,52.53546,0
          5.7222,52.53546,0
          5.72225,52.53548,0
          5.72231,52.53548,0
          5.72233,52.53549,0
          5.7224,52.53549,0
          5.72244,52.53552,0
          5.72259,52.53557,0
          5.72286,52.53587,0
          5.72297,52.53594,0
          5.72424,52.53719,0
          5.72437,52.5372,0
          5.72434,52.53726,0
          5.72441,52.53727,0
          5.72444,52.5373,0
          5.72444,52.53731,0
          5.72445,52.53732,0
          5.72453,52.53732,0
          5.72453,52.53738,0
          5.72452,52.53739,0
          5.72452,52.5374,0
          5.72449,52.53744,0
          5.72454,52.53753,0
          5.72602,52.53913,0
          5.72617,52.53925,0
          5.72625,52.53923,0
          5.72654,52.53923,0
          5.72663,52.5393,0
          5.7288,52.53861,0
          5.73019,52.5383,0
          5.7319,52.53807,0
          5.73201,52.53803,0
          5.73338,52.53792,0
          5.7335,52.53794,0
          5.73872,52.53773,0
          5.73876,52.53765,0
          5.73882,52.53758,0
          5.73901,52.53747,0
          5.73907,52.53753,0
          5.73919,52.53751,0
          5.73941,52.53755,0
          5.73962,52.53766,0
          5.73968,52.53772,0
          5.73984,52.53768,0
          5.7443,52.5377,0
          5.74435,52.53771,0
          5.76027,52.53713,0
          5.76297,52.53716,0
          5.76671,52.5374,0
          5.76939,52.53772,0
          5.78558,52.5405,0
          5.78573,52.5405,0
          5.78719,52.54075,0
          5.7873,52.5408,0
          5.78877,52.54102,0
          5.78889,52.54107,0
          5.79013,52.5413,0
          5.79024,52.54134,0
          5.81293,52.54521,0
          5.81308,52.54521,0
          5.8146,52.54541,0
          5.81467,52.54544,0
          5.81619,52.54558,0
          5.81633,52.54563,0
          5.81968,52.54585,0
          5.827,52.54584,0
          5.83523,52.54531,0
          5.83524,52.5453,0
          5.83744,52.54511,0
          5.84202,52.54447,0
          5.84332,52.54435,0
          5.84344,52.54431,0
          5.8453,52.54417,0
          5.84541,52.54421,0
          5.84732,52.54413,0
          5.85013,52.54415,0
          5.85028,52.54412,0
          5.85337,52.54425,0
          5.85349,52.54429,0
          5.85807,52.5447,0
          5.86024,52.54498,0
          5.86226,52.54549,0
          5.86383,52.54608,0
          5.86482,52.54658,0
          5.86611,52.54743,0
          5.86741,52.54844,0
          5.86819,52.54897,0
          5.86968,52.54976,0
          5.87748,52.55307,0
          5.87761,52.55309,0
          5.87841,52.55335,0
          5.87857,52.55337,0
          5.88055,52.55408,0
          5.88061,52.55413,0
          5.8836,52.55519,0
          5.88403,52.55531,0
          5.88561,52.55558,0
          5.88601,52.55561,0
          5.88611,52.55566,0
          5.88674,52.55568,0
          5.88686,52.55565,0
          5.88772,52.55563,0
          5.88784,52.55565,0
          5.89698,52.55507,0
          5.89699,52.55493,0
          5.89715,52.5549,0
          5.89747,52.55492,0
          5.89754,52.55495,0
          5.89759,52.55499,0
          5.89802,52.55502,0
          5.90317,52.55641,0
          5.90385,52.5565,0
          5.90433,52.55665,0
          5.90443,52.55659,0
          5.90463,52.55665,0
          5.905,52.55681,0
          5.90512,52.55684,0
          5.90566,52.5569,0
          5.90712,52.55732,0
          5.90719,52.55726,0
          5.90723,52.55724,0
          5.90726,52.55724,0
          5.9073,52.55722,0
          5.90889,52.55704,0
          5.9096,52.5568,0
          5.9099,52.55666,0
          5.91013,52.55659,0
          5.91089,52.55657,0
          5.91101,52.55704,0
          5.91108,52.55717,0
          5.91116,52.55723,0
          5.91125,52.55726,0
          5.91126,52.55727,0
          5.91174,52.55742,0
          5.91176,52.55741,0
          5.91397,52.558,0
          5.91406,52.558,0
          5.91539,52.55837,0
          5.9155,52.55843,0
          5.91662,52.55871,0
          5.91671,52.55862,0
          5.91702,52.55874,0
          5.91712,52.55875,0
          5.91736,52.55889,0
          5.91762,52.559,0
          5.91763,52.55901,0
          5.92045,52.56019,0
          5.92075,52.56025,0
          5.9213,52.56028,0
          5.92131,52.56027,0
          5.92231,52.56006,0
          5.92245,52.56,0
          5.92265,52.55997,0
          5.92278,52.55998,0
          5.92462,52.56062,0
          5.9247,52.56063,0
          5.92521,52.56081,0
          5.92531,52.56087,0
          5.93186,52.56323,0
          5.93187,52.56324,0
          5.93225,52.56338,0
          5.93227,52.56334,0
          5.93234,52.56328,0
          5.93402,52.56277,0
          5.93557,52.56277,0
          5.93604,52.56267,0
          5.93615,52.56267,0
          5.93622,52.56265,0
          5.9364,52.56264,0
          5.93659,52.56259,0
          5.9366,52.56261,0
          5.93725,52.56241,0
          5.93876,52.56182,0
          5.93912,52.56177,0
          5.93926,52.56177,0
          5.93935,52.56172,0
          5.93966,52.56164,0
          5.94009,52.56139,0
          5.9404,52.56146,0
          5.94133,52.56177,0
          5.9419,52.56189,0
          5.94312,52.56195,0
          5.94528,52.56225,0
          5.94572,52.56224,0
          5.94826,52.56193,0
          5.94873,52.56177,0
          5.94911,52.56156,0
          5.95002,52.56089,0
          5.95016,52.56081,0
          5.95202,52.56025,0
          5.95269,52.55999,0
          5.95343,52.5595,0
          5.95344,52.5595,0
          5.95376,52.55927,0
          5.95381,52.55921,0
          5.95386,52.5591,0
          5.9539,52.55906,0
          5.95437,52.55816,0
          5.95448,52.55802,0
          5.95478,52.55775,0
          5.95523,52.55744,0
          5.95605,52.55705,0
          5.95656,52.55674,0
          5.95686,52.55639,0
          5.95769,52.55509,0
          5.95801,52.55485,0
          5.95823,52.5549,0
          5.95996,52.55511,0
          5.99279,52.56436,0
          5.99261,52.56479,0
          5.99261,52.56482,0
          5.9931,52.56489,0
          6.02248,52.5732,0
          6.02244,52.57325,0
          6.02227,52.57365,0
          6.02612,52.57477,0
          6.02739,52.57521,0
          6.03227,52.57657,0
          6.0323,52.57657,0
          6.05219,52.58208,0
          6.05314,52.58098,0
          6.07556,52.58731,0
          6.07756,52.58769,0
          6.08021,52.58846,0
          6.08065,52.58868,0
          6.08083,52.5888,0
          6.08113,52.58908,0
          6.08128,52.58928,0
          6.08157,52.58982,0
          6.08157,52.58983,0
          6.08158,52.58983,0
          6.08158,52.58984,0
          6.0816,52.58986,0
          6.08161,52.58986,0
          6.08162,52.58987,0
          6.0817,52.5899,0
          6.08302,52.58968,0
          6.08356,52.58964,0
          6.08376,52.5897,0
          6.08393,52.58981,0
          6.08386,52.58986,0
          6.08355,52.5902,0
          6.08347,52.59035,0
          6.08345,52.5905,0
          6.08347,52.59067,0
          6.08352,52.59078,0
          6.08357,52.59085,0
          6.0838,52.59107,0
          6.08404,52.59123,0
          6.08425,52.59132,0
          6.08431,52.59136,0
          6.08681,52.59249,0
          6.08757,52.59274,0
          6.08887,52.59292,0
          6.08892,52.59291,0
          6.08895,52.59286,0
          6.08901,52.59287,0
          6.08925,52.59296,0
          6.08963,52.59304,0
          6.09048,52.59344,0
          6.09073,52.59359,0
          6.09086,52.59363,0
          6.09173,52.59402,0
          6.09206,52.59413,0
          6.09218,52.5942,0
          6.09255,52.59428,0
          6.0934,52.59466,0
          6.09333,52.59471,0
          6.09345,52.59477,0
          6.0935,52.59478,0
          6.09367,52.59494,0
          6.09399,52.59512,0
          6.0949,52.59552,0
          6.0953,52.59583,0
          6.09552,52.59612,0
          6.09565,52.59637,0
          6.09565,52.59638,0
          6.096,52.59707,0
          6.09744,52.60089,0
          6.09749,52.60097,0
          6.09756,52.60096,0
          6.10045,52.60229,0
          6.10095,52.6024,0
          6.10133,52.6024,0
          6.10183,52.60235,0
          6.10211,52.60242,0
          6.10533,52.60362,0
          6.11421,52.60734,0
          6.11915,52.60859,0
          6.12021,52.60892,0
          6.12888,52.61001,0
          6.13684,52.61008,0
          6.17744,52.61121,0
          6.17833,52.61113,0
          6.17839,52.61124,0
          6.17844,52.6113,0
          6.17851,52.61134,0
          6.17947,52.61161,0
          6.17967,52.61169,0
          6.18058,52.61217,0
          6.18059,52.61217,0
          6.18283,52.61333,0
          6.18288,52.61337,0
          6.18466,52.61427,0
          6.18472,52.61432,0
          6.18592,52.6148,0
          6.18588,52.61505,0
          6.18595,52.61546,0
          6.18599,52.61554,0
          6.18614,52.61568,0
          6.18624,52.6157,0
          6.18476,52.61898,0
          6.18472,52.61904,0
          6.183,52.62288,0
          6.18281,52.62344,0
          6.18278,52.6236,0
          6.1827,52.625,0
          6.1827,52.62638,0
          6.18269,52.62641,0
          6.18273,52.62703,0
          6.18272,52.62709,0
          6.18291,52.62797,0
          6.18314,52.62866,0
          6.18374,52.62983,0
          6.1844,52.63082,0
          6.18471,52.63117,0
          6.18471,52.63118,0
          6.18499,52.63145,0
          6.18502,52.6315,0
          6.18851,52.63525,0
          6.19085,52.63713,0
          6.19242,52.6381,0
          6.19283,52.6383,0
          6.19287,52.63834,0
          6.1995,52.64197,0
          6.19952,52.64199,0
          6.20138,52.643,0
          6.20144,52.64306,0
          6.20165,52.64311,0
          6.20176,52.64319,0
          6.20178,52.64322,0
          6.20184,52.64327,0
          6.20235,52.6434,0
          6.20247,52.64345,0
          6.20251,52.64351,0
          6.20252,52.6436,0
          6.20265,52.64364,0
          6.20277,52.6437,0
          6.20282,52.64377,0
          6.20413,52.64433,0
          6.20418,52.64437,0
          6.20495,52.64467,0
          6.20506,52.64474,0
          6.20848,52.64621,0
          6.20851,52.64619,0
          6.20863,52.64617,0
          6.20883,52.64623,0
          6.20887,52.64632,0
          6.20884,52.64638,0
          6.20989,52.64686,0
          6.20997,52.64688,0
          6.21048,52.6471,0
          6.21506,52.64869,0
          6.21527,52.64879,0
          6.22476,52.65206,0
          6.22834,52.65304,0
          6.23055,52.6535,0
          6.23173,52.65383,0
          6.25082,52.66199,0
          6.25087,52.66203,0
          6.26163,52.6664,0
          6.26176,52.66641,0
          6.26183,52.66649,0
          6.26181,52.66653,0
          6.26178,52.66668,0
          6.2617,52.66676,0
          6.26166,52.66694,0
          6.26166,52.66702,0
          6.26169,52.66709,0
          6.26175,52.66716,0
          6.26183,52.6672,0
          6.26567,52.66798,0
          6.26617,52.66813,0
          6.26708,52.66851,0
          6.27158,52.66913,0
          6.27181,52.66919,0
          6.27234,52.66942,0
          6.27306,52.66963,0
          6.27352,52.66972,0
          6.27373,52.66972,0
          6.27409,52.66966,0
          6.27411,52.66971,0
          6.27407,52.66998,0
          6.28044,52.67091,0
          6.28067,52.67101,0
          6.28081,52.67116,0
          6.28083,52.6712,0
          6.28095,52.67199,0
          6.28102,52.67206,0
          6.28107,52.67239,0
          6.28106,52.67244,0
          6.28097,52.67255,0
          6.2814,52.67271,0
          6.28215,52.67284,0
          6.28306,52.67292,0
          6.28436,52.67294,0
          6.28489,52.67288,0
          6.28496,52.67285,0
          6.28551,52.67272,0
          6.28642,52.67242,0
          6.28659,52.67241,0
          6.28687,52.67234,0
          6.28695,52.67229,0
          6.28761,52.67215,0
          6.29266,52.67182,0
          6.29293,52.67186,0
          6.2931,52.67191,0
          6.29428,52.67241,0
          6.29509,52.67265,0
          6.29871,52.67278,0
          6.29907,52.67291,0
          6.29923,52.67293,0
          6.29924,52.67299,0
          6.29964,52.67289,0
          6.30307,52.67303,0
          6.3039,52.67301,0
          6.30413,52.67298,0
          6.30477,52.67281,0
          6.30535,52.67258,0
          6.30643,52.67193,0
          6.30706,52.67169,0
          6.30978,52.67103,0
          6.31031,52.67098,0
          6.31136,52.67102,0
          6.31187,52.6711,0
          6.3149,52.67221,0
          6.31767,52.67274,0
          6.31851,52.67282,0
          6.32013,52.67281,0
          6.32044,52.67277,0
          6.32367,52.67183,0
          6.3251,52.67163,0
          6.3266,52.67133,0
          6.33021,52.67089,0
          6.33032,52.67086,0
          6.3315,52.67075,0
          6.33328,52.67077,0
          6.33329,52.6709,0
          6.33333,52.67099,0
          6.34001,52.67695,0
          6.34002,52.67697,0
          6.34039,52.67727,0
          6.34094,52.6778,0
          6.34106,52.67799,0
          6.34133,52.67797,0
          6.34168,52.67803,0
          6.34192,52.67811,0
          6.34214,52.67824,0
          6.34285,52.67884,0
          6.34398,52.67933,0
          6.34408,52.67935,0
          6.34597,52.68016,0
          6.34758,52.68075,0
          6.35156,52.68186,0
          6.35493,52.68266,0
          6.35769,52.68313,0
          6.37446,52.68533,0
          6.37474,52.68539,0
          6.37735,52.68658,0
          6.37764,52.68666,0
          6.38212,52.68839,0
          6.38357,52.68903,0
          6.38393,52.68915,0
          6.38413,52.68919,0
          6.38574,52.68934,0
          6.38636,52.68952,0
          6.38666,52.68965,0
          6.38696,52.68984,0
          6.38697,52.68984,0
          6.38911,52.69132,0
          6.39182,52.69352,0
          6.39183,52.69352,0
          6.39227,52.69394,0
          6.39552,52.69663,0
          6.39552,52.69666,0
          6.40476,52.70444,0
          6.40679,52.70586,0
          6.40781,52.70646,0
          6.40792,52.70648,0
          6.40812,52.70646,0
          6.41112,52.7054,0
          6.41132,52.70539,0
          6.41216,52.70563,0
          6.41222,52.70568,0
          6.41224,52.70574,0
          6.41219,52.70583,0
          6.41109,52.70723,0
          6.41103,52.70738,0
          6.41102,52.70739,0
          6.41103,52.70748,0
          6.41106,52.70754,0
          6.41112,52.70761,0
          6.41124,52.70769,0
          6.41141,52.70775,0
          6.41971,52.70972,0
          6.42869,52.71233,0
          6.42999,52.71264,0
          6.43127,52.71285,0
          6.43271,52.713,0
          6.43493,52.71302,0
          6.43676,52.71289,0
          6.43697,52.71432,0
          6.43704,52.71438,0
          6.43723,52.71442,0
          6.43726,52.71436,0
          6.43728,52.71435,0
          6.43733,52.71436,0
          6.43744,52.7143,0
          6.43762,52.71427,0
          6.43807,52.71426,0
          6.43845,52.71418,0
          6.43904,52.71414,0
          6.4394,52.71406,0
          6.44173,52.71375,0
          6.44253,52.71343,0
          6.44357,52.71333,0
          6.44387,52.71334,0
          6.44495,52.71324,0
          6.44554,52.71325,0
          6.44608,52.71318,0
          6.44741,52.71316,0
          6.44744,52.71313,0
          6.44748,52.71311,0
          6.44937,52.713,0
          6.44978,52.7129,0
          6.44999,52.71288,0
          6.45067,52.71291,0
          6.45068,52.71293,0
          6.45094,52.71293,0
          6.45101,52.71295,0
          6.45134,52.71321,0
          6.45154,52.71315,0
          6.45182,52.71314,0
          6.45198,52.71311,0
          6.45287,52.71312,0
          6.45296,52.71306,0
          6.45304,52.71303,0
          6.45428,52.713,0
          6.45431,52.71298,0
          6.45452,52.71293,0
          6.45461,52.71297,0
          6.45484,52.71296,0
          6.45484,52.71293,0
          6.45493,52.71279,0
          6.45509,52.71267,0
          6.45519,52.7127,0
          6.45532,52.71268,0
          6.45543,52.71264,0
          6.45578,52.71259,0
          6.45984,52.71234,0
          6.46037,52.71214,0
          6.46177,52.71196,0
          6.46179,52.71195,0
          6.4626,52.71192,0
          6.46344,52.71199,0
          6.46348,52.71195,0
          6.46356,52.71191,0
          6.47652,52.71101,0
          6.47653,52.711,0
          6.47682,52.71099,0
          6.47688,52.711,0
          6.48465,52.71055,0
          6.48676,52.71057,0
          6.48909,52.7107,0
          6.49274,52.71104,0
          6.49399,52.71124,0
          6.49694,52.71193,0
          6.49865,52.71249,0
          6.5057,52.71524,0
          6.50572,52.71526,0
          6.50924,52.71663,0
          6.5094,52.71667,0
          6.51594,52.71928,0
          6.51604,52.71935,0
          6.51605,52.71935,0
          6.51631,52.71953,0
          6.51632,52.71959,0
          6.51639,52.71961,0
          6.5172,52.72026,0
          6.51765,52.72072,0
          6.51794,52.72108,0
          6.51822,52.72156,0
          6.51945,52.72146,0
          6.51981,52.72151,0
          6.51982,52.72152,0
          6.51982,52.72153,0
          6.51986,52.72157,0
          6.51987,52.72157,0
          6.51987,52.72158,0
          6.51988,52.72158,0
          6.51989,52.72159,0
          6.5199,52.72159,0
          6.51991,52.7216,0
          6.51993,52.7216,0
          6.51994,52.72161,0
          6.51995,52.72161,0
          6.51996,52.72162,0
          6.52002,52.72162,0
          6.52004,52.72163,0
          6.52008,52.72163,0
          6.52009,52.72162,0
          6.5202,52.72158,0
          6.52022,52.72156,0
          6.52023,52.72156,0
          6.52026,52.72153,0
          6.52026,52.72152,0
          6.52027,52.72152,0
          6.52027,52.7215,0
          6.52028,52.72148,0
          6.52588,52.72129,0
          6.52601,52.72126,0
          6.53447,52.72089,0
          6.53454,52.72152,0
          6.53457,52.7216,0
          6.53463,52.72167,0
          6.53465,52.72183,0
          6.53463,52.72188,0
          6.53461,52.72228,0
          6.53464,52.72236,0
          6.53474,52.72341,0
          6.53471,52.72348,0
          6.53478,52.72408,0
          6.53483,52.72415,0
          6.53489,52.72486,0
          6.53487,52.72498,0
          6.53491,52.72525,0
          6.53493,52.7253,0
          6.53496,52.72558,0
          6.5351,52.72588,0
          6.53519,52.72596,0
          6.53532,52.72612,0
          6.53552,52.72625,0
          6.53608,52.72598,0
          6.5365,52.7259,0
          6.56529,52.72479,0
          6.5654,52.72477,0
          6.56806,52.72472,0
          6.56814,52.7247,0
          6.57584,52.72443,0
          6.57588,52.72444,0
          6.57602,52.7258,0
          6.57606,52.72586,0
          6.58366,52.73332,0
          6.58495,52.73448,0
          6.585,52.73451,0
          6.58654,52.73606,0
          6.58661,52.73611,0
          6.58819,52.73765,0
          6.5888,52.73805,0
          6.59078,52.73899,0
          6.59121,52.73929,0
          6.60686,52.75411,0
          6.6069,52.75417,0
          6.61301,52.75995,0
          6.61325,52.76011,0
          6.61322,52.76016,0
          6.61363,52.76041,0
          6.61645,52.76309,0
          6.61654,52.76307,0
          6.61661,52.76303,0
          6.61673,52.76299,0
          6.61691,52.76297,0
          6.6243,52.76294,0
          6.62618,52.76286,0
          6.6262,52.76311,0
          6.62626,52.76328,0
          6.62631,52.76337,0
          6.62631,52.76338,0
          6.62648,52.76356,0
          6.63126,52.76761,0
          6.63247,52.76743,0
          6.6363,52.77081,0
          6.64103,52.77522,0
          6.64207,52.775,0
          6.64373,52.77504,0
          6.64493,52.77562,0
          6.64834,52.77769,0
          6.64842,52.778,0
          6.64857,52.77808,0
          6.64864,52.77826,0
          6.64913,52.77856,0
          6.64939,52.77855,0
          6.65101,52.77821,0
          6.65217,52.77804,0
          6.65241,52.7781,0
          6.65316,52.77821,0
          6.65316,52.77834,0
          6.65317,52.77836,0
          6.65316,52.77841,0
          6.65946,52.77889,0
          6.65956,52.77888,0
          6.66207,52.7791,0
          6.66884,52.77934,0
          6.66969,52.77925,0
          6.67668,52.77813,0
          6.68467,52.77799,0
          6.68579,52.77805,0
          6.68691,52.77824,0
          6.68804,52.77852,0
          6.68919,52.77895,0
          6.68993,52.77933,0
          6.6925,52.78085,0
          6.69287,52.78111,0
          6.69324,52.78131,0
          6.69383,52.78146,0
          6.69423,52.78149,0
          6.69575,52.78148,0
          6.69639,52.78141,0
          6.69664,52.78141,0
          6.69697,52.78145,0
          6.69881,52.78191,0
          6.70067,52.78224,0
          6.70077,52.78224,0
          6.70085,52.78227,0
          6.70126,52.78229,0
          6.70157,52.78226,0
          6.70162,52.78235,0
          6.70207,52.7828,0
          6.70219,52.78284,0
          6.70224,52.78289,0
          6.70234,52.78293,0
          6.70286,52.78334,0
          6.70306,52.78344,0
          6.71449,52.78691,0
          6.71518,52.78717,0
          6.71699,52.7881,0
          6.71708,52.78812,0
          6.72046,52.78983,0
          6.72053,52.78988,0
          6.72107,52.79014,0
          6.72112,52.79018,0
          6.72272,52.79099,0
          6.7228,52.79101,0
          6.72502,52.79215,0
          6.72558,52.79256,0
          6.72594,52.79277,0
          6.72752,52.79337,0
          6.72756,52.7934,0
          6.72963,52.79285,0
          6.73016,52.79277,0
          6.73172,52.79277,0
          6.73174,52.79278,0
          6.73274,52.7928,0
          6.73313,52.79287,0
          6.73321,52.7929,0
          6.73345,52.79293,0
          6.73536,52.79289,0
          6.73617,52.79293,0
          6.74147,52.79403,0
          6.74364,52.79475,0
          6.7436,52.79485,0
          6.74359,52.79495,0
          6.7436,52.79496,0
          6.74361,52.79504,0
          6.74404,52.79638,0
          6.74416,52.79659,0
          6.74442,52.79678,0
          6.74529,52.79714,0
          6.74827,52.79756,0
          6.74843,52.79762,0
          6.74845,52.79765,0
          6.75514,52.80036,0
          6.75581,52.80058,0
          6.75769,52.80032,0
          6.76052,52.80012,0
          6.76051,52.79965,0
          6.76474,52.79824,0
          6.76558,52.79898,0
          6.76598,52.79942,0
          6.76619,52.79947,0
          6.76853,52.79935,0
          6.76961,52.80566,0
          6.76979,52.80566,0
          6.77162,52.80597,0
          6.77165,52.80599,0
          6.7875,52.81075,0
          6.78777,52.81078,0
          6.7878,52.81081,0
          6.78785,52.81083,0
          6.78794,52.81092,0
          6.78817,52.81099,0
          6.78817,52.81101,0
          6.78824,52.81106,0
          6.78925,52.81144,0
          6.79018,52.81169,0
          6.79034,52.81171,0
          6.79071,52.81169,0
          6.7911,52.81158,0
          6.79138,52.81145,0
          6.79254,52.81053,0
          6.79263,52.81048,0
          6.79276,52.81046,0
          6.79291,52.81047,0
          6.8141,52.81622,0
          6.81633,52.81691,0
          6.81695,52.81646,0
          6.81941,52.81506,0
          6.81972,52.8148,0
          6.82005,52.81485,0
          6.82753,52.8152,0
          6.83272,52.81505,0
          6.83348,52.81514,0
          6.83391,52.81527,0
          6.84075,52.81836,0
          6.84197,52.81913,0
          6.84315,52.81998,0
          6.8451,52.8217,0
          6.84673,52.82286,0
          6.84672,52.82287,0
          6.84671,52.82287,0
          6.84671,52.82288,0
          6.8467,52.82288,0
          6.8467,52.82289,0
          6.84669,52.8229,0
          6.84669,52.82291,0
          6.84668,52.82292,0
          6.84668,52.82295,0
          6.84669,52.82296,0
          6.84669,52.82298,0
          6.8467,52.82298,0
          6.8467,52.82299,0
          6.84671,52.82299,0
          6.84671,52.823,0
          6.84672,52.823,0
          6.84672,52.82301,0
          6.84673,52.82301,0
          6.8468,52.82305,0
          6.84684,52.82305,0
          6.84685,52.82306,0
          6.84692,52.82306,0
          6.84692,52.82305,0
          6.84697,52.82305,0
          6.84699,52.82304,0
          6.84842,52.82403,0
          6.84835,52.82408,0
          6.84831,52.82416,0
          6.84831,52.8242,0
          6.84836,52.82429,0
          6.84841,52.82434,0
          6.84855,52.8244,0
          6.84876,52.82441,0
          6.84887,52.82438,0
          6.84915,52.8246,0
          6.84923,52.82462,0
          6.85209,52.82665,0
          6.85451,52.82799,0
          6.85487,52.82827,0
          6.85489,52.8283,0
          6.85505,52.82844,0
          6.85513,52.8284,0
          6.85528,52.82852,0
          6.85553,52.82867,0
          6.85594,52.82881,0
          6.85603,52.82877,0
          6.85613,52.82877,0
          6.85615,52.82876,0
          6.85617,52.82877,0
          6.85623,52.82877,0
          6.85631,52.82881,0
          6.85633,52.82881,0
          6.85639,52.82886,0
          6.85642,52.82892,0
          6.85641,52.82894,0
          6.85659,52.82906,0
          6.8566,52.82908,0
          6.85682,52.82919,0
          6.86274,52.83294,0
          6.86287,52.833,0
          6.86668,52.8354,0
          6.867,52.83568,0
          6.87206,52.83886,0
          6.87328,52.83953,0
          6.87423,52.83989,0
          6.87605,52.84044,0
          6.87724,52.84096,0
          6.87837,52.84164,0
          6.87887,52.84199,0
          6.87899,52.84197,0
          6.87912,52.84198,0
          6.87926,52.84205,0
          6.87928,52.84211,0
          6.87928,52.84217,0
          6.87923,52.84223,0
          6.88043,52.84313,0
          6.8813,52.84362,0
          6.88177,52.84383,0
          6.88407,52.84461,0
          6.88412,52.84465,0
          6.89586,52.84834,0
          6.89712,52.84882,0
          6.89741,52.8489,0
          6.89744,52.84888,0
          6.89747,52.84888,0
          6.89748,52.84887,0
          6.8977,52.84889,0
          6.8978,52.84896,0
          6.8978,52.84897,0
          6.89781,52.84898,0
          6.89781,52.84904,0
          6.8978,52.84906,0
          6.8981,52.84927,0
          6.89819,52.84929,0
          6.91302,52.85645,0
          6.91308,52.85643,0
          6.91311,52.85643,0
          6.91324,52.85647,0
          6.91326,52.85651,0
          6.91326,52.85655,0
          6.9259,52.86272,0
          6.92598,52.86278,0
          6.93762,52.86852,0
          6.93776,52.86856,0
          6.93944,52.86941,0
          6.94012,52.8697,0
          6.9446,52.87192,0
          6.94468,52.872,0
          6.96469,52.88183,0
          6.96482,52.88187,0
          6.96626,52.88258,0
          6.96634,52.88265,0
          6.97339,52.88613,0
          6.97349,52.88616,0
          6.97863,52.88866,0
          6.97893,52.88873,0
          6.97904,52.88873,0
          6.97902,52.88877,0
          6.97908,52.88878,0
          6.97909,52.88879,0
          6.9791,52.88879,0
          6.97913,52.88881,0
          6.97915,52.88884,0
          6.97922,52.88882,0
          6.97924,52.88885,0
          6.97924,52.88891,0
          6.97923,52.88893,0
          6.9794,52.88905,0
          6.98099,52.88981,0
          6.98138,52.89005,0
          6.98292,52.89078,0
          6.98296,52.89082,0
          6.99855,52.89845,0
          6.9986,52.89849,0
          7.00819,52.90317,0
          7.00834,52.90331,0
          7.00841,52.90341,0
          7.00846,52.90353,0
          7.00847,52.9036,0
          7.0085,52.90368,0
          7.00852,52.90421,0
          7.00849,52.90434,0
          7.00828,52.90468,0
          7.00826,52.90476,0
          7.00826,52.90485,0
          7.00829,52.90493,0
          7.00837,52.90506,0
          7.00896,52.90567,0
          7.00904,52.90581,0
          7.00933,52.90663,0
          7.00934,52.9067,0
          7.00997,52.90864,0
          7.00997,52.90866,0
          7.01015,52.90919,0
          7.01104,52.90902,0
          7.01959,52.90817,0
          7.0198,52.90818,0
          7.02002,52.91174,0
          7.02005,52.91185,0
          7.02017,52.91207,0
          7.02704,52.92065,0
          7.02699,52.92067,0
          7.02718,52.92083,0
          7.02748,52.92071,0
          7.04259,52.91822,0
          7.04271,52.91817,0
          7.04617,52.9176,0
          7.0464,52.91811,0
          7.04645,52.91815,0
          7.04653,52.91818,0
          7.06357,52.91978,0
          7.06361,52.9198,0
          7.06363,52.91984,0
          7.06379,52.92219,0
          7.06382,52.92227,0
          7.06393,52.92242,0
          7.06402,52.92246,0
          7.06409,52.92358,0
          7.06413,52.92365,0
          7.07175,52.92705,0
          7.07218,52.92741,0
          7.07388,52.92818,0
          7.07403,52.92828,0
          7.07402,52.92839,0
          7.074,52.92844,0
          7.07978,52.93122,0
          7.07967,52.93132,0
          7.08011,52.9315,0
          7.08225,52.93296,0
          7.08231,52.93304,0
          7.08449,52.93444,0
          7.08641,52.93527,0
          7.09297,52.9371,0
          7.10101,52.93847,0
          7.10232,52.93884,0
          7.1054,52.93947,0
          7.10777,52.93963,0
          7.10984,52.94037,0
          7.11231,52.94097,0
          7.11533,52.94202,0
          7.11545,52.94208,0
          7.11711,52.94332,0
          7.12044,52.94427,0
          7.13227,52.9442,0
          7.13248,52.94424,0
          7.13266,52.94432,0
          7.13285,52.94444,0
          7.13377,52.94528,0
          7.13386,52.9454,0
          7.1341,52.94594,0
          7.13418,52.94602,0
          7.13437,52.94612,0
          7.13452,52.94616,0
          7.13513,52.94617,0
          7.13586,52.94609,0
          7.13624,52.94597,0
          7.13634,52.94592,0
          7.13674,52.94559,0
          7.13685,52.94554,0
          7.13943,52.94477,0
          7.13968,52.94467,0
          7.13979,52.94466,0
          7.13998,52.94481,0
          7.14017,52.94478,0
          7.14139,52.94489,0
          7.14197,52.94481,0
          7.14211,52.94473,0
          7.14238,52.94447,0
          7.14258,52.94435,0
          7.1428,52.94426,0
          7.14307,52.94423,0
          7.14339,52.94426,0
          7.14374,52.94434,0
          7.14405,52.9443,0
          7.14493,52.94407,0
          7.14859,52.94499,0
          7.14865,52.94502,0
          7.14881,52.94467,0
          7.14894,52.94456,0
          7.14981,52.94485,0
          7.15184,52.94515,0
          7.15191,52.94513,0
          7.15194,52.94529,0
          7.15217,52.94534,0
          7.1533,52.94535,0
          7.15329,52.94531,0
          7.1533,52.94523,0
          7.15339,52.94506,0
          7.15454,52.94522,0
          7.15455,52.94515,0
          7.15478,52.94511,0
          7.16332,52.94447,0
          7.16341,52.94445,0
          7.16432,52.9444,0
          7.16468,52.94431,0
          7.18255,52.94325,0
          7.18296,52.94326,0
          7.1859,52.94306,0
          7.18623,52.943,0
          7.18684,52.94281,0
          7.18728,52.94256,0
          7.18872,52.94296,0
          7.18895,52.9431,0
          7.18914,52.94327,0
          7.18926,52.94348,0
          7.18926,52.94349,0
          7.19066,52.94643,0
          7.19066,52.94648,0
          7.20205,52.94701,0
          7.20208,52.94702,0
          7.21438,52.94762,0
          7.21447,52.94761,0
          7.21464,52.94869,0
          7.21484,52.94954,0
          7.21496,52.94977,0
          7.21518,52.95006,0
          7.21555,52.95038,0
          7.21985,52.95319,0
          7.22003,52.95337,0
          7.23843,52.95429,0
          7.23846,52.9543,0
          7.24207,52.9545,0
          7.24236,52.95442,0
          7.24247,52.95436,0
          7.24265,52.95422,0
          7.2428,52.95429,0
          7.24348,52.9545,0
          7.24437,52.95464,0
          7.24765,52.95481,0
          7.24774,52.95483,0
          7.24899,52.95492,0
          7.24985,52.95506,0
          7.25077,52.95529,0
          7.25222,52.95588,0
          7.25335,52.95661,0
          7.25373,52.95693,0
          7.25433,52.95757,0
          7.25455,52.95785,0
          7.25457,52.95793,0
          7.25665,52.9606,0
          7.25673,52.96066,0
          7.2568,52.9608,0
          7.25716,52.96115,0
          7.26159,52.96425,0
          7.26169,52.96429,0
          7.2618,52.96436,0
          7.26185,52.96443,0
          7.26227,52.96471,0
          7.26232,52.96478,0
          7.26673,52.96782,0
          7.26847,52.96873,0
          7.26872,52.96883,0
          7.26904,52.9689,0
          7.26901,52.9693,0
          7.26907,52.97025,0
          7.26921,52.97128,0
          7.26941,52.97208,0
          7.26954,52.97238,0
          7.26987,52.97292,0
          7.27004,52.9731,0
          7.27047,52.97345,0
          7.27081,52.97368,0
          7.27118,52.97388,0
          7.27315,52.97476,0
          7.27362,52.97502,0
          7.27818,52.97827,0
          7.27878,52.9786,0
          7.27979,52.97901,0
          7.28866,52.98152,0
          7.2889,52.98162,0
          7.28933,52.98186,0
          7.28989,52.98225,0
          7.28998,52.98234,0
          7.29011,52.9824,0
          7.29042,52.9827,0
          7.2916,52.98257,0
          7.29256,52.98255,0
          7.29263,52.98253,0
          7.29284,52.98253,0
          7.29295,52.98255,0
          7.2946,52.98251,0
          7.29622,52.98229,0
          7.29723,52.98205,0
          7.30038,52.98089,0
          7.30042,52.98085,0
          7.3056,52.97886,0
          7.3061,52.97863,0
          7.30619,52.97869,0
          7.30629,52.97868,0
          7.30662,52.97858,0
          7.30753,52.97839,0
          7.30848,52.97827,0
          7.30972,52.97824,0
          7.31143,52.97843,0
          7.31513,52.97922,0
          7.31901,52.98024,0
          7.32473,52.98205,0
          7.32551,52.98238,0
          7.33029,52.98473,0
          7.33243,52.98559,0
          7.33476,52.98635,0
          7.33919,52.98748,0
          7.34739,52.9892,0
          7.34746,52.98923,0
          7.34883,52.9895,0
          7.34898,52.98951,0
          7.3491,52.98955,0
          7.35143,52.98996,0
          7.35499,52.99042,0
          7.35501,52.99043,0
          7.35756,52.99068,0
          7.36106,52.99086,0
          7.36624,52.99083,0
          7.37046,52.99053,0
          7.37378,52.99011,0
          7.37823,52.98929,0
          7.38203,52.98834,0
          7.38595,52.98707,0
          7.38605,52.98701,0
          7.38616,52.98699,0
          7.3883,52.98623,0
          7.38837,52.98623,0
          7.39274,52.98454,0
          7.39291,52.9845,0
          7.39469,52.98383,0
          7.39482,52.98375,0
          7.39607,52.98331,0
          7.39689,52.98309,0
          7.39791,52.98289,0
          7.39923,52.98275,0
          7.40071,52.98275,0
          7.40212,52.98288,0
          7.40344,52.98313,0
          7.40408,52.98331,0
          7.40512,52.98369,0
          7.40512,52.9837,0
          7.40623,52.98424,0
          7.40792,52.98531,0
          7.40908,52.9859,0
          7.40992,52.98622,0
          7.41056,52.98641,0
          7.41054,52.98646,0
          7.41084,52.98649,0
          7.41233,52.9868,0
          7.4433,52.9919,0
          7.44448,52.99203,0
          7.44459,52.99202,0
          7.44474,52.99206,0
          7.44657,52.99224,0
          7.4481,52.99248,0
          7.44824,52.99253,0
          7.45018,52.99293,0
          7.45032,52.99294,0
          7.45052,52.99299,0
          7.45067,52.993,0
          7.45076,52.99304,0
          7.45146,52.99322,0
          7.45683,52.9943,0
          7.46114,52.99548,0
          7.47506,53.00003,0
          7.47515,53.00008,0
          7.4916,53.00546,0
          7.49247,53.00567,0
          7.4926,53.00573,0
          7.49393,53.00604,0
          7.49438,53.0062,0
          7.49452,53.00622,0
          7.49525,53.00649,0
          7.49533,53.00655,0
          7.49714,53.0073,0
          7.50467,53.00975,0
          7.50797,53.01063,0
          7.51165,53.0114,0
          7.51678,53.01212,0
          7.52064,53.01241,0
          7.52521,53.01245,0
          7.52752,53.01262,0
          7.54469,53.01321,0
          7.54734,53.01311,0
          7.5488,53.01316,0
          7.55132,53.01343,0
          7.57937,53.01436,0
          7.5811,53.0142,0
          7.58112,53.01419,0
          7.58217,53.01408,0
          7.58226,53.01409,0
          7.5835,53.01396,0
          7.58375,53.01397,0
          7.58424,53.01409,0
          7.58456,53.01431,0
          7.58472,53.0145,0
          7.58477,53.01453,0
          7.58537,53.01525,0
          7.58547,53.01533,0
          7.58556,53.01529,0
          7.58587,53.01546,0
          7.58615,53.01556,0
          7.58658,53.01564,0
          7.5871,53.01562,0
          7.58899,53.01539,0
          7.59023,53.01531,0
          7.64569,53.01709,0
          7.6467,53.0172,0
          7.64686,53.01719,0
          7.64831,53.01731,0
          7.65051,53.01726,0
          7.68577,53.01835,0
          7.68578,53.01836,0
          7.69244,53.01864,0
          7.69632,53.01903,0
          7.69921,53.01969,0
          7.70302,53.02,0
          7.73304,53.02456,0
          7.73462,53.02491,0
          7.73582,53.02526,0
          7.73756,53.02587,0
          7.73928,53.02636,0
          7.74082,53.02666,0
          7.74269,53.02687,0
          7.74892,53.0271,0
          7.74898,53.02712,0
          7.75147,53.02735,0
          7.76372,53.02915,0
          7.76661,53.02968,0
          7.77039,53.03069,0
          7.77043,53.03071,0
          7.77435,53.03129,0
          7.776,53.03168,0
          7.77757,53.03221,0
          7.78017,53.03333,0
          7.78221,53.03441,0
          7.78344,53.03517,0
          7.78506,53.03634,0
          7.78609,53.03721,0
          7.78741,53.0385,0
          7.80034,53.05341,0
          7.80093,53.05416,0
          7.80134,53.05482,0
          7.80137,53.0549,0
          7.80171,53.05549,0
          7.80174,53.05558,0
          7.80231,53.0564,0
          7.80287,53.05706,0
          7.80451,53.05846,0
          7.80452,53.05846,0
          7.80536,53.0592,0
          7.8216,53.07789,0
          7.82163,53.07791,0
          7.82234,53.07867,0
          7.8233,53.07956,0
          7.82383,53.07996,0
          7.82388,53.08003,0
          7.82528,53.08089,0
          7.82647,53.08153,0
          7.82834,53.08239,0
          7.82843,53.08241,0
          7.83487,53.08499,0
          7.83489,53.08501,0
          7.83613,53.08549,0
          7.83909,53.08637,0
          7.84193,53.08747,0
          7.84289,53.08776,0
          7.84346,53.08787,0
          7.85013,53.08871,0
          7.85014,53.08872,0
          7.87081,53.09129,0
          7.87182,53.09136,0
          7.90934,53.09147,0
          7.90935,53.09154,0
          7.91034,53.09431,0
          7.91035,53.09432,0
          7.9119,53.0983,0
          7.91856,53.09742,0
          7.92045,53.10255,0
          7.92043,53.1026,0
          7.9204,53.1029,0
          7.92041,53.103,0
          7.92045,53.10308,0
          7.92045,53.10309,0
          7.92196,53.10515,0
          7.92326,53.10597,0
          7.92335,53.10599,0
          7.93323,53.11096,0
          7.93325,53.11096,0
          7.93331,53.111,0
          7.93371,53.11152,0
          7.93422,53.11201,0
          7.9344,53.11222,0
          7.93448,53.11226,0
          7.93456,53.11227,0
          7.93624,53.11213,0
          7.93756,53.11189,0
          7.93769,53.11189,0
          7.94032,53.11241,0
          7.94092,53.11268,0
          7.94129,53.11317,0
          7.94131,53.11323,0
          7.9414,53.11334,0
          7.94178,53.11448,0
          7.94252,53.11435,0
          7.94271,53.11436,0
          7.94302,53.11447,0
          7.94432,53.11509,0
          7.94516,53.1157,0
          7.9454,53.11591,0
          7.94624,53.11652,0
          7.94665,53.11677,0
          7.94665,53.11678,0
          7.94758,53.11738,0
          7.94763,53.11743,0
          7.94775,53.11751,0
          7.94783,53.1176,0
          7.94936,53.11741,0
          7.95084,53.11739,0
          7.95173,53.11747,0
          7.95247,53.11761,0
          7.95458,53.11814,0
          7.95574,53.11831,0
          7.9583,53.11835,0
          7.9592,53.11826,0
          7.96138,53.11786,0
          7.96324,53.11764,0
          7.96368,53.11821,0
          7.96391,53.11861,0
          7.96479,53.11959,0
          7.96481,53.1196,0
          7.96529,53.12005,0
          7.96728,53.12128,0
          7.97322,53.12372,0
          7.97323,53.12373,0
          7.97683,53.12519,0
          7.97798,53.12576,0
          7.97842,53.12614,0
          7.97871,53.12647,0
          7.9784,53.12662,0
          7.97871,53.127,0
          7.97882,53.12718,0
          7.97883,53.1273,0
          7.97877,53.1276,0
          7.97872,53.12773,0
          7.97867,53.1278,0
          7.97865,53.12789,0
          7.97865,53.12832,0
          7.9788,53.12871,0
          7.97956,53.1301,0
          7.98052,53.13149,0
          7.98074,53.13176,0
          7.98099,53.13216,0
          7.98112,53.13243,0
          7.98135,53.13241,0
          7.98289,53.13692,0
          7.98377,53.13687,0
          7.98368,53.13671,0
          7.98436,53.13669,0
          7.98437,53.13663,0
          7.98439,53.13661,0
          7.98457,53.13659,0
          7.98459,53.13658,0
          7.98669,53.13662,0
          7.98679,53.1368,0
          7.98686,53.13686,0
          7.98697,53.13701,0
          7.98699,53.13706,0
          7.9872,53.13734,0
          7.98784,53.1379,0
          7.9888,53.13859,0
          7.98891,53.13871,0
          7.99723,53.1458,0
          7.99733,53.1458,0
          7.99741,53.14584,0
          7.99774,53.14627,0
          8.00376,53.14477,0
          8.00389,53.14477,0
          8.00436,53.14465,0
          8.0045,53.14464,0
          8.00517,53.1445,0
          8.02518,53.14437,0
          8.02809,53.14405,0
          8.04545,53.14461,0
          8.04548,53.14462,0
          8.04549,53.14457,0
          8.06269,53.14518,0
          8.06271,53.14524,0
          8.0652,53.14717,0
          8.06521,53.14717,0
          8.07058,53.15143,0
          8.07062,53.15145,0
          8.07416,53.1543,0
          8.07426,53.15436,0
          8.08094,53.15968,0
          8.08095,53.1597,0
          8.08545,53.16328,0
          8.08557,53.16334,0
          8.08739,53.1639,0
          8.08839,53.16432,0
          8.08857,53.16444,0
          8.08918,53.16501,0
          8.08933,53.16528,0
          8.08949,53.1657,0
          8.08955,53.16578,0
          8.08967,53.16585,0
          8.09144,53.1663,0
          8.09251,53.16687,0
          8.09274,53.1671,0
          8.09296,53.1674,0
          8.09323,53.16759,0
          8.09785,53.16939,0
          8.09804,53.16949,0
          8.09846,53.17083,0
          8.09862,53.17109,0
          8.10229,53.17488,0
          8.1023,53.17488,0
          8.10527,53.17793,0
          8.10583,53.17841,0
          8.11009,53.18145,0
          8.1101,53.18145,0
          8.11329,53.18374,0
          8.11403,53.18433,0
          8.11407,53.18438,0
          8.11573,53.18574,0
          8.11681,53.18526,0
          8.11686,53.18525,0
          8.12447,53.18175,0
          8.12497,53.1814,0
          8.12613,53.18043,0
          8.12617,53.18038,0
          8.12871,53.18093,0
          8.13467,53.18199,0
          8.1348,53.18203,0
          8.14492,53.18796,0
          8.14643,53.18856,0
          8.14842,53.18953,0
          8.1485,53.18959,0
          8.14903,53.19016,0
          8.14911,53.19016,0
          8.14951,53.19059,0
          8.14952,53.19059,0
          8.14976,53.19081,0
          8.15021,53.19104,0
          8.15147,53.19152,0
          8.15281,53.19188,0
          8.15308,53.19201,0
          8.15326,53.19231,0
          8.15439,53.19378,0
          8.15494,53.19441,0
          8.15522,53.19468,0
          8.15533,53.19476,0
          8.15674,53.1955,0
          8.15682,53.19552,0
          8.15807,53.19437,0
          8.15812,53.19434,0
          8.15818,53.19437,0
          8.1623,53.19464,0
          8.16297,53.19476,0
          8.165,53.19549,0
          8.16865,53.19732,0
          8.17251,53.19989,0
          8.17353,53.20071,0
          8.17356,53.20075,0
          8.17625,53.20311,0
          8.17647,53.20324,0
          8.1802,53.20471,0
          8.18027,53.20478,0
          8.18133,53.20648,0
          8.18184,53.20716,0
          8.18223,53.20747,0
          8.18226,53.20752,0
          8.18363,53.20861,0
          8.18406,53.20888,0
          8.18706,53.21032,0
          8.18713,53.21046,0
          8.18714,53.21062,0
          8.1871,53.21075,0
          8.18713,53.21089,0
          8.18727,53.21103,0
          8.19388,53.21411,0
          8.19456,53.2146,0
          8.19593,53.21375,0
          8.19657,53.21327,0
          8.1966,53.21323,0
          8.19673,53.21319,0
          8.19708,53.21285,0
          8.19771,53.213,0
          8.20216,53.21352,0
          8.20218,53.21353,0
          8.2063,53.21401,0
          8.20639,53.214,0
          8.20681,53.21404,0
          8.21289,53.21419,0
          8.21304,53.21422,0
          8.21439,53.21432,0
          8.21537,53.21446,0
          8.22165,53.21566,0
          8.22171,53.2157,0
          8.22231,53.21583,0
          8.22367,53.21625,0
          8.22495,53.21679,0
          8.22505,53.21681,0
          8.22504,53.21682,0
          8.22504,53.21685,0
          8.22505,53.21685,0
          8.22505,53.21686,0
          8.22508,53.21689,0
          8.22509,53.21689,0
          8.22509,53.2169,0
          8.22512,53.2169,0
          8.22521,53.21693,0
          8.22526,53.21692,0
          8.22526,53.21691,0
          8.22528,53.21691,0
          8.2253,53.2169,0
          8.22601,53.21715,0
          8.22605,53.21715,0
          8.23653,53.22047,0
          8.23709,53.22074,0
          8.23731,53.22089,0
          8.23739,53.22097,0
          8.2374,53.22097,0
          8.23756,53.22113,0
          8.23792,53.22163,0
          8.23816,53.22189,0
          8.23848,53.2221,0
          8.23871,53.22218,0
          8.23902,53.22222,0
          8.23933,53.22221,0
          8.23946,53.22218,0
          8.23975,53.22205,0
          8.24009,53.22178,0
          8.24028,53.22172,0
          8.24046,53.22172,0
          8.24201,53.22223,0
          8.24217,53.22225,0
          8.24269,53.22242,0
          8.24273,53.22242,0
          8.24283,53.22247,0
          8.25429,53.2261,0
          8.25443,53.22612,0
          8.25701,53.22695,0
          8.25703,53.22695,0
          8.26419,53.22921,0
          8.26636,53.22998,0
          8.2665,53.23,0
          8.27139,53.23175,0
          8.2724,53.23221,0
          8.2729,53.23251,0
          8.27466,53.23384,0
          8.27501,53.23406,0
          8.27504,53.23412,0
          8.27584,53.23457,0
          8.27619,53.2347,0
          8.27645,53.23486,0
          8.27675,53.23495,0
          8.27911,53.23599,0
          8.27925,53.23603,0
          8.28058,53.23674,0
          8.28359,53.2387,0
          8.29377,53.24619,0
          8.2958,53.2474,0
          8.29643,53.24792,0
          8.30037,53.25223,0
          8.30041,53.25233,0
          8.30146,53.25347,0
          8.30152,53.2535,0
          8.30417,53.25637,0
          8.30527,53.25734,0
          8.30696,53.25846,0
          8.30705,53.2585,0
          8.30708,53.25853,0
          8.30936,53.25993,0
          8.30932,53.25997,0
          8.30954,53.26004,0
          8.31459,53.26307,0
          8.31471,53.26305,0
          8.31602,53.26379,0
          8.31699,53.2642,0
          8.31805,53.26457,0
          8.31964,53.26499,0
          8.32058,53.26514,0
          8.33908,53.26692,0
          8.33921,53.26691,0
          8.34904,53.26785,0
          8.34994,53.26805,0
          8.35054,53.26826,0
          8.35119,53.26859,0
          8.36746,53.27974,0
          8.36752,53.2798,0
          8.36758,53.27982,0
          8.37071,53.28196,0
          8.37072,53.28198,0
          8.37942,53.28794,0
          8.37957,53.288,0
          8.38219,53.28977,0
          8.38343,53.2904,0
          8.38476,53.29089,0
          8.3868,53.29138,0
          8.38676,53.29145,0
          8.3872,53.29157,0
          8.38791,53.2917,0
          8.39028,53.2923,0
          8.39066,53.29246,0
          8.39085,53.2925,0
          8.39176,53.29289,0
          8.3929,53.29356,0
          8.39373,53.29425,0
          8.39432,53.29491,0
          8.39493,53.29598,0
          8.39524,53.29669,0
          8.3963,53.29986,0
          8.39684,53.30224,0
          8.39769,53.30765,0
          8.39814,53.30934,0
          8.39863,53.31077,0
          8.39862,53.31079,0
          8.39862,53.31084,0
          8.39873,53.31129,0
          8.39872,53.31134,0
          8.39865,53.31139,0
          8.39862,53.31143,0
          8.3986,53.31149,0
          8.39869,53.3115,0
          8.39869,53.31154,0
          8.3987,53.31155,0
          8.3987,53.31157,0
          8.39874,53.3116,0
          8.39866,53.31163,0
          8.3987,53.31167,0
          8.39876,53.3117,0
          8.39879,53.3117,0
          8.39881,53.31171,0
          8.3989,53.31172,0
          8.39905,53.31203,0
          8.39909,53.31208,0
          8.39922,53.31249,0
          8.39923,53.3125,0
          8.39927,53.3126,0
          8.39928,53.31261,0
          8.39935,53.31277,0
          8.39938,53.31281,0
          8.39992,53.31403,0
          8.40074,53.31562,0
          8.40164,53.31712,0
          8.4025,53.31815,0
          8.40344,53.31904,0
          8.40433,53.31966,0
          8.40548,53.32029,0
          8.40663,53.32081,0
          8.40817,53.3213,0
          8.40957,53.32167,0
          8.41546,53.32283,0
          8.42232,53.32387,0
          8.42246,53.32386,0
          8.42376,53.32411,0
          8.42386,53.3241,0
          8.42386,53.32412,0
          8.42389,53.32416,0
          8.42395,53.3242,0
          8.42404,53.32422,0
          8.42413,53.32422,0
          8.42416,53.32421,0
          8.4242,53.32427,0
          8.42433,53.32422,0
          8.42437,53.32418,0
          8.42559,53.3243,0
          8.43283,53.32537,0
          8.43892,53.32645,0
          8.44467,53.32768,0
          8.44972,53.32894,0
          8.45336,53.32997,0
          8.45628,53.33096,0
          8.45639,53.33104,0
          8.45676,53.33117,0
          8.45684,53.33122,0
          8.45741,53.33135,0
          8.4588,53.33194,0
          8.45958,53.33221,0
          8.45982,53.33225,0
          8.46103,53.3327,0
          8.4611,53.33274,0
          8.46336,53.33356,0
          8.46345,53.33362,0
          8.46575,53.33448,0
          8.46577,53.3345,0
          8.46709,53.33497,0
          8.46711,53.33497,0
          8.46814,53.33536,0
          8.46913,53.33581,0
          8.47043,53.33657,0
          8.47154,53.33707,0
          8.47292,53.33747,0
          8.47948,53.33886,0
          8.47963,53.33904,0
          8.47979,53.33931,0
          8.47985,53.33937,0
          8.48135,53.34226,0
          8.4814,53.3424,0
          8.48145,53.34271,0
          8.48144,53.34301,0
          8.48138,53.34322,0
          8.48091,53.34398,0
          8.48082,53.34421,0
          8.48078,53.34439,0
          8.48081,53.34455,0
          8.48094,53.34476,0
          8.48106,53.34489,0
          8.48117,53.34497,0
          8.48118,53.34497,0
          8.48161,53.34522,0
          8.48162,53.34522,0
          8.48204,53.34545,0
          8.48206,53.34547,0
          8.48215,53.34551,0
          8.48234,53.34567,0
          8.48239,53.34574,0
          8.48239,53.34575,0
          8.48241,53.34577,0
          8.48247,53.34591,0
          8.4825,53.34595,0
          8.4825,53.34621,0
          8.48246,53.34634,0
          8.48238,53.34646,0
          8.48204,53.34682,0
          8.4819,53.34701,0
          8.48183,53.34714,0
          8.4818,53.34724,0
          8.48179,53.34751,0
          8.48188,53.34793,0
          8.48215,53.34845,0
          8.48224,53.34854,0
          8.48247,53.34888,0
          8.48278,53.34922,0
          8.48327,53.34963,0
          8.4841,53.35017,0
          8.48485,53.35052,0
          8.48617,53.35097,0
          8.48715,53.35119,0
          8.4872,53.35122,0
          8.4876,53.35133,0
          8.48779,53.35141,0
          8.48755,53.35177,0
          8.48672,53.35278,0
          8.48672,53.35279,0
          8.48542,53.35429,0
          8.48487,53.35485,0
          8.48439,53.35524,0
          8.48318,53.356,0
          8.48294,53.35611,0
          8.48283,53.35614,0
          8.48271,53.35621,0
          8.48255,53.35635,0
          8.48266,53.35643,0
          8.48315,53.35666,0
          8.48423,53.35732,0
          8.48437,53.35746,0
          8.48448,53.3575,0
          8.48573,53.35821,0
          8.48606,53.35835,0
          8.49079,53.35953,0
          8.4916,53.35983,0
          8.49284,53.36047,0
          8.49325,53.36061,0
          8.49382,53.36073,0
          8.49475,53.36082,0
          8.4956,53.36084,0
          8.49573,53.3609,0
          8.49613,53.36097,0
          8.50473,53.3652,0
          8.50528,53.36522,0
          8.50543,53.3652,0
          8.5067,53.36525,0
          8.50671,53.36515,0
          8.50676,53.36506,0
          8.50675,53.36503,0
          8.50677,53.36494,0
          8.5067,53.36412,0
          8.50672,53.364,0
          8.50672,53.36366,0
          8.50675,53.36352,0
          8.50676,53.36334,0
          8.50683,53.36309,0
          8.50694,53.36295,0
          8.50713,53.3628,0
          8.50833,53.36229,0
          8.50892,53.3622,0
          8.50938,53.36203,0
          8.50989,53.36176,0
          8.5101,53.36158,0
          8.51025,53.36154,0
          8.51041,53.36153,0
          8.51193,53.36123,0
          8.51234,53.3612,0
          8.51309,53.36123,0
          8.51309,53.36124,0
          8.51368,53.36126,0
          8.51387,53.36106,0
          8.51393,53.36103,0
          8.51427,53.361,0
          8.51436,53.36097,0
          8.51468,53.36055,0
          8.51606,53.35912,0
          8.51615,53.35908,0
          8.51651,53.35906,0
          8.51655,53.35912,0
          8.53727,53.36,0
          8.54584,53.36086,0
          8.54597,53.36089,0
          8.56016,53.36231,0
          8.56506,53.36344,0
          8.56562,53.36364,0
          8.56643,53.36404,0
          8.56884,53.36571,0
          8.56894,53.36576,0
          8.56935,53.36605,0
          8.56936,53.36605,0
          8.57192,53.36775,0
          8.57195,53.3678,0
          8.57399,53.36916,0
          8.57503,53.36969,0
          8.57512,53.36971,0
          8.57521,53.36977,0
          8.57554,53.36992,0
          8.57551,53.36998,0
          8.57576,53.37004,0
          8.57715,53.37054,0
          8.57855,53.37094,0
          8.58016,53.37128,0
          8.58491,53.37196,0
          8.58499,53.37195,0
          8.588,53.37237,0
          8.59237,53.37326,0
          8.59245,53.37326,0
          8.59401,53.37352,0
          8.59496,53.3736,0
          8.59603,53.37359,0
          8.59712,53.37351,0
          8.59723,53.37368,0
          8.59738,53.37383,0
          8.59759,53.37392,0
          8.60185,53.37437,0
          8.61884,53.37689,0
          8.6189,53.37691,0
          8.62121,53.37724,0
          8.62201,53.37741,0
          8.62228,53.37742,0
          8.6229,53.37695,0
          8.62325,53.37684,0
          8.62484,53.37654,0
          8.62675,53.37805,0
          8.62702,53.37818,0
          8.62707,53.37814,0
          8.63053,53.37904,0
          8.63715,53.38027,0
          8.6384,53.38084,0
          8.63871,53.38105,0
          8.63915,53.38144,0
          8.63918,53.3815,0
          8.63923,53.38156,0
          8.64034,53.38428,0
          8.64127,53.38604,0
          8.64127,53.38605,0
          8.64166,53.38677,0
          8.64192,53.38715,0
          8.64417,53.38925,0
          8.64418,53.38925,0
          8.64508,53.39002,0
          8.65201,53.3932,0
          8.65236,53.39332,0
          8.65244,53.39337,0
          8.65297,53.39355,0
          8.65315,53.39366,0
          8.65436,53.39404,0
          8.65444,53.3941,0
          8.66352,53.39674,0
          8.66373,53.39683,0
          8.66379,53.39688,0
          8.67179,53.39914,0
          8.67228,53.39933,0
          8.67259,53.39966,0
          8.67315,53.40041,0
          8.67331,53.40073,0
          8.67324,53.40081,0
          8.67808,53.40274,0
          8.67917,53.40323,0
          8.67926,53.4033,0
          8.67929,53.40334,0
          8.67931,53.40343,0
          8.67929,53.40426,0
          8.67941,53.40438,0
          8.68011,53.40532,0
          8.68023,53.40566,0
          8.68023,53.40578,0
          8.6845,53.40779,0
          8.68876,53.40882,0
          8.68895,53.4089,0
          8.68936,53.40918,0
          8.68958,53.40949,0
          8.68959,53.40952,0
          8.68967,53.40963,0
          8.68967,53.40968,0
          8.68965,53.40974,0
          8.68964,53.40989,0
          8.6895,53.41021,0
          8.68737,53.41326,0
          8.68737,53.41328,0
          8.68736,53.41329,0
          8.6873,53.41346,0
          8.68729,53.41375,0
          8.68744,53.414,0
          8.68758,53.41416,0
          8.68786,53.41436,0
          8.68844,53.41458,0
          8.69571,53.41625,0
          8.69575,53.41625,0
          8.69958,53.41714,0
          8.69965,53.41717,0
          8.70392,53.41814,0
          8.70448,53.41832,0
          8.70455,53.41833,0
          8.70694,53.4192,0
          8.70733,53.41939,0
          8.70774,53.41966,0
          8.70816,53.42003,0
          8.70841,53.4203,0
          8.70972,53.4223,0
          8.71001,53.42262,0
          8.71058,53.42307,0
          8.7131,53.42441,0
          8.71503,53.42513,0
          8.71512,53.42513,0
          8.71515,53.42517,0
          8.71554,53.42529,0
          8.71588,53.42534,0
          8.71628,53.42534,0
          8.72221,53.42435,0
          8.72302,53.42428,0
          8.72381,53.42427,0
          8.72455,53.42435,0
          8.72519,53.42448,0
          8.72595,53.42472,0
          8.72654,53.425,0
          8.72714,53.4254,0
          8.72893,53.42679,0
          8.73127,53.42808,0
          8.7318,53.42847,0
          8.73338,53.43012,0
          8.73424,53.4308,0
          8.73446,53.43102,0
          8.73524,53.4321,0
          8.73524,53.43212,0
          8.73528,53.43223,0
          8.73527,53.43224,0
          8.73526,53.43231,0
          8.73538,53.4324,0
          8.73536,53.43244,0
          8.7359,53.43252,0
          8.73629,53.43253,0
          8.73766,53.43241,0
          8.73774,53.43238,0
          8.73796,53.43225,0
          8.73824,53.43199,0
          8.73851,53.43162,0
          8.73862,53.43141,0
          8.73875,53.43131,0
          8.73979,53.43113,0
          8.73978,53.43109,0
          8.73997,53.43108,0
          8.74221,53.43152,0
          8.7428,53.43169,0
          8.74796,53.43497,0
          8.75185,53.43567,0
          8.75183,53.43572,0
          8.75215,53.43578,0
          8.75229,53.43578,0
          8.75438,53.4362,0
          8.75448,53.43624,0
          8.75563,53.43649,0
          8.75571,53.43649,0
          8.75628,53.43659,0
          8.75717,53.43699,0
          8.75729,53.43702,0
          8.75741,53.43711,0
          8.76071,53.43841,0
          8.76191,53.43936,0
          8.76193,53.43942,0
          8.76489,53.43894,0
          8.76519,53.43904,0
          8.77233,53.44237,0
          8.77247,53.44241,0
          8.78964,53.45048,0
          8.78987,53.45062,0
          8.7933,53.45318,0
          8.79526,53.45279,0
          8.79565,53.45278,0
          8.79763,53.45296,0
          8.79819,53.45351,0
          8.79825,53.45361,0
          8.79826,53.45368,0
          8.7982,53.45399,0
          8.79821,53.45412,0
          8.79835,53.45427,0
          8.79895,53.45467,0
          8.80262,53.45662,0
          8.80279,53.45667,0
          8.80456,53.45654,0
          8.80589,53.45653,0
          8.80597,53.4565,0
          8.80627,53.45593,0
          8.80635,53.4559,0
          8.81267,53.45604,0
          8.8129,53.45539,0
          8.81946,53.45666,0
          8.82663,53.45668,0
          8.82658,53.45704,0
          8.82666,53.45705,0
          8.82769,53.4575,0
          8.82776,53.45756,0
          8.84046,53.46341,0
          8.84052,53.46347,0
          8.84057,53.4635,0
          8.84535,53.46489,0
          8.84547,53.4649,0
          8.84779,53.46745,0
          8.8484,53.46845,0
          8.84848,53.46863,0
          8.8507,53.4725,0
          8.85071,53.47255,0
          8.85141,53.47378,0
          8.85145,53.47382,0
          8.85277,53.47612,0
          8.85299,53.47687,0
          8.85299,53.4769,0
          8.85319,53.47733,0
          8.85329,53.47733,0
          8.85365,53.47789,0
          8.85388,53.47816,0
          8.85492,53.47894,0
          8.85515,53.47925,0
          8.85521,53.47937,0
          8.85521,53.47941,0
          8.85543,53.47979,0
          8.85552,53.48001,0
          8.85566,53.48026,0
          8.85584,53.48045,0
          8.85619,53.48073,0
          8.85708,53.48122,0
          8.85722,53.4812,0
          8.86776,53.48204,0
          8.86782,53.48207,0
          8.86789,53.48213,0
          8.86793,53.48215,0
          8.87116,53.4857,0
          8.87128,53.48579,0
          8.87145,53.48587,0
          8.87612,53.48724,0
          8.88593,53.48962,0
          8.88627,53.48977,0
          8.88645,53.48997,0
          8.88873,53.49299,0
          8.88877,53.49309,0
          8.88877,53.49312,0
          8.88976,53.49318,0
          8.88979,53.49319,0
          8.89031,53.49316,0
          8.89146,53.493,0
          8.89263,53.49295,0
          8.89265,53.493,0
          8.89361,53.49327,0
          8.89499,53.49379,0
          8.89632,53.49343,0
          8.89638,53.49339,0
          8.89677,53.49291,0
          8.89682,53.49295,0
          8.89729,53.49307,0
          8.89758,53.49308,0
          8.90265,53.49243,0
          8.9032,53.49252,0
          8.92112,53.49437,0
          8.92442,53.49494,0
          8.92819,53.49585,0
          8.9338,53.49803,0
          8.9369,53.4995,0
          8.93872,53.50048,0
          8.93872,53.50053,0
          8.94939,53.50077,0
          8.95114,53.50088,0
          8.96558,53.50119,0
          8.97399,53.5016,0
          8.97421,53.50182,0
          8.97454,53.50203,0
          8.97635,53.50263,0
          8.97658,53.50274,0
          8.97771,53.50354,0
          8.97778,53.50361,0
          8.978,53.50424,0
          8.9781,53.50478,0
          8.97819,53.50477,0
          8.98883,53.51018,0
          8.98873,53.51022,0
          8.99502,53.51405,0
          8.99516,53.51406,0
          8.99563,53.51394,0
          8.99604,53.51389,0
          8.99632,53.51397,0
          9.00199,53.51733,0
          9.00204,53.51733,0
          9.00749,53.52059,0
          9.00773,53.52077,0
          9.01816,53.52733,0
          9.03003,53.52964,0
          9.0303,53.52972,0
          9.03069,53.52957,0
          9.03155,53.53007,0
          9.03869,53.53193,0
          9.03898,53.53207,0
          9.03912,53.53221,0
          9.0392,53.53225,0
          9.04138,53.53483,0
          9.04149,53.53499,0
          9.04904,53.53412,0
          9.04907,53.5341,0
          9.05349,53.53362,0
          9.05417,53.53538,0
          9.05464,53.5364,0
          9.05699,53.54082,0
          9.05744,53.54143,0
          9.05825,53.5422,0
          9.05904,53.54276,0
          9.06,53.54327,0
          9.06001,53.54327,0
          9.06238,53.54441,0
          9.06298,53.54481,0
          9.06747,53.54857,0
          9.0675,53.54862,0
          9.06773,53.54881,0
          9.06779,53.54884,0
          9.0743,53.55548,0
          9.07447,53.55572,0
          9.07477,53.55627,0
          9.07487,53.55655,0
          9.07508,53.55751,0
          9.07611,53.56647,0
          9.07618,53.56754,0
          9.07619,53.56757,0
          9.07605,53.56922,0
          9.07576,53.57144,0
          9.07579,53.57243,0
          9.07599,53.57352,0
          9.07643,53.57511,0
          9.07691,53.57647,0
          9.07746,53.57776,0
          9.07806,53.57892,0
          9.07918,53.58063,0
          9.07918,53.58064,0
          9.08377,53.58662,0
          9.08388,53.58673,0
          9.08391,53.58678,0
          9.08418,53.58704,0
          9.08582,53.58828,0
          9.08616,53.58867,0
          9.08632,53.58908,0
          9.08633,53.58933,0
          9.08623,53.58973,0
          9.08538,53.59159,0
          9.08538,53.59161,0
          9.08378,53.59506,0
          9.08351,53.59544,0
          9.08222,53.59672,0
          9.08166,53.5975,0
          9.08094,53.59885,0
          9.08068,53.59947,0
          9.08058,53.5999,0
          9.08049,53.60111,0
          9.08053,53.60155,0
          9.08063,53.60198,0
          9.08186,53.60416,0
          9.08194,53.60437,0
          9.08195,53.60437,0
          9.08204,53.60481,0
          9.08189,53.60943,0
          9.0819,53.6095,0
          9.08182,53.61216,0
          9.08197,53.61273,0
          9.08207,53.61297,0
          9.08646,53.62069,0
          9.08648,53.62071,0
          9.08687,53.62145,0
          9.08687,53.62148,0
          9.08731,53.62235,0
          9.08733,53.62237,0
          9.08851,53.62471,0
          9.08895,53.62544,0
          9.08895,53.62545,0
          9.08903,53.62558,0
          9.08907,53.62561,0
          9.08911,53.62576,0
          9.09109,53.6294,0
          9.09155,53.63004,0
          9.09197,53.63049,0
          9.092,53.63054,0
          9.09257,53.63104,0
          9.09319,53.63147,0
          9.09435,53.63213,0
          9.09494,53.63257,0
          9.09561,53.63323,0
          9.09582,53.63354,0
          9.09592,53.63382,0
          9.09595,53.63399,0
          9.09599,53.63474,0
          9.09597,53.63486,0
          9.09599,53.63518,0
          9.09597,53.63521,0
          9.09597,53.63561,0
          9.09602,53.63572,0
          9.09605,53.63627,0
          9.09604,53.63631,0
          9.0961,53.63656,0
          9.09616,53.63671,0
          9.09617,53.63672,0
          9.09618,53.63675,0
          9.09632,53.63689,0
          9.09645,53.63684,0
          9.09653,53.63691,0
          9.09709,53.63712,0
          9.09797,53.63728,0
          9.09824,53.63738,0
          9.0983,53.63739,0
          9.10177,53.63919,0
          9.10213,53.63949,0
          9.10439,53.64221,0
          9.10495,53.64272,0
          9.10543,53.64305,0
          9.10976,53.64532,0
          9.11013,53.64555,0
          9.11047,53.64581,0
          9.11536,53.65014,0
          9.11597,53.65077,0
          9.11658,53.65156,0
          9.11658,53.65163,0
          9.11683,53.65191,0
          9.11693,53.65195,0
          9.11726,53.65226,0
          9.11783,53.65267,0
          9.11966,53.65362,0
          9.12031,53.65401,0
          9.12078,53.65438,0
          9.12122,53.65489,0
          9.12141,53.6552,0
          9.1216,53.65569,0
          9.12235,53.65857,0
          9.12244,53.65919,0
          9.1226,53.66365,0
          9.12259,53.6637,0
          9.12268,53.66541,0
          9.12279,53.6661,0
          9.12408,53.6709,0
          9.12415,53.67159,0
          9.12415,53.67217,0
          9.12419,53.67258,0
          9.12444,53.67323,0
          9.12461,53.67352,0
          9.12497,53.67401,0
          9.12532,53.67436,0
          9.12569,53.67465,0
          9.12728,53.6756,0
          9.12799,53.67616,0
          9.1281,53.67621,0
          9.12844,53.67651,0
          9.12852,53.67663,0
          9.12922,53.67722,0
          9.13009,53.67774,0
          9.13113,53.67812,0
          9.13215,53.67834,0
          9.13467,53.67865,0
          9.13482,53.67871,0
          9.13539,53.67886,0
          9.13551,53.67887,0
          9.13648,53.67928,0
          9.13682,53.67949,0
          9.13786,53.68025,0
          9.13788,53.68028,0
          9.1388,53.68105,0
          9.13921,53.68133,0
          9.13981,53.68164,0
          9.14076,53.682,0
          9.14141,53.68216,0
          9.14614,53.68268,0
          9.14691,53.68281,0
          9.15253,53.6841,0
          9.15269,53.68411,0
          9.15297,53.68418,0
          9.15305,53.68422,0
          9.15546,53.68476,0
          9.15553,53.68479,0
          9.15799,53.68534,0
          9.15817,53.68534,0
          9.15928,53.68559,0
          9.15933,53.68562,0
          9.16387,53.68666,0
          9.16395,53.68666,0
          9.16497,53.68692,0
          9.16599,53.68727,0
          9.16669,53.68759,0
          9.16757,53.68816,0
          9.16838,53.68886,0
          9.16839,53.68888,0
          9.16847,53.68893,0
          9.1692,53.68955,0
          9.16934,53.68962,0
          9.16975,53.6899,0
          9.16961,53.68996,0
          9.17041,53.69049,0
          9.1833,53.69779,0
          9.1844,53.69835,0
          9.18449,53.69838,0
          9.1846,53.69845,0
          9.18618,53.69912,0
          9.18622,53.69915,0
          9.18809,53.69974,0
          9.18998,53.70015,0
          9.19138,53.70037,0
          9.19811,53.70112,0
          9.19904,53.70127,0
          9.19914,53.70127,0
          9.20126,53.70174,0
          9.20332,53.70235,0
          9.20413,53.70268,0
          9.20554,53.70335,0
          9.21469,53.70821,0
          9.21474,53.70825,0
          9.21704,53.70949,0
          9.21711,53.70956,0
          9.21749,53.70975,0
          9.21762,53.70978,0
          9.23863,53.72085,0
          9.23917,53.72122,0
          9.23969,53.7217,0
          9.23993,53.72198,0
          9.24027,53.7225,0
          9.24036,53.7227,0
          9.24048,53.72309,0
          9.24053,53.72335,0
          9.24054,53.72398,0
          9.24045,53.72473,0
          9.24044,53.72475,0
          9.24035,53.72546,0
          9.24038,53.72612,0
          9.24054,53.7267,0
          9.24069,53.72703,0
          9.2409,53.72738,0
          9.2411,53.72763,0
          9.24112,53.72768,0
          9.24129,53.7279,0
          9.24157,53.72818,0
          9.2422,53.72868,0
          9.24289,53.72909,0
          9.26648,53.74096,0
          9.26831,53.74175,0
          9.27011,53.74234,0
          9.27478,53.74362,0
          9.28395,53.74509,0
          9.28403,53.74509,0
          9.29087,53.74613,0
          9.29747,53.74666,0
          9.29848,53.74661,0
          9.30122,53.74619,0
          9.30142,53.74821,0
          9.30149,53.74821,0
          9.30172,53.75042,0
          9.30174,53.75048,0
          9.30183,53.75136,0
          9.30182,53.75144,0
          9.30196,53.75256,0
          9.30204,53.75294,0
          9.30225,53.75336,0
          9.30323,53.75489,0
          9.30326,53.75497,0
          9.30348,53.75531,0
          9.30357,53.75556,0
          9.30363,53.75594,0
          9.30363,53.75643,0
          9.30357,53.7566,0
          9.30329,53.75703,0
          9.30285,53.75747,0
          9.30218,53.75794,0
          9.30017,53.75907,0
          9.30001,53.75923,0
          9.29988,53.75944,0
          9.29981,53.75963,0
          9.29939,53.76157,0
          9.29927,53.76333,0
          9.2985,53.76606,0
          9.29792,53.76741,0
          9.31001,53.76871,0
          9.31136,53.769,0
          9.31187,53.76917,0
          9.31257,53.76964,0
          9.31261,53.76968,0
          9.31435,53.77085,0
          9.31565,53.77183,0
          9.31573,53.77186,0
          9.31666,53.77252,0
          9.31711,53.77274,0
          9.3182,53.77309,0
          9.31851,53.77315,0
          9.31873,53.77314,0
          9.31867,53.77318,0
          9.31872,53.77336,0
          9.31889,53.77372,0
          9.32192,53.77795,0
          9.32217,53.77825,0
          9.32218,53.77833,0
          9.32239,53.77855,0
          9.3225,53.77859,0
          9.32268,53.77875,0
          9.32483,53.78029,0
          9.32513,53.78058,0
          9.3255,53.78107,0
          9.32572,53.78159,0
          9.32577,53.782,0
          9.32583,53.78211,0
          9.32577,53.78283,0
          9.32588,53.78312,0
          9.32597,53.7832,0
          9.32612,53.78328,0
          9.32685,53.78334,0
          9.34202,53.78731,0
          9.34218,53.78733,0
          9.3426,53.78744,0
          9.34272,53.7875,0
          9.34355,53.7877,0
          9.34495,53.78785,0
          9.34507,53.78789,0
          9.35723,53.78926,0
          9.35922,53.78933,0
          9.36585,53.78907,0
          9.36647,53.78909,0
          9.36705,53.78918,0
          9.36753,53.78934,0
          9.36805,53.78963,0
          9.37065,53.79087,0
          9.38762,53.80092,0
          9.38785,53.80097,0
          9.38826,53.80101,0
          9.38865,53.80101,0
          9.39311,53.80028,0
          9.39378,53.8,0
          9.39399,53.79986,0
          9.3943,53.79959,0
          9.39873,53.79314,0
          9.39913,53.79285,0
          9.39959,53.79264,0
          9.40001,53.79254,0
          9.40041,53.79249,0
          9.40127,53.79247,0
          9.40189,53.79254,0
          9.40211,53.7926,0
          9.40254,53.79279,0
          9.40264,53.79287,0
          9.40271,53.79295,0
          9.40282,53.79313,0
          9.40285,53.79322,0
          9.40288,53.79343,0
          9.40289,53.79447,0
          9.403,53.79474,0
          9.40309,53.79479,0
          9.40336,53.79542,0
          9.4034,53.79592,0
          9.40337,53.79599,0
          9.40339,53.79609,0
          9.4036,53.79646,0
          9.404,53.79687,0
          9.40456,53.79731,0
          9.40514,53.79766,0
          9.406,53.79806,0
          9.40678,53.79833,0
          9.40916,53.79882,0
          9.41003,53.79911,0
          9.41048,53.79934,0
          9.41087,53.79961,0
          9.41127,53.80002,0
          9.41208,53.80119,0
          9.41225,53.80138,0
          9.41237,53.80143,0
          9.41253,53.80158,0
          9.41325,53.80206,0
          9.41441,53.80265,0
          9.41446,53.8027,0
          9.41546,53.80324,0
          9.4158,53.80351,0
          9.4161,53.80391,0
          9.4162,53.80426,0
          9.4162,53.80432,0
          9.41631,53.80489,0
          9.41636,53.80504,0
          9.41661,53.8054,0
          9.41712,53.80584,0
          9.41835,53.80664,0
          9.42185,53.80869,0
          9.42589,53.81126,0
          9.426,53.81131,0
          9.4262,53.81147,0
          9.42681,53.81214,0
          9.42671,53.81215,0
          9.4256,53.81244,0
          9.42534,53.81255,0
          9.42616,53.81324,0
          9.42681,53.81393,0
          9.42721,53.81429,0
          9.42769,53.81465,0
          9.4283,53.81503,0
          9.42846,53.81517,0
          9.42896,53.81547,0
          9.42992,53.81582,0
          9.43288,53.81654,0
          9.43327,53.81669,0
          9.4343,53.81722,0
          9.43432,53.81722,0
          9.43569,53.81768,0
          9.43573,53.81773,0
          9.43569,53.818,0
          9.43551,53.81842,0
          9.43549,53.81844,0
          9.43525,53.81886,0
          9.43522,53.81911,0
          9.43526,53.81921,0
          9.43525,53.8193,0
          9.43526,53.81935,0
          9.43525,53.81953,0
          9.43499,53.82032,0
          9.43499,53.82035,0
          9.43507,53.82045,0
          9.43514,53.8205,0
          9.43731,53.8199,0
          9.43922,53.8198,0
          9.43923,53.81979,0
          9.43944,53.81979,0
          9.44038,53.81996,0
          9.44086,53.81997,0
          9.44315,53.81971,0
          9.44397,53.81967,0
          9.4444,53.81969,0
          9.44528,53.81983,0
          9.4462,53.82016,0
          9.4474,53.8208,0
          9.44778,53.82092,0
          9.44786,53.82092,0
          9.44823,53.82101,0
          9.44838,53.82109,0
          9.44858,53.82128,0
          9.4486,53.82134,0
          9.44885,53.8217,0
          9.4491,53.82191,0
          9.45194,53.82371,0
          9.45195,53.82371,0
          9.45281,53.82419,0
          9.45408,53.82467,0
          9.45564,53.82506,0
          9.45574,53.82511,0
          9.45959,53.82622,0
          9.46077,53.82646,0
          9.46313,53.82715,0
          9.46993,53.82862,0
          9.47088,53.82895,0
          9.47422,53.83052,0
          9.47426,53.83055,0
          9.47635,53.83155,0
          9.47665,53.83176,0
          9.47693,53.83201,0
          9.47698,53.83211,0
          9.47703,53.83215,0
          9.47708,53.83223,0
          9.47752,53.83337,0
          9.47753,53.83338,0
          9.47765,53.8334,0
          9.47769,53.83348,0
          9.47869,53.83657,0
          9.47882,53.83684,0
          9.47902,53.83713,0
          9.47927,53.8374,0
          9.48054,53.83837,0
          9.48089,53.83872,0
          9.48119,53.83913,0
          9.48201,53.8405,0
          9.48236,53.84099,0
          9.48266,53.84095,0
          9.4831,53.84096,0
          9.48345,53.84102,0
          9.48378,53.84112,0
          9.48421,53.84134,0
          9.48439,53.8415,0
          9.48456,53.84174,0
          9.48517,53.84306,0
          9.48561,53.84428,0
          9.48627,53.84666,0
          9.48634,53.84729,0
          9.48633,53.84773,0
          9.4863,53.84793,0
          9.48625,53.84904,0
          9.48487,53.85795,0
          9.48488,53.85796,0
          9.48484,53.85811,0
          9.48487,53.85819,0
          9.48477,53.85891,0
          9.48477,53.85907,0
          9.48472,53.85914,0
          9.48474,53.85986,0
          9.48472,53.86013,0
          9.4847,53.86016,0
          9.48377,53.86647,0
          9.48376,53.86649,0
          9.48316,53.87032,0
          9.4831,53.87047,0
          9.48302,53.87053,0
          9.48237,53.87127,0
          9.48209,53.87216,0
          9.4821,53.87221,0
          9.48007,53.87966,0
          9.47973,53.88033,0
          9.47956,53.88077,0
          9.47944,53.88126,0
          9.48031,53.88153,0
          9.48043,53.88155,0
          9.47994,53.88301,0
          9.47994,53.88309,0
          9.47993,53.88312,0
          9.48003,53.88316,0
          9.48036,53.88351,0
          9.48194,53.88553,0
          9.48199,53.88563,0
          9.48207,53.8857,0
          9.48217,53.88583,0
          9.48227,53.88588,0
          9.4834,53.88726,0
          9.48351,53.88743,0
          9.48375,53.88766,0
          9.48402,53.88798,0
          9.48402,53.88799,0
          9.48416,53.88814,0
          9.48416,53.88815,0
          9.4843,53.8883,0
          9.4843,53.88831,0
          9.48432,53.88832,0
          9.485,53.8891,0
          9.485,53.88911,0
          9.48615,53.89036,0
          9.48616,53.89036,0
          9.48864,53.8931,0
          9.49048,53.89498,0
          9.49059,53.89513,0
          9.49068,53.8953,0
          9.49069,53.8953,0
          9.49101,53.8959,0
          9.49194,53.89729,0
          9.49335,53.89981,0
          9.49342,53.9,0
          9.49359,53.90107,0
          9.49379,53.90158,0
          9.49449,53.90155,0
          9.49472,53.90183,0
          9.4951,53.90214,0
          9.49926,53.90469,0
          9.49961,53.90499,0
          9.50294,53.90829,0
          9.50364,53.90892,0
          9.50481,53.91025,0
          9.50504,53.91045,0
          9.50547,53.91073,0
          9.50638,53.9111,0
          9.50664,53.91115,0
          9.50764,53.91124,0
          9.50779,53.91128,0
          9.50791,53.91135,0
          9.50799,53.91142,0
          9.50794,53.91144,0
          9.50793,53.91145,0
          9.50791,53.91145,0
          9.50788,53.91147,0
          9.50785,53.91151,0
          9.50785,53.91152,0
          9.50783,53.91155,0
          9.50783,53.91159,0
          9.50786,53.91166,0
          9.50792,53.91171,0
          9.50802,53.91175,0
          9.50804,53.91175,0
          9.50796,53.91195,0
          9.50764,53.91222,0
          9.50783,53.91231,0
          9.50784,53.91231,0
          9.50858,53.91268,0
          9.50892,53.91293,0
          9.50912,53.91314,0
          9.50937,53.91334,0
          9.50965,53.91351,0
          9.51225,53.91471,0
          9.51224,53.91468,0
          9.51231,53.91464,0
          9.51265,53.91484,0
          9.51259,53.91498,0
          9.51408,53.91523,0
          9.51409,53.91525,0
          9.51505,53.91547,0
          9.5152,53.91553,0
          9.51543,53.91558,0
          9.51542,53.91569,0
          9.51552,53.91573,0
          9.51568,53.91589,0
          9.51589,53.91589,0
          9.51587,53.91628,0
          9.51582,53.91654,0
          9.51541,53.91741,0
          9.5153,53.91756,0
          9.51526,53.91769,0
          9.51512,53.91783,0
          9.51508,53.91785,0
          9.51505,53.91789,0
          9.51477,53.91808,0
          9.51466,53.91819,0
          9.51429,53.91845,0
          9.51424,53.91855,0
          9.51424,53.91861,0
          9.51425,53.91862,0
          9.51425,53.91864,0
          9.51426,53.91864,0
          9.51426,53.91865,0
          9.51428,53.91867,0
          9.51428,53.91868,0
          9.51437,53.91876,0
          9.51467,53.91885,0
          9.5147,53.91888,0
          9.5153,53.91902,0
          9.51515,53.91953,0
          9.51508,53.92025,0
          9.51513,53.92067,0
          9.51581,53.92072,0
          9.51662,53.92103,0
          9.51762,53.92168,0
          9.51768,53.92175,0
          9.51771,53.92177,0
          9.51794,53.92207,0
          9.51808,53.92233,0
          9.5182,53.92245,0
          9.5184,53.92259,0
          9.51885,53.9228,0
          9.51882,53.92283,0
          9.51881,53.92287,0
          9.52082,53.92364,0
          9.52121,53.92383,0
          9.52195,53.92441,0
          9.5231,53.92503,0
          9.52404,53.92546,0
          9.52428,53.9256,0
          9.52468,53.92593,0
          9.52521,53.92654,0
          9.52533,53.92663,0
          9.52549,53.92668,0
          9.52549,53.92672,0
          9.52553,53.92677,0
          9.52832,53.92917,0
          9.52944,53.92988,0
          9.53052,53.93039,0
          9.53087,53.9305,0
          9.53098,53.93056,0
          9.53175,53.93083,0
          9.53191,53.93086,0
          9.53213,53.93094,0
          9.53226,53.93095,0
          9.53315,53.93128,0
          9.53332,53.93132,0
          9.53664,53.93259,0
          9.5374,53.93296,0
          9.53812,53.93349,0
          9.53842,53.93384,0
          9.53856,53.93406,0
          9.53867,53.93431,0
          9.53873,53.93453,0
          9.53875,53.93472,0
          9.53878,53.93477,0
          9.53869,53.93562,0
          9.53838,53.93747,0
          9.53832,53.93756,0
          9.53807,53.93902,0
          9.53805,53.9393,0
          9.53793,53.93989,0
          9.53786,53.94054,0
          9.53787,53.94079,0
          9.53792,53.94109,0
          9.53788,53.94117,0
          9.53801,53.94147,0
          9.53835,53.94195,0
          9.53855,53.94213,0
          9.53858,53.94221,0
          9.53861,53.94225,0
          9.53924,53.94267,0
          9.5436,53.94495,0
          9.54451,53.94557,0
          9.54462,53.94568,0
          9.54608,53.94681,0
          9.55531,53.95325,0
          9.55846,53.95614,0
          9.55897,53.95671,0
          9.55917,53.95702,0
          9.55921,53.95706,0
          9.56266,53.96296,0
          9.56319,53.96354,0
          9.56508,53.96533,0
          9.56508,53.96534,0
          9.5702,53.97033,0
          9.57059,53.97066,0
          9.57062,53.97071,0
          9.57197,53.97197,0
          9.57264,53.9724,0
          9.57274,53.97243,0
          9.57287,53.97252,0
          9.5731,53.97263,0
          9.57318,53.9727,0
          9.5736,53.97286,0
          9.57373,53.97288,0
          9.57554,53.97344,0
          9.57552,53.97348,0
          9.57572,53.97352,0
          9.57633,53.97378,0
          9.57703,53.97421,0
          9.57748,53.97459,0
          9.57776,53.97498,0
          9.57782,53.9751,0
          9.57832,53.97675,0
          9.57835,53.9768,0
          9.57849,53.97723,0
          9.5785,53.97731,0
          9.58006,53.98243,0
          9.5801,53.98248,0
          9.5801,53.98261,0
          9.58027,53.98324,0
          9.58025,53.98332,0
          9.58037,53.98368,0
          9.58043,53.98376,0
          9.58049,53.98394,0
          9.58047,53.98406,0
          9.58081,53.98504,0
          9.58089,53.98511,0
          9.58599,54.00155,0
          9.58603,54.00161,0
          9.58625,54.00252,0
          9.58622,54.00261,0
          9.58632,54.00289,0
          9.58638,54.00292,0
          9.58648,54.0033,0
          9.58688,54.00443,0
          9.58691,54.00448,0
          9.58691,54.00455,0
          9.59244,54.02227,0
          9.59244,54.02232,0
          9.59251,54.02255,0
          9.59293,54.02344,0
          9.59322,54.02388,0
          9.59545,54.02675,0
          9.59594,54.02728,0
          9.59679,54.02803,0
          9.59864,54.02946,0
          9.59864,54.02947,0
          9.60305,54.03294,0
          9.60309,54.03302,0
          9.60378,54.03356,0
          9.60385,54.03357,0
          9.61267,54.04043,0
          9.61272,54.04049,0
          9.62345,54.0488,0
          9.62354,54.04884,0
          9.62419,54.04934,0
          9.62422,54.04935,0
          9.63212,54.05545,0
          9.63255,54.05586,0
          9.633,54.05638,0
          9.63336,54.05696,0
          9.63367,54.05761,0
          9.63368,54.05766,0
          9.63474,54.05991,0
          9.63476,54.06,0
          9.63482,54.06013,0
          9.63494,54.06011,0
          9.63682,54.06408,0
          9.63703,54.06434,0
          9.63926,54.06613,0
          9.63931,54.06619,0
          9.64414,54.07008,0
          9.64443,54.07025,0
          9.64949,54.07272,0
          9.6502,54.07323,0
          9.65049,54.07351,0
          9.65077,54.07393,0
          9.65095,54.07442,0
          9.65107,54.07523,0
          9.65111,54.07528,0
          9.65113,54.07536,0
          9.65112,54.07543,0
          9.65127,54.07636,0
          9.65132,54.07696,0
          9.6513,54.07743,0
          9.65108,54.07879,0
          9.65109,54.07931,0
          9.65108,54.07933,0
          9.65108,54.07935,0
          9.65102,54.07948,0
          9.65099,54.07951,0
          9.65066,54.08142,0
          9.64919,54.08738,0
          9.64916,54.08766,0
          9.64906,54.08766,0
          9.64881,54.091,0
          9.64877,54.09103,0
          9.64877,54.09116,0
          9.64881,54.09127,0
          9.64858,54.09484,0
          9.64861,54.09502,0
          9.64876,54.09546,0
          9.64933,54.09645,0
          9.64941,54.09669,0
          9.64944,54.09688,0
          9.64947,54.09694,0
          9.64947,54.09698,0
          9.64957,54.09721,0
          9.64951,54.09727,0
          9.64951,54.0973,0
          9.6495,54.09731,0
          9.6495,54.09733,0
          9.64955,54.09742,0
          9.64964,54.09747,0
          9.64966,54.09747,0
          9.64968,54.09748,0
          9.6497,54.09748,0
          9.64971,54.09749,0
          9.64977,54.0975,0
          9.6499,54.09769,0
          9.65025,54.1011,0
          9.65036,54.10148,0
          9.6505,54.10178,0
          9.65139,54.1031,0
          9.65156,54.10343,0
          9.6516,54.10347,0
          9.65196,54.10422,0
          9.65302,54.10697,0
          9.65419,54.10962,0
          9.65433,54.11004,0
          9.65441,54.11043,0
          9.65442,54.11069,0
          9.65435,54.11102,0
          9.65385,54.11259,0
          9.65383,54.11284,0
          9.65314,54.11435,0
          9.65143,54.11737,0
          9.65137,54.11752,0
          9.65134,54.1177,0
          9.65134,54.11789,0
          9.65174,54.11958,0
          9.65179,54.11992,0
          9.65178,54.12025,0
          9.6517,54.12058,0
          9.65155,54.12094,0
          9.6515,54.12101,0
          9.65132,54.12142,0
          9.65131,54.12149,0
          9.65133,54.12163,0
          9.65054,54.12392,0
          9.65053,54.12392,0
          9.65053,54.12394,0
          9.64976,54.12609,0
          9.64986,54.1261,0
          9.64984,54.12613,0
          9.64745,54.13279,0
          9.64723,54.13327,0
          9.64565,54.13604,0
          9.64564,54.13609,0
          9.64487,54.13743,0
          9.64486,54.13743,0
          9.64322,54.14028,0
          9.64296,54.14057,0
          9.64265,54.14085,0
          9.64244,54.141,0
          9.64187,54.14132,0
          9.64145,54.14151,0
          9.63815,54.14247,0
          9.63754,54.14269,0
          9.63689,54.14302,0
          9.63688,54.14302,0
          9.62995,54.1473,0
          9.62869,54.14835,0
          9.62864,54.14843,0
          9.62801,54.14897,0
          9.62793,54.149,0
          9.62696,54.14983,0
          9.62676,54.15005,0
          9.6265,54.15047,0
          9.62637,54.15084,0
          9.62632,54.15118,0
          9.62684,54.15543,0
          9.62685,54.15543,0
          9.62696,54.15631,0
          9.62703,54.15659,0
          9.62714,54.15687,0
          9.62792,54.15817,0
          9.62816,54.15868,0
          9.62833,54.15922,0
          9.62874,54.16141,0
          9.6289,54.16184,0
          9.63176,54.16768,0
          9.63183,54.16773,0
          9.63214,54.16838,0
          9.63213,54.16843,0
          9.63256,54.16936,0
          9.63261,54.16952,0
          9.63265,54.16981,0
          9.63263,54.17369,0
          9.63265,54.17388,0
          9.63264,54.17509,0
          9.63261,54.17535,0
          9.63263,54.17541,0
          9.63265,54.17596,0
          9.63268,54.17615,0
          9.63277,54.17644,0
          9.63286,54.17664,0
          9.6343,54.17896,0
          9.63423,54.17902,0
          9.63516,54.18052,0
          9.63522,54.18059,0
          9.63524,54.18065,0
          9.63611,54.18204,0
          9.63613,54.18212,0
          9.63623,54.18227,0
          9.63628,54.18231,0
          9.63642,54.18254,0
          9.6365,54.18276,0
          9.63698,54.18353,0
          9.63709,54.1836,0
          9.6375,54.18424,0
          9.6375,54.18433,0
          9.63777,54.18482,0
          9.63787,54.18489,0
          9.63789,54.18492,0
          9.63794,54.18496,0
          9.64537,54.19684,0
          9.6454,54.19695,0
          9.64562,54.19728,0
          9.64568,54.19731,0
          9.65255,54.2065,0
          9.65255,54.20656,0
          9.65275,54.20683,0
          9.65286,54.20691,0
          9.65749,54.21305,0
          9.65778,54.21349,0
          9.66147,54.22003,0
          9.6622,54.22108,0
          9.66284,54.22177,0
          9.66256,54.22181,0
          9.66231,54.22179,0
          9.66228,54.22183,0
          9.66228,54.22189,0
          9.66333,54.22655,0
          9.66333,54.2266,0
          9.66395,54.22909,0
          9.66395,54.22925,0
          9.66362,54.23078,0
          9.66355,54.231,0
          9.66351,54.23124,0
          9.66353,54.23135,0
          9.6639,54.23207,0
          9.66398,54.23228,0
          9.66406,54.23227,0
          9.66531,54.23265,0
          9.66546,54.23265,0
          9.66549,54.23271,0
          9.66549,54.23278,0
          9.66556,54.23286,0
          9.6662,54.23322,0
          9.66622,54.23324,0
          9.66667,54.23345,0
          9.66676,54.23352,0
          9.6672,54.23405,0
          9.66735,54.23438,0
          9.6674,54.23442,0
          9.66755,54.23448,0
          9.6686,54.23471,0
          9.6686,54.23476,0
          9.66851,54.23518,0
          9.66846,54.23645,0
          9.66833,54.23715,0
          9.6682,54.23748,0
          9.66759,54.2385,0
          9.66749,54.23863,0
          9.66601,54.24109,0
          9.66582,54.2416,0
          9.6658,54.24218,0
          9.6659,54.24561,0
          9.66589,54.24566,0
          9.66596,54.24742,0
          9.66594,54.24793,0
          9.66602,54.24966,0
          9.666,54.25029,0
          9.66596,54.25057,0
          9.66599,54.25112,0
          9.66607,54.25142,0
          9.6662,54.25163,0
          9.66652,54.25196,0
          9.66763,54.25279,0
          9.66783,54.25298,0
          9.66797,54.25315,0
          9.66807,54.25334,0
          9.6682,54.25392,0
          9.66825,54.25513,0
          9.66824,54.25515,0
          9.66814,54.25696,0
          9.66802,54.25766,0
          9.66792,54.25799,0
          9.6669,54.26055,0
          9.66669,54.26122,0
          9.66653,54.26214,0
          9.66651,54.26295,0
          9.66708,54.2684,0
          9.66704,54.27065,0
          9.66696,54.27102,0
          9.66689,54.27118,0
          9.6653,54.27387,0
          9.66513,54.27425,0
          9.66502,54.27463,0
          9.66432,54.27973,0
          9.66426,54.28052,0
          9.66375,54.28437,0
          9.66371,54.28442,0
          9.66361,54.28552,0
          9.66358,54.28556,0
          9.66347,54.2862,0
          9.66353,54.28625,0
          9.66347,54.28665,0
          9.66343,54.28669,0
          9.66325,54.28826,0
          9.66314,54.28886,0
          9.66314,54.28897,0
          9.66328,54.28914,0
          9.66402,54.28943,0
          9.6641,54.28951,0
          9.66445,54.2897,0
          9.66465,54.28989,0
          9.66477,54.28997,0
          9.66479,54.29018,0
          9.66471,54.29034,0
          9.66471,54.29036,0
          9.66426,54.29134,0
          9.66401,54.29175,0
          9.66402,54.29181,0
          9.66356,54.2922,0
          9.66349,54.29224,0
          9.66336,54.29235,0
          9.66341,54.29241,0
          9.66343,54.29246,0
          9.66345,54.29368,0
          9.66344,54.2937,0
          9.66344,54.29377,0
          9.66342,54.29381,0
          9.66318,54.29402,0
          9.6631,54.29406,0
          9.66298,54.29417,0
          9.66289,54.29429,0
          9.66267,54.29444,0
          9.66285,54.2946,0
          9.66291,54.29469,0
          9.66293,54.29475,0
          9.66302,54.29482,0
          9.66315,54.29515,0
          9.66365,54.29584,0
          9.66375,54.29593,0
          9.66464,54.29653,0
          9.66482,54.29672,0
          9.66491,54.29695,0
          9.665,54.29779,0
          9.66502,54.29783,0
          9.66509,54.2979,0
          9.66505,54.298,0
          9.66508,54.29971,0
          9.66515,54.29971,0
          9.66514,54.30031,0
          9.66515,54.30037,0
          9.66504,54.30038,0
          9.66493,54.30075,0
          9.66487,54.30113,0
          9.66488,54.30131,0
          9.66475,54.30132,0
          9.66466,54.30135,0
          9.66413,54.30168,0
          9.66392,54.30197,0
          9.66376,54.30206,0
          9.66375,54.30206,0
          9.66307,54.30252,0
          9.66292,54.30267,0
          9.66291,54.30269,0
          9.66278,54.3028,0
          9.66269,54.30284,0
          9.6621,54.30297,0
          9.66197,54.30297,0
          9.66197,54.30303,0
          9.66207,54.30329,0
          9.66207,54.30336,0
          9.66205,54.30338,0
          9.66169,54.30351,0
          9.66083,54.30397,0
          9.66083,54.30398,0
          9.66034,54.30419,0
          9.6602,54.30423,0
          9.65995,54.30444,0
          9.65958,54.30487,0
          9.65926,54.30512,0
          9.65857,54.30577,0
          9.65836,54.30604,0
          9.65832,54.30607,0
          9.65813,54.30629,0
          9.65807,54.30643,0
          9.65802,54.30675,0
          9.65802,54.3071,0
          9.65797,54.30724,0
          9.65787,54.30737,0
          9.65753,54.30755,0
          9.65738,54.30756,0
          9.65721,54.30765,0
          9.65522,54.30735,0
          9.65455,54.30733,0
          9.65441,54.30736,0
          9.65421,54.30734,0
          9.65136,54.30767,0
          9.65121,54.30772,0
          9.65041,54.30783,0
          9.64972,54.30784,0
          9.64953,54.30792,0
          9.64936,54.30796,0
          9.64931,54.30807,0
          9.64902,54.30831,0
          9.64839,54.30904,0
          9.64813,54.30968,0
          9.64812,54.30979,0
          9.64793,54.31034,0
          9.64794,54.3105,0
          9.648,54.31076,0
          9.64789,54.31106,0
          9.64749,54.31143,0
          9.64427,54.31394,0
          9.64415,54.31406,0
          9.64417,54.31422,0
          9.64421,54.31432,0
          9.64425,54.31436,0
          9.64408,54.31438,0
          9.64325,54.31469,0
          9.64307,54.31479,0
          9.64301,54.31486,0
          9.64212,54.31551,0
          9.6419,54.31571,0
          9.63655,54.31982,0
          9.63643,54.31995,0
          9.6341,54.32182,0
          9.63274,54.32278,0
          9.63,54.32499,0
          9.62999,54.32506,0
          9.63012,54.32511,0
          9.63012,54.32516,0
          9.63004,54.32524,0
          9.63006,54.32531,0
          9.63022,54.32542,0
          9.63038,54.32558,0
          9.63048,54.32561,0
          9.63063,54.3258,0
          9.63068,54.32592,0
          9.63073,54.3262,0
          9.63079,54.32715,0
          9.63088,54.32765,0
          9.63098,54.32793,0
          9.63271,54.33108,0
          9.62976,54.33189,0
          9.62824,54.33242,0
          9.6271,54.33264,0
          9.62624,54.33272,0
          9.62516,54.33248,0
          9.6251,54.33248,0
          9.62436,54.33266,0
          9.62421,54.33266,0
          9.62411,54.33263,0
          9.62386,54.33246,0
          9.62187,54.33147,0
          9.62177,54.33149,0
          9.62165,54.33154,0
          9.62023,54.33267,0
          9.61805,54.33408,0
          9.61566,54.33543,0
          9.61228,54.33704,0
          9.61021,54.33788,0
          9.60746,54.33886,0
          9.58162,54.34704,0
          9.58149,54.34711,0
          9.58087,54.34731,0
          9.58087,54.34732,0
          9.58069,54.34737,0
          9.5805,54.34739,0
          9.57384,54.34954,0
          9.57364,54.34956,0
          9.55967,54.35403,0
          9.55876,54.35441,0
          9.55762,54.355,0
          9.55679,54.35556,0
          9.55674,54.35565,0
          9.55632,54.35599,0
          9.55619,54.35604,0
          9.55537,54.35679,0
          9.55534,54.35687,0
          9.55491,54.35744,0
          9.55486,54.35748,0
          9.55449,54.3581,0
          9.55415,54.35878,0
          9.55414,54.35882,0
          9.55413,54.35883,0
          9.55222,54.36323,0
          9.55216,54.3633,0
          9.55215,54.36337,0
          9.55102,54.36599,0
          9.55099,54.36602,0
          9.55099,54.3661,0
          9.54793,54.37323,0
          9.54789,54.37329,0
          9.54709,54.37516,0
          9.54698,54.37522,0
          9.54669,54.37589,0
          9.54662,54.37593,0
          9.54476,54.38025,0
          9.54454,54.38062,0
          9.53877,54.39401,0
          9.53875,54.39409,0
          9.53869,54.39418,0
          9.53734,54.39729,0
          9.53734,54.39732,0
          9.53542,54.40176,0
          9.53555,54.40178,0
          9.5341,54.40519,0
          9.5341,54.40526,0
          9.53378,54.40601,0
          9.53374,54.40604,0
          9.53317,54.40725,0
          9.53316,54.40732,0
          9.53184,54.41038,0
          9.53179,54.41045,0
          9.53144,54.41126,0
          9.53145,54.41132,0
          9.53114,54.41216,0
          9.53113,54.41225,0
          9.53118,54.41227,0
          9.53126,54.41233,0
          9.53128,54.41238,0
          9.53133,54.41243,0
          9.53125,54.41248,0
          9.53121,54.41252,0
          9.53113,54.41257,0
          9.53097,54.41259,0
          9.53082,54.41276,0
          9.53056,54.41337,0
          9.53051,54.41342,0
          9.5305,54.4135,0
          9.53005,54.41459,0
          9.52987,54.41523,0
          9.52979,54.4157,0
          9.52969,54.41681,0
          9.52969,54.41726,0
          9.5298,54.41806,0
          9.53008,54.41939,0
          9.53007,54.41943,0
          9.53014,54.41953,0
          9.53178,54.42801,0
          9.53178,54.42807,0
          9.53388,54.43897,0
          9.53401,54.43937,0
          9.53436,54.44014,0
          9.53491,54.44097,0
          9.53691,54.44358,0
          9.53743,54.44498,0
          9.53742,54.44525,0
          9.5375,54.44594,0
          9.53748,54.44799,0
          9.53744,54.44808,0
          9.5372,54.45178,0
          9.53716,54.45187,0
          9.53722,54.45223,0
          9.5372,54.45248,0
          9.53711,54.4527,0
          9.5371,54.45271,0
          9.53712,54.45278,0
          9.53709,54.45314,0
          9.53712,54.45319,0
          9.53702,54.45415,0
          9.53704,54.45423,0
          9.53709,54.455,0
          9.53708,54.45509,0
          9.5372,54.45586,0
          9.53752,54.4569,0
          9.53763,54.457,0
          9.53758,54.45707,0
          9.53771,54.45738,0
          9.5377,54.45748,0
          9.53778,54.45757,0
          9.53864,54.45966,0
          9.53865,54.45971,0
          9.54061,54.46443,0
          9.54055,54.46454,0
          9.54246,54.46919,0
          9.54246,54.46932,0
          9.54286,54.47035,0
          9.54284,54.47043,0
          9.54302,54.4709,0
          9.54309,54.47094,0
          9.54371,54.47232,0
          9.54374,54.47236,0
          9.544,54.47299,0
          9.54405,54.47303,0
          9.54413,54.47318,0
          9.54502,54.47541,0
          9.54523,54.47581,0
          9.54551,54.4766,0
          9.54551,54.47671,0
          9.54565,54.47711,0
          9.54558,54.47713,0
          9.54551,54.4772,0
          9.54551,54.47722,0
          9.5455,54.47723,0
          9.54551,54.47732,0
          9.54557,54.47739,0
          9.54563,54.47742,0
          9.54575,54.47745,0
          9.54595,54.47784,0
          9.54601,54.47791,0
          9.54669,54.47954,0
          9.54676,54.47961,0
          9.54765,54.48167,0
          9.54808,54.48236,0
          9.54807,54.48243,0
          9.54883,54.48348,0
          9.54938,54.48407,0
          9.54956,54.48419,0
          9.55027,54.48496,0
          9.55183,54.48637,0
          9.55364,54.48816,0
          9.55448,54.48919,0
          9.55465,54.48947,0
          9.55461,54.48949,0
          9.55456,54.48956,0
          9.55455,54.48961,0
          9.5546,54.4897,0
          9.55463,54.48972,0
          9.55465,54.48976,0
          9.55479,54.48981,0
          9.55492,54.48982,0
          9.55512,54.49002,0
          9.5555,54.4907,0
          9.55563,54.49102,0
          9.5557,54.49108,0
          9.5558,54.49137,0
          9.55601,54.49228,0
          9.55604,54.49262,0
          9.55601,54.49345,0
          9.5559,54.49412,0
          9.55538,54.49583,0
          9.5544,54.4984,0
          9.55387,54.49953,0
          9.5537,54.50014,0
          9.55362,54.50022,0
          9.55376,54.50029,0
          9.55373,54.5003,0
          9.55369,54.50047,0
          9.55319,54.50165,0
          9.55317,54.50178,0
          9.55313,54.50184,0
          9.55315,54.50193,0
          9.55304,54.50215,0
          9.55279,54.50235,0
          9.55227,54.50307,0
          9.55173,54.50364,0
          9.55119,54.50411,0
          9.55007,54.5049,0
          9.54879,54.50557,0
          9.54725,54.50618,0
          9.54546,54.50667,0
          9.54531,54.50667,0
          9.54439,54.50684,0
          9.54195,54.50711,0
          9.5418,54.50716,0
          9.539,54.50736,0
          9.53892,54.50733,0
          9.53756,54.5074,0
          9.53754,54.50744,0
          9.53673,54.50746,0
          9.53671,54.50747,0
          9.53594,54.50749,0
          9.53578,54.50747,0
          9.53425,54.50753,0
          9.53406,54.50757,0
          9.53205,54.50766,0
          9.52982,54.50786,0
          9.5298,54.50787,0
          9.5292,54.50794,0
          9.52635,54.50846,0
          9.52446,54.50893,0
          9.52371,54.50919,0
          9.52366,54.50919,0
          9.52147,54.51,0
          9.52145,54.51,0
          9.52073,54.51032,0
          9.52071,54.51032,0
          9.5192,54.51108,0
          9.51781,54.51192,0
          9.51665,54.51276,0
          9.51531,54.51391,0
          9.51458,54.51469,0
          9.51392,54.51552,0
          9.51348,54.51617,0
          9.5131,54.51684,0
          9.51269,54.51778,0
          9.5124,54.51876,0
          9.51223,54.51974,0
          9.51211,54.52091,0
          9.51222,54.52468,0
          9.51219,54.52582,0
          9.51204,54.5272,0
          9.51168,54.52897,0
          9.51142,54.52989,0
          9.51096,54.53113,0
          9.51081,54.53111,0
          9.50988,54.53309,0
          9.5086,54.53508,0
          9.50765,54.53635,0
          9.50654,54.53762,0
          9.50538,54.53882,0
          9.5032,54.54074,0
          9.50136,54.54211,0
          9.49861,54.54392,0
          9.49637,54.54526,0
          9.49605,54.54538,0
          9.4961,54.54542,0
          9.49297,54.54736,0
          9.49291,54.54734,0
          9.49278,54.54748,0
          9.49022,54.5492,0
          9.48733,54.55154,0
          9.48552,54.55328,0
          9.48399,54.555,0
          9.48267,54.55682,0
          9.48128,54.55917,0
          9.48053,54.56076,0
          9.47976,54.56309,0
          9.47943,54.56461,0
          9.47923,54.56622,0
          9.4792,54.56806,0
          9.47928,54.56959,0
          9.47963,54.573,0
          9.47998,54.57551,0
          9.48015,54.57551,0
          9.4803,54.57647,0
          9.48026,54.57659,0
          9.48038,54.5774,0
          9.48038,54.57752,0
          9.48172,54.58475,0
          9.48279,54.58983,0
          9.48308,54.59195,0
          9.48313,54.59274,0
          9.48311,54.59458,0
          9.48297,54.59569,0
          9.48267,54.59701,0
          9.48231,54.59803,0
          9.48165,54.59947,0
          9.48106,54.60046,0
          9.47999,54.60202,0
          9.4766,54.6066,0
          9.47652,54.60667,0
          9.4755,54.60825,0
          9.47545,54.60837,0
          9.47471,54.60963,0
          9.47464,54.6097,0
          9.47351,54.61216,0
          9.47064,54.61896,0
          9.46995,54.62102,0
          9.46967,54.62215,0
          9.46944,54.62381,0
          9.46939,54.62463,0
          9.46951,54.63054,0
          9.46942,54.632,0
          9.46924,54.63313,0
          9.46901,54.63404,0
          9.46883,54.63458,0
          9.46846,54.63545,0
          9.46779,54.63663,0
          9.46734,54.63729,0
          9.46626,54.63858,0
          9.46562,54.63924,0
          9.46463,54.6401,0
          9.46458,54.64019,0
          9.46429,54.64044,0
          9.46392,54.6407,0
          9.4636,54.64088,0
          9.46308,54.64124,0
          9.46308,54.64132,0
          9.46232,54.6418,0
          9.46218,54.64186,0
          9.46193,54.64202,0
          9.46177,54.64207,0
          9.46123,54.6424,0
          9.45731,54.64444,0
          9.4573,54.64444,0
          9.45084,54.64763,0
          9.45082,54.64765,0
          9.45041,54.64784,0
          9.44792,54.64939,0
          9.44613,54.65075,0
          9.44501,54.65177,0
          9.44372,54.65318,0
          9.44372,54.65319,0
          9.44332,54.65369,0
          9.44234,54.65518,0
          9.44166,54.65657,0
          9.44152,54.65694,0
          9.44152,54.65696,0
          9.44146,54.65712,0
          9.44146,54.65714,0
          9.44145,54.65715,0
          9.44121,54.658,0
          9.44111,54.65888,0
          9.4411,54.65946,0
          9.44111,54.65946,0
          9.44113,54.6598,0
          9.44126,54.6605,0
          9.44145,54.6612,0
          9.44146,54.66121,0
          9.44167,54.66179,0
          9.44274,54.66384,0
          9.44282,54.66411,0
          9.4431,54.66474,0
          9.44313,54.66477,0
          9.44325,54.66481,0
          9.44331,54.66485,0
          9.44328,54.66488,0
          9.44329,54.66495,0
          9.44328,54.66498,0
          9.44318,54.66505,0
          9.44321,54.66508,0
          9.44342,54.66573,0
          9.44355,54.66631,0
          9.44362,54.6669,0
          9.44362,54.66712,0
          9.44355,54.66776,0
          9.4433,54.66869,0
          9.44292,54.66955,0
          9.44221,54.67073,0
          9.4407,54.6727,0
          9.44068,54.6728,0
          9.4402,54.67344,0
          9.4401,54.67348,0
          9.43964,54.67408,0
          9.43956,54.67415,0
          9.43792,54.67624,0
          9.43706,54.67755,0
          9.43515,54.68093,0
          9.43512,54.68101,0
          9.43468,54.68178,0
          9.43466,54.6818,0
          9.43405,54.68298,0
          9.43353,54.68436,0
          9.43252,54.68817,0
          9.43252,54.68824,0
          9.43187,54.69066,0
          9.43179,54.69108,0
          9.43176,54.69115,0
          9.43168,54.69168,0
          9.43166,54.69234,0
          9.43176,54.69272,0
          9.4318,54.69277,0
          9.43181,54.69282,0
          9.43179,54.69288,0
          9.43182,54.693,0
          9.43189,54.69308,0
          9.4321,54.69371,0
          9.43208,54.69377,0
          9.43246,54.69446,0
          9.43245,54.6945,0
          9.43471,54.69866,0
          9.43471,54.69867,0
          9.43542,54.70001,0
          9.43546,54.70006,0
          9.43727,54.70344,0
          9.43754,54.7041,0
          9.43756,54.70412,0
          9.43774,54.70469,0
          9.43777,54.70473,0
          9.43791,54.70525,0
          9.43794,54.70531,0
          9.43817,54.70614,0
          9.43823,54.70627,0
          9.43823,54.70631,0
          9.43822,54.70632,0
          9.43839,54.70687,0
          9.4384,54.70688,0
          9.43935,54.70996,0
          9.43936,54.70997,0
          9.43994,54.71179,0
          9.44037,54.71269,0
          9.44035,54.71275,0
          9.44057,54.71307,0
          9.4407,54.7132,0
          9.44103,54.71363,0
          9.44119,54.71379,0
          9.4413,54.71384,0
          9.4427,54.71513,0
          9.44311,54.71556,0
          9.44378,54.71651,0
          9.44387,54.71676,0
          9.44392,54.71684,0
          9.44404,54.71746,0
          9.44403,54.7175,0
          9.44406,54.71764,0
          9.44412,54.71775,0
          9.44415,54.71821,0
          9.44412,54.71832,0
          9.44415,54.71946,0
          9.44413,54.71954,0
          9.44403,54.72074,0
          9.44391,54.72139,0
          9.4437,54.72213,0
          9.44351,54.72264,0
          9.44329,54.72309,0
          9.4427,54.72407,0
          9.44242,54.72464,0
          9.4424,54.72466,0
          9.44205,54.72562,0
          9.44208,54.7257,0
          9.44205,54.72577,0
          9.44192,54.7263,0
          9.44186,54.72637,0
          9.44164,54.72733,0
          9.44167,54.7274,0
          9.44163,54.72859,0
          9.44168,54.72927,0
          9.44197,54.73127,0
          9.44199,54.73221,0
          9.4419,54.73355,0
          9.44188,54.73362,0
          9.44188,54.73367,0
          9.44178,54.73414,0
          9.44149,54.73646,0
          9.44151,54.73651,0
          9.44141,54.73719,0
          9.44136,54.73737,0
          9.44137,54.7374,0
          9.44136,54.73745,0
          9.44133,54.73749,0
          9.44112,54.73849,0
          9.4411,54.7385,0
          9.4411,54.73856,0
          9.44093,54.7391,0
          9.44094,54.7392,0
          9.44077,54.73959,0
          9.44069,54.73968,0
          9.43875,54.74433,0
          9.43874,54.74434,0
          9.43801,54.74603,0
          9.438,54.74609,0
          9.43786,54.74646,0
          9.43785,54.74647,0
          9.43784,54.74651,0
          9.43898,54.74685,0
          9.43909,54.74692,0
          9.43921,54.74697,0
          9.43973,54.74744,0
          9.44033,54.74818,0
          9.44138,54.74924,0
          9.4427,54.75077,0
          9.44271,54.7508,0
          9.4429,54.75106,0
          9.44416,54.75197,0
          9.44421,54.75203,0
          9.44462,54.7523,0
          9.44468,54.75231,0
          9.44478,54.75242,0
          9.44538,54.75285,0
          9.44551,54.75298,0
          9.44553,54.75299,0
          9.44565,54.75314,0
          9.44591,54.75397,0
          9.44597,54.75425,0
          9.44915,54.75667,0
          9.4495,54.75701,0
          9.44981,54.75744,0
          9.44987,54.75747,0
          9.45002,54.75765,0
          9.45035,54.75796,0
          9.45036,54.75798,0
          9.45293,54.75991,0
          9.45359,54.76034,0
          9.45211,54.76086,0
          9.45203,54.76093,0
          9.45119,54.7614,0
          9.45117,54.76143,0
          9.45108,54.76151,0
          9.45092,54.76158,0
          9.45041,54.76191,0
          9.44959,54.76253,0
          9.44954,54.76261,0
          9.4493,54.76279,0
          9.4493,54.76287,0
          9.44932,54.76292,0
          9.44934,54.76294,0
          9.44951,54.76301,0
          9.44954,54.76304,0
          9.44956,54.7631,0
          9.44954,54.76313,0
          9.44912,54.76343,0
          9.44909,54.76353,0
          9.44948,54.76371,0
          9.44916,54.76396,0
          9.44915,54.76398,0
          9.44908,54.76403,0
          9.44904,54.76408,0
          9.44904,54.76418,0
          9.44909,54.76442,0
          9.44916,54.76459,0
          9.44937,54.76553,0
          9.44936,54.7656,0
          9.44911,54.76589,0
          9.449,54.76593,0
          9.44856,54.76599,0
          9.44852,54.7659,0
          9.44819,54.76538,0
          9.44742,54.76447,0
          9.44725,54.76434,0
          9.44685,54.76468,0
          9.44528,54.76581,0
          9.44446,54.76649,0
          9.44444,54.76656,0
          9.44367,54.76723,0
          9.44356,54.76729,0
          9.44288,54.76786,0
          9.44281,54.768,0
          9.44195,54.76869,0
          9.4417,54.76884,0
          9.43908,54.76963,0
          9.43814,54.76998,0
          9.43793,54.76999,0
          9.43637,54.77047,0
          9.43616,54.77056,0
          9.43569,54.77067,0
          9.43557,54.77068,0
          9.43528,54.77076,0
          9.43529,54.77177,0
          9.43528,54.77181,0
          9.43533,54.7759,0
          9.43529,54.77616,0
          9.43524,54.77627,0
          9.43499,54.77664,0
          9.43495,54.77674,0
          9.43488,54.77681,0
          9.43486,54.77692,0
          9.43492,54.77722,0
          9.43516,54.77769,0
          9.43522,54.77775,0
          9.43532,54.778,0
          9.43537,54.77825,0
          9.43536,54.77831,0
          9.43538,54.779,0
          9.43557,54.77989,0
          9.43558,54.78008,0
          9.43563,54.7802,0
          9.43561,54.78024,0
          9.43606,54.7804,0
          9.43581,54.78066,0
          9.4358,54.78072,0
          9.43596,54.78122,0
          9.4359,54.7813,0
          9.43582,54.78148,0
          9.43575,54.78178,0
          9.4358,54.78186,0
          9.43564,54.78241,0
          9.43667,54.78252,0
          9.43668,54.78258,0
          9.4367,54.78258,0
          9.43634,54.78319,0
          9.43625,54.78326,0
          9.43589,54.78378,0
          9.43537,54.78432,0
          9.43499,54.78483,0
          9.43499,54.78484,0
          9.43453,54.7855,0
          9.43453,54.78551,0
          9.43404,54.78634,0
          9.43352,54.78685,0
          9.43285,54.78763,0
          9.43276,54.78764,0
          9.4327,54.78767,0
          9.43246,54.78797,0
          9.43223,54.78818,0
          9.43208,54.78846,0
          9.43203,54.78872,0
          9.43187,54.7892,0
          9.43162,54.78967,0
          9.43164,54.78969,0
          9.43155,54.78992,0
          9.43154,54.79001,0
          9.43156,54.79007,0
          9.43156,54.79058,0
          9.43154,54.79068,0
          9.43155,54.79117,0
          9.43139,54.79225,0
          9.43133,54.79315,0
          9.43145,54.79375,0
          9.43146,54.79422,0
          9.43142,54.79441,0
          9.43135,54.79458,0
          9.43125,54.79472,0
          9.4304,54.7954,0
          9.43025,54.79548,0
          9.43014,54.7955,0
          9.42997,54.79565,0
          9.43003,54.79567,0
          9.43083,54.79612,0
          9.42805,54.7977,0
          9.42765,54.798,0
          9.42744,54.79826,0
          9.42725,54.79856,0
          9.42711,54.79894,0
          9.42709,54.79904,0
          9.42711,54.79913,0
          9.42693,54.79959,0
          9.42668,54.79992,0
          9.4265,54.80008,0
          9.42609,54.80037,0
          9.42586,54.80049,0
          9.42526,54.8007,0
          9.42515,54.80072,0
          9.42491,54.80082,0
          9.42458,54.80104,0
          9.42445,54.8013,0
          9.42437,54.80158,0
          9.42435,54.80175,0
          9.42438,54.80194,0
          9.42442,54.80205,0
          9.42447,54.80233,0
          9.42447,54.80257,0
          9.42438,54.8028,0
          9.42439,54.80287,0
          9.42425,54.80328,0
          9.42425,54.80338,0
          9.42404,54.80408,0
          9.42392,54.80434,0
          9.42378,54.80483,0
          9.42374,54.80488,0
          9.42318,54.80659,0
          9.42315,54.80663,0
          9.42267,54.8081,0
          9.42264,54.80814,0
          9.42262,54.80824,0
          9.42235,54.8089,0
          9.42236,54.80901,0
          9.42196,54.81031,0
          9.42192,54.81035,0
          9.42165,54.81154,0
          9.42163,54.81177,0
          9.42166,54.81232,0
          9.4217,54.81239,0
          9.42176,54.81279,0
          9.4218,54.8129,0
          9.42183,54.81316,0
          9.42179,54.81328,0
          9.42185,54.814,0
          9.42192,54.81412,0
          9.42194,54.81428,0
          9.42191,54.81444,0
          9.42201,54.81562,0
          9.42203,54.81562,0
          9.42218,54.81722,0
          9.4222,54.81728,0
          9.42238,54.81752,0
          9.42247,54.81812,0
          9.42245,54.81859,0
          9.4224,54.81892,0
          9.4224,54.81903,0
          9.42242,54.81913,0
          9.42236,54.81915,0
          9.42249,54.82051,0
          9.42249,54.82087,0
          9.42243,54.82134,0
          9.4224,54.82141,0
          9.42238,54.82151,0
          9.4222,54.82186,0
          9.42104,54.8237,0
          9.42102,54.82376,0
          9.41826,54.82817,0
          9.41795,54.82855,0
          9.41623,54.83,0
          9.41611,54.83005,0
          9.41594,54.83022,0
          9.41528,54.83065,0
          9.41458,54.8312,0
          9.41463,54.83124,0
          9.41448,54.83135,0
          9.4143,54.83158,0
          9.41417,54.83183,0
          9.41411,54.83202,0
          9.41405,54.83261,0
          9.41395,54.83294,0
          9.41387,54.83348,0
          9.41374,54.8339,0
          9.41366,54.83404,0
          9.41366,54.83405,0
          9.41355,54.83422,0
          9.41309,54.83471,0
          9.4124,54.8352,0
          9.41199,54.83544,0
          9.41194,54.83544,0
          9.40734,54.83806,0
          9.40708,54.83829,0
          9.40702,54.83838,0
          9.40692,54.83848,0
          9.40639,54.83878,0
          9.40578,54.83896,0
          9.40536,54.83916,0
          9.40409,54.83993,0
          9.40398,54.84003,0
          9.40391,54.84012,0
          9.40373,54.84046,0
          9.40301,54.84135,0
          9.40297,54.84143,0
          9.40262,54.84191,0
          9.40236,54.84216,0
          9.40218,54.84241,0
          9.40218,54.84242,0
          9.40203,54.84265,0
          9.40208,54.84272,0
          9.40178,54.8433,0
          9.40168,54.84335,0
          9.40074,54.84509,0
          9.4007,54.84513,0
          9.4005,54.84555,0
          9.4005,54.84558,0
          9.40042,54.84587,0
          9.40041,54.84616,0
          9.40047,54.84649,0
          9.40075,54.847,0
          9.40118,54.84764,0
          9.40118,54.84775,0
          9.40128,54.84782,0
          9.40169,54.84843,0
          9.40179,54.84852,0
          9.40233,54.84936,0
          9.40231,54.84944,0
          9.40232,54.84948,0
          9.40232,54.8496,0
          9.40236,54.84978,0
          9.40243,54.84987,0
          9.40249,54.85014,0
          9.40246,54.85024,0
          9.40357,54.85801,0
          9.4036,54.85906,0
          9.40348,54.8601,0
          9.40336,54.86063,0
          9.40336,54.86071,0
          9.40328,54.86098,0
          9.40364,54.86108,0
          9.40378,54.86115,0
          9.40387,54.86122,0
          9.40389,54.86125,0
          9.40393,54.86128,0
          9.40399,54.86136,0
          9.40403,54.86145,0
          9.40404,54.86161,0
          9.40407,54.86167,0
          9.40408,54.86195,0
          9.40428,54.86337,0
          9.40432,54.86342,0
          9.40441,54.86434,0
          9.40444,54.86439,0
          9.40445,54.86457,0
          9.40477,54.86645,0
          9.40475,54.86651,0
          9.40479,54.86652,0
          9.40501,54.8678,0
          9.40517,54.86831,0
          9.40536,54.86865,0
          9.40544,54.86871,0
          9.40757,54.87113,0
          9.40779,54.87134,0
          9.41439,54.87872,0
          9.41442,54.87877,0
          9.41447,54.8788,0
          9.43205,54.89825,0
          9.43211,54.89827,0
          9.43267,54.89893,0
          9.43272,54.89903,0
          9.44074,54.90799,0
          9.44109,54.90859,0
          9.44118,54.90882,0
          9.44118,54.90884,0
          9.44203,54.91118,0
          9.44207,54.91125,0
          9.44633,54.92298,0
          9.44638,54.92306,0
          9.4467,54.92394,0
          9.44669,54.92397,0
          9.44654,54.92399,0
          9.44823,54.92858,0
          9.44819,54.92867,0
          9.44862,54.92969,0
          9.44863,54.92983,0
          9.44876,54.93021,0
          9.44883,54.93029,0
          9.45189,54.93861,0
          9.45199,54.93898,0
          9.45235,54.9414,0
          9.45236,54.94178,0
          9.45229,54.9422,0
          9.45219,54.94242,0
          9.45217,54.94257,0
          9.45182,54.94324,0
          9.45158,54.94362,0
          9.45141,54.9438,0
          9.45139,54.94389,0
          9.45128,54.94389,0
          9.45113,54.94394,0
          9.45111,54.94397,0
          9.45109,54.94409,0
          9.45117,54.94417,0
          9.45121,54.94418,0
          9.45114,54.94426,0
          9.45114,54.94443,0
          9.45104,54.94485,0
          9.4509,54.94517,0
          9.45072,54.94539,0
          9.45067,54.94539,0
          9.45054,54.94544,0
          9.45048,54.94548,0
          9.45041,54.94556,0
          9.45041,54.94564,0
          9.45043,54.94568,0
          9.45045,54.94569,0
          9.45046,54.94571,0
          9.45054,54.94577,0
          9.45046,54.94604,0
          9.45036,54.94611,0
          9.44989,54.94681,0
          9.4497,54.94719,0
          9.44962,54.94728,0
          9.44949,54.94757,0
          9.44917,54.9486,0
          9.44903,54.94943,0
          9.449,54.9504,0
          9.44922,54.95374,0
          9.44919,54.95431,0
          9.44923,54.95442,0
          9.44836,54.96437,0
          9.44853,54.96437,0
          9.44763,54.97462,0
          9.44767,54.97473,0
          9.44763,54.97518,0
          9.44757,54.97524,0
          9.44679,54.98392,0
          9.44654,54.98521,0
          9.44652,54.98557,0
          9.44635,54.98628,0
          9.4463,54.98634,0
          9.44626,54.98655,0
          9.44628,54.98663,0
          9.44623,54.98683,0
          9.44616,54.98691,0
          9.44614,54.98703,0
          9.44617,54.9871,0
          9.4461,54.98751,0
          9.44604,54.98758,0
          9.44596,54.98804,0
          9.4459,54.98813,0
          9.44591,54.9882,0
          9.44581,54.98858,0
          9.44581,54.98863,0
          9.44378,54.99855,0
          9.44379,54.99855,0
          9.44321,55.00138,0
          9.44321,55.00145,0
          9.44274,55.00365,0
          9.44276,55.00369,0
          9.4406,55.01108,0
          9.43989,55.01297,0
          9.43966,55.01348,0
          9.4384,55.01585,0
          9.4384,55.01586,0
          9.4381,55.01642,0
          9.4381,55.01643,0
          9.43792,55.01678,0
          9.43791,55.01682,0
          9.43785,55.01692,0
          9.43784,55.01702,0
          9.43757,55.01749,0
          9.43747,55.01757,0
          9.43729,55.01784,0
          9.43683,55.01836,0
          9.43493,55.01995,0
          9.4349,55.02002,0
          9.43438,55.02049,0
          9.4342,55.02059,0
          9.43314,55.02141,0
          9.4323,55.02193,0
          9.43182,55.02218,0
          9.43105,55.02249,0
          9.43074,55.02257,0
          9.43065,55.02262,0
          9.43005,55.02282,0
          9.4292,55.02299,0
          9.4292,55.02304,0
          9.42915,55.02307,0
          9.42746,55.02355,0
          9.42649,55.02391,0
          9.42576,55.02424,0
          9.42483,55.02484,0
          9.42464,55.02489,0
          9.42459,55.02489,0
          9.42297,55.02654,0
          9.42271,55.02687,0
          9.4225,55.02721,0
          9.42235,55.02752,0
          9.42194,55.0286,0
          9.42187,55.02868,0
          9.42187,55.02873,0
          9.42114,55.03072,0
          9.42112,55.03073,0
          9.42109,55.03091,0
          9.42093,55.0314,0
          9.42093,55.03143,0
          9.42071,55.0321,0
          9.42056,55.03284,0
          9.4206,55.03353,0
          9.42064,55.03362,0
          9.42066,55.03374,0
          9.42069,55.03377,0
          9.42076,55.03402,0
          9.42072,55.03406,0
          9.42089,55.03447,0
          9.42103,55.03463,0
          9.42125,55.03502,0
          9.42128,55.03505,0
          9.42134,55.03519,0
          9.4214,55.03525,0
          9.42166,55.03572,0
          9.42165,55.0358,0
          9.42183,55.03626,0
          9.42194,55.03672,0
          9.42197,55.03728,0
          9.42187,55.03889,0
          9.42188,55.03899,0
          9.42193,55.03905,0
          9.42193,55.03933,0
          9.42199,55.03968,0
          9.42195,55.03974,0
          9.42198,55.04006,0
          9.42206,55.04033,0
          9.42248,55.0412,0
          9.42254,55.04158,0
          9.42255,55.04159,0
          9.42257,55.04173,0
          9.42252,55.04207,0
          9.42229,55.04262,0
          9.4223,55.0427,0
          9.42192,55.04341,0
          9.4217,55.04421,0
          9.42166,55.04424,0
          9.42159,55.04446,0
          9.42159,55.04452,0
          9.42145,55.04502,0
          9.42147,55.04509,0
          9.42141,55.04531,0
          9.42134,55.04539,0
          9.42121,55.04567,0
          9.42105,55.04588,0
          9.42103,55.04596,0
          9.42069,55.04644,0
          9.42062,55.04649,0
          9.42062,55.04651,0
          9.42041,55.04683,0
          9.42039,55.0469,0
          9.41995,55.04751,0
          9.41986,55.04757,0
          9.4198,55.04766,0
          9.41981,55.04775,0
          9.41977,55.04784,0
          9.41977,55.04792,0
          9.41976,55.04795,0
          9.41978,55.04816,0
          9.41984,55.04828,0
          9.42006,55.04858,0
          9.42026,55.04879,0
          9.42026,55.04878,0
          9.42027,55.04881,0
          9.42038,55.04897,0
          9.42077,55.04937,0
          9.4208,55.04942,0
          9.42102,55.04954,0
          9.42174,55.05017,0
          9.42177,55.05023,0
          9.42216,55.05056,0
          9.42229,55.05063,0
          9.42316,55.05142,0
          9.42329,55.05148,0
          9.42372,55.05192,0
          9.42379,55.05202,0
          9.42406,55.05224,0
          9.42415,55.05236,0
          9.42542,55.05348,0
          9.42545,55.05352,0
          9.42549,55.05354,0
          9.42726,55.05515,0
          9.42735,55.05519,0
          9.42789,55.05566,0
          9.42791,55.0557,0
          9.42861,55.05633,0
          9.4287,55.05639,0
          9.43101,55.05847,0
          9.43106,55.0585,0
          9.43185,55.0592,0
          9.43194,55.05923,0
          9.43213,55.05942,0
          9.43219,55.05951,0
          9.43262,55.05993,0
          9.43264,55.05994,0
          9.43291,55.0602,0
          9.43304,55.06028,0
          9.43323,55.06048,0
          9.43343,55.0608,0
          9.43342,55.06085,0
          9.43362,55.06132,0
          9.43368,55.06154,0
          9.43373,55.06218,0
          9.43363,55.06278,0
          9.43353,55.06303,0
          9.43328,55.0635,0
          9.43311,55.06375,0
          9.43291,55.06398,0
          9.4329,55.06398,0
          9.43273,55.06416,0
          9.43139,55.0653,0
          9.43109,55.06562,0
          9.43075,55.06607,0
          9.4306,55.06642,0
          9.43061,55.06644,0
          9.43052,55.06669,0
          9.43044,55.06711,0
          9.43043,55.06751,0
          9.43083,55.07191,0
          9.43081,55.07205,0
          9.43084,55.07216,0
          9.43143,55.07856,0
          9.43177,55.08131,0
          9.43184,55.08142,0
          9.43197,55.08146,0
          9.43203,55.08151,0
          9.43202,55.08154,0
          9.43204,55.08157,0
          9.43204,55.08162,0
          9.43203,55.08165,0
          9.43202,55.08166,0
          9.43202,55.08168,0
          9.432,55.08169,0
          9.43198,55.08172,0
          9.43194,55.08175,0
          9.43191,55.08176,0
          9.43182,55.08184,0
          9.4318,55.08189,0
          9.43199,55.08384,0
          9.43205,55.08391,0
          9.43212,55.08484,0
          9.43207,55.08491,0
          9.4321,55.08507,0
          9.43206,55.08512,0
          9.4321,55.08555,0
          9.43213,55.08566,0
          9.43276,55.09192,0
          9.43291,55.09247,0
          9.4332,55.09306,0
          9.43362,55.0936,0
          9.43523,55.09498,0
          9.43549,55.09524,0
          9.43583,55.0957,0
          9.43607,55.09628,0
          9.43704,55.10088,0
          9.43705,55.10101,0
          9.43737,55.10252,0
          9.43743,55.1026,0
          9.4376,55.10357,0
          9.43765,55.10359,0
          9.43766,55.10364,0
          9.43762,55.10368,0
          9.43897,55.11037,0
          9.43893,55.11044,0
          9.43927,55.11219,0
          9.43936,55.11227,0
          9.43964,55.11372,0
          9.43969,55.11379,0
          9.43967,55.11388,0
          9.43986,55.11455,0
          9.43993,55.11464,0
          9.44003,55.11519,0
          9.43999,55.11526,0
          9.44018,55.11613,0
          9.44018,55.11622,0
          9.44038,55.11727,0
          9.44039,55.11728,0
          9.44055,55.11812,0
          9.44043,55.11813,0
          9.44045,55.11816,0
          9.44111,55.12139,0
          9.44111,55.12146,0
          9.44131,55.12226,0
          9.44137,55.12233,0
          9.44136,55.12245,0
          9.4416,55.12371,0
          9.44157,55.12375,0
          9.44164,55.12433,0
          9.44163,55.12444,0
          9.44166,55.12452,0
          9.44163,55.12478,0
          9.44158,55.12487,0
          9.44161,55.12508,0
          9.44149,55.12553,0
          9.44126,55.12601,0
          9.44045,55.12683,0
          9.44031,55.12703,0
          9.44012,55.12745,0
          9.44007,55.12764,0
          9.43965,55.13072,0
          9.43959,55.13092,0
          9.43544,55.14017,0
          9.43538,55.14024,0
          9.43456,55.14209,0
          9.43445,55.14247,0
          9.4344,55.14301,0
          9.43442,55.14335,0
          9.43451,55.14376,0
          9.43476,55.14433,0
          9.44526,55.1597,0
          9.4453,55.15974,0
          9.45127,55.16849,0
          9.45128,55.16856,0
          9.4518,55.16931,0
          9.45197,55.16961,0
          9.45207,55.16988,0
          9.45208,55.16999,0
          9.45204,55.17025,0
          9.45199,55.17039,0
          9.45181,55.1707,0
          9.4517,55.17084,0
          9.45021,55.17194,0
          9.45001,55.17212,0
          9.44986,55.17233,0
          9.44979,55.1725,0
          9.44976,55.17268,0
          9.44977,55.17285,0
          9.44985,55.17308,0
          9.44996,55.17323,0
          9.45032,55.17358,0
          9.45081,55.17394,0
          9.45088,55.17402,0
          9.45108,55.17418,0
          9.45139,55.17449,0
          9.45191,55.17517,0
          9.452,55.17524,0
          9.454,55.17802,0
          9.45409,55.17811,0
          9.45531,55.17979,0
          9.45542,55.17989,0
          9.45558,55.18011,0
          9.45563,55.18023,0
          9.45605,55.18079,0
          9.4562,55.18095,0
          9.45706,55.18165,0
          9.45709,55.18169,0
          9.45785,55.1823,0
          9.45792,55.18239,0
          9.45968,55.18383,0
          9.45968,55.18384,0
          9.46048,55.18449,0
          9.46058,55.18455,0
          9.46065,55.18464,0
          9.46386,55.18725,0
          9.46419,55.18762,0
          9.46436,55.18793,0
          9.46446,55.18833,0
          9.46453,55.18966,0
          9.4646,55.18991,0
          9.46477,55.19022,0
          9.46492,55.19041,0
          9.46508,55.19056,0
          9.4674,55.19219,0
          9.46792,55.19267,0
          9.46935,55.19433,0
          9.4695,55.19429,0
          9.47194,55.19715,0
          9.47194,55.19724,0
          9.47276,55.1982,0
          9.47288,55.19825,0
          9.47403,55.19962,0
          9.47463,55.20048,0
          9.47876,55.20854,0
          9.47875,55.20859,0
          9.47947,55.21009,0
          9.47954,55.21019,0
          9.48166,55.21443,0
          9.48176,55.21451,0
          9.48202,55.21503,0
          9.48203,55.21512,0
          9.48448,55.22003,0
          9.48455,55.22007,0
          9.48467,55.2204,0
          9.48465,55.22051,0
          9.48471,55.22067,0
          9.48488,55.22148,0
          9.48506,55.22333,0
          9.4851,55.22348,0
          9.48518,55.22439,0
          9.48536,55.22514,0
          9.48535,55.2252,0
          9.48549,55.2258,0
          9.48571,55.22643,0
          9.4857,55.22649,0
          9.48842,55.23358,0
          9.48853,55.23401,0
          9.48866,55.23494,0
          9.48855,55.23592,0
          9.48849,55.23599,0
          9.48846,55.23628,0
          9.48865,55.23632,0
          9.48866,55.23633,0
          9.4887,55.23634,0
          9.48881,55.23642,0
          9.48869,55.23646,0
          9.48874,55.23651,0
          9.48875,55.23657,0
          9.48873,55.23661,0
          9.48867,55.23667,0
          9.48865,55.23668,0
          9.48875,55.23673,0
          9.48924,55.23684,0
          9.48958,55.23705,0
          9.48986,55.23732,0
          9.4901,55.23748,0
          9.48997,55.23757,0
          9.48992,55.23764,0
          9.48991,55.23767,0
          9.48991,55.23771,0
          9.49,55.23797,0
          9.49009,55.23841,0
          9.4901,55.23894,0
          9.49011,55.23898,0
          9.49012,55.24046,0
          9.49023,55.24049,0
          9.49027,55.24482,0
          9.49026,55.24486,0
          9.4903,55.24534,0
          9.49029,55.24616,0
          9.49027,55.24626,0
          9.49029,55.24635,0
          9.49028,55.24655,0
          9.49025,55.2466,0
          9.49023,55.24689,0
          9.4902,55.24698,0
          9.48998,55.24733,0
          9.4899,55.24739,0
          9.48981,55.24749,0
          9.4896,55.24766,0
          9.48933,55.24782,0
          9.4887,55.2481,0
          9.48803,55.24878,0
          9.48815,55.24912,0
          9.48807,55.24913,0
          9.48798,55.25016,0
          9.48801,55.25024,0
          9.48807,55.25062,0
          9.48806,55.25072,0
          9.48811,55.25103,0
          9.48809,55.25112,0
          9.48895,55.25294,0
          9.48896,55.25305,0
          9.48926,55.2536,0
          9.48938,55.25368,0
          9.48991,55.25441,0
          9.49002,55.25449,0
          9.49176,55.25682,0
          9.4918,55.2569,0
          9.49241,55.25772,0
          9.49281,55.25837,0
          9.49324,55.25945,0
          9.49326,55.25955,0
          9.4933,55.25961,0
          9.49366,55.26069,0
          9.49366,55.26076,0
          9.49381,55.26112,0
          9.49505,55.2649,0
          9.49504,55.26496,0
          9.49509,55.2651,0
          9.49528,55.26529,0
          9.49516,55.26536,0
          9.49508,55.26543,0
          9.495,55.26554,0
          9.4949,55.26575,0
          9.49535,55.26584,0
          9.49539,55.26589,0
          9.49662,55.2696,0
          9.49642,55.2697,0
          9.49721,55.27092,0
          9.49746,55.27145,0
          9.49742,55.27151,0
          9.49756,55.27207,0
          9.49771,55.27462,0
          9.49773,55.27467,0
          9.49774,55.27485,0
          9.49776,55.27491,0
          9.49827,55.28217,0
          9.49826,55.28222,0
          9.49831,55.28301,0
          9.49826,55.28307,0
          9.4983,55.28353,0
          9.49836,55.28359,0
          9.49889,55.29075,0
          9.49888,55.29083,0
          9.49894,55.29169,0
          9.49898,55.29174,0
          9.499,55.29266,0
          9.4994,55.29772,0
          9.49937,55.29777,0
          9.49969,55.30238,0
          9.49971,55.30247,0
          9.49985,55.30476,0
          9.49986,55.30478,0
          9.4999,55.30634,0
          9.49993,55.30641,0
          9.49974,55.30728,0
          9.49967,55.30735,0
          9.49959,55.3077,0
          9.49958,55.30771,0
          9.49959,55.30779,0
          9.49921,55.30911,0
          9.49371,55.32513,0
          9.49363,55.32519,0
          9.49326,55.32613,0
          9.49331,55.32622,0
          9.49316,55.32675,0
          9.49313,55.32679,0
          9.49182,55.33056,0
          9.49182,55.3306,0
          9.48965,55.33686,0
          9.48737,55.34244,0
          9.4871,55.34287,0
          9.48724,55.34289,0
          9.48682,55.34378,0
          9.48674,55.34384,0
          9.48579,55.34597,0
          9.48508,55.34788,0
          9.48504,55.34792,0
          9.48496,55.34816,0
          9.48491,55.34823,0
          9.48447,55.34947,0
          9.48442,55.3499,0
          9.48418,55.35075,0
          9.48397,55.3519,0
          9.48392,55.35203,0
          9.4839,55.35217,0
          9.48384,55.35224,0
          9.48366,55.35311,0
          9.48367,55.35316,0
          9.48353,55.35383,0
          9.48354,55.35388,0
          9.4832,55.35725,0
          9.48311,55.35735,0
          9.48301,55.35845,0
          9.48305,55.35855,0
          9.48287,55.36007,0
          9.48288,55.36013,0
          9.48278,55.36099,0
          9.48276,55.36105,0
          9.48265,55.36232,0
          9.48263,55.36238,0
          9.4826,55.36277,0
          9.48252,55.36323,0
          9.48237,55.36492,0
          9.48249,55.36495,0
          9.48254,55.36499,0
          9.48234,55.36682,0
          9.48226,55.3669,0
          9.48207,55.36907,0
          9.48205,55.36913,0
          9.48153,55.37398,0
          9.48154,55.37404,0
          9.48136,55.37581,0
          9.48127,55.37631,0
          9.48132,55.37639,0
          9.48127,55.37689,0
          9.48122,55.37697,0
          9.48117,55.37734,0
          9.48118,55.37727,0
          9.481,55.37908,0
          9.48097,55.37914,0
          9.48095,55.37945,0
          9.48087,55.37952,0
          9.48082,55.37992,0
          9.48088,55.37998,0
          9.47985,55.38988,0
          9.47986,55.38994,0
          9.47952,55.39303,0
          9.47951,55.39304,0
          9.47947,55.3934,0
          9.47948,55.39347,0
          9.47937,55.39467,0
          9.4794,55.39476,0
          9.47915,55.39705,0
          9.47911,55.39714,0
          9.47766,55.41112,0
          9.47764,55.41118,0
          9.47712,55.4162,0
          9.47705,55.41627,0
          9.47695,55.41716,0
          9.477,55.41723,0
          9.47682,55.41904,0
          9.47683,55.41912,0
          9.47639,55.42334,0
          9.47637,55.42339,0
          9.47621,55.42496,0
          9.47622,55.42503,0
          9.47578,55.42922,0
          9.47575,55.4293,0
          9.4753,55.4337,0
          9.47528,55.43432,0
          9.47537,55.43565,0
          9.47546,55.43617,0
          9.47548,55.43621,0
          9.47552,55.43624,0
          9.47568,55.43629,0
          9.47579,55.43638,0
          9.4757,55.43641,0
          9.47572,55.43646,0
          9.47572,55.4365,0
          9.4757,55.43655,0
          9.47566,55.43659,0
          9.47559,55.43663,0
          9.47552,55.43665,0
          9.47555,55.43671,0
          9.47553,55.43673,0
          9.47551,55.43678,0
          9.4755,55.43732,0
          9.47549,55.43736,0
          9.47547,55.43738,0
          9.47575,55.44026,0
          9.47579,55.44035,0
          9.47595,55.44204,0
          9.47599,55.44212,0
          9.47596,55.44234,0
          9.47593,55.44242,0
          9.4759,55.44271,0
          9.47632,55.44784,0
          9.47629,55.44791,0
          9.4764,55.44828,0
          9.47654,55.44833,0
          9.4766,55.44837,0
          9.47663,55.44842,0
          9.47664,55.44847,0
          9.47662,55.44851,0
          9.47662,55.44854,0
          9.47656,55.4486,0
          9.47649,55.44864,0
          9.47638,55.44897,0
          9.47651,55.45055,0
          9.47661,55.45067,0
          9.47663,55.45085,0
          9.47659,55.45096,0
          9.47655,55.45102,0
          9.47676,55.45398,0
          9.47679,55.45403,0
          9.47685,55.45478,0
          9.47684,55.45483,0
          9.47686,55.45562,0
          9.47684,55.45576,0
          9.47689,55.45581,0
          9.47687,55.45592,0
          9.47679,55.45603,0
          9.47659,55.4564,0
          9.47408,55.45923,0
          9.47381,55.45962,0
          9.47373,55.45981,0
          9.47368,55.46,0
          9.47365,55.46006,0
          9.47352,55.46057,0
          9.47356,55.46065,0
          9.47343,55.46116,0
          9.47336,55.46124,0
          9.47265,55.46405,0
          9.47267,55.46414,0
          9.47254,55.4647,0
          9.47247,55.46478,0
          9.47173,55.46768,0
          9.47176,55.46776,0
          9.4717,55.46802,0
          9.47162,55.46811,0
          9.47157,55.46839,0
          9.47153,55.46848,0
          9.47136,55.46923,0
          9.47142,55.46936,0
          9.47137,55.46957,0
          9.47137,55.46963,0
          9.47117,55.4706,0
          9.47111,55.47067,0
          9.47096,55.47096,0
          9.47095,55.47102,0
          9.47098,55.47108,0
          9.47087,55.47142,0
          9.4708,55.47147,0
          9.47054,55.47242,0
          9.47053,55.47243,0
          9.46943,55.4768,0
          9.4694,55.47686,0
          9.46931,55.47723,0
          9.46917,55.47722,0
          9.46875,55.47888,0
          9.46875,55.47896,0
          9.46857,55.47952,0
          9.46858,55.47958,0
          9.4683,55.48059,0
          9.46821,55.48107,0
          9.46823,55.48119,0
          9.46821,55.48132,0
          9.46835,55.4815,0
          9.46837,55.48156,0
          9.4699,55.48306,0
          9.46995,55.48313,0
          9.47102,55.48415,0
          9.47105,55.48422,0
          9.47125,55.48442,0
          9.47135,55.48449,0
          9.47159,55.48478,0
          9.47193,55.48543,0
          9.47212,55.4859,0
          9.47215,55.48605,0
          9.47214,55.48617,0
          9.47207,55.48632,0
          9.4719,55.48654,0
          9.47184,55.48671,0
          9.47179,55.48678,0
          9.47171,55.487,0
          9.47173,55.48706,0
          9.47169,55.4871,0
          9.47167,55.48714,0
          9.47166,55.48772,0
          9.47169,55.48791,0
          9.47174,55.48806,0
          9.47177,55.48811,0
          9.47173,55.48812,0
          9.47167,55.48827,0
          9.47158,55.48835,0
          9.47106,55.48861,0
          9.47083,55.48868,0
          9.47075,55.48873,0
          9.47046,55.48884,0
          9.47019,55.48887,0
          9.4703,55.48911,0
          9.47014,55.48915,0
          9.47003,55.48921,0
          9.47002,55.48927,0
          9.47003,55.48928,0
          9.47004,55.48945,0
          9.4669,55.49001,0
          9.46685,55.49005,0
          9.46646,55.49013,0
          9.46649,55.49036,0
          9.46647,55.49064,0
          9.46625,55.49142,0
          9.46528,55.49402,0
          9.46506,55.4942,0
          9.46489,55.49428,0
          9.46519,55.49445,0
          9.46427,55.49501,0
          9.46405,55.49505,0
          9.46403,55.49515,0
          9.46395,55.49521,0
          9.46389,55.49539,0
          9.4639,55.49555,0
          9.46379,55.49656,0
          9.46378,55.49657,0
          9.46375,55.49671,0
          9.46362,55.49688,0
          9.46352,55.49697,0
          9.46325,55.49713,0
          9.46123,55.49806,0
          9.46105,55.49823,0
          9.46097,55.49835,0
          9.45992,55.50061,0
          9.45989,55.50072,0
          9.45904,55.50254,0
          9.45903,55.50263,0
          9.459,55.5027,0
          9.45869,55.50269,0
          9.45868,55.5027,0
          9.45868,55.5028,0
          9.45867,55.5028,0
          9.45867,55.50281,0
          9.45864,55.50282,0
          9.45864,55.50316,0
          9.4586,55.50349,0
          9.45855,55.50368,0
          9.45848,55.50379,0
          9.45837,55.50414,0
          9.45833,55.50421,0
          9.45832,55.50426,0
          9.45808,55.50478,0
          9.45798,55.50486,0
          9.45789,55.50504,0
          9.45792,55.50513,0
          9.45742,55.50618,0
          9.45741,55.50627,0
          9.4572,55.50674,0
          9.45719,55.50683,0
          9.45716,55.5069,0
          9.45716,55.50696,0
          9.45676,55.5078,0
          9.45668,55.50788,0
          9.45645,55.50838,0
          9.45636,55.50846,0
          9.45604,55.50914,0
          9.45606,55.50924,0
          9.4559,55.50966,0
          9.45592,55.5098,0
          9.45586,55.51014,0
          9.45581,55.51028,0
          9.45582,55.51047,0
          9.45583,55.51049,0
          9.4559,55.51091,0
          9.45589,55.51115,0
          9.45611,55.51177,0
          9.45655,55.51266,0
          9.45791,55.51493,0
          9.45795,55.51503,0
          9.45833,55.51561,0
          9.45845,55.51571,0
          9.45857,55.51589,0
          9.45874,55.51623,0
          9.45874,55.51631,0
          9.45929,55.51737,0
          9.45935,55.51742,0
          9.46006,55.51871,0
          9.46019,55.51886,0
          9.46021,55.51893,0
          9.46072,55.51981,0
          9.46077,55.51986,0
          9.46084,55.51999,0
          9.46093,55.52008,0
          9.46129,55.52071,0
          9.4613,55.5208,0
          9.46158,55.52125,0
          9.46159,55.52129,0
          9.46199,55.522,0
          9.46204,55.52205,0
          9.46271,55.52321,0
          9.4628,55.52329,0
          9.46297,55.52359,0
          9.46298,55.52366,0
          9.46346,55.52445,0
          9.46358,55.52459,0
          9.46372,55.52483,0
          9.46382,55.52493,0
          9.46385,55.52505,0
          9.46472,55.52636,0
          9.46474,55.52642,0
          9.46476,55.52643,0
          9.46568,55.52774,0
          9.46583,55.52786,0
          9.46642,55.52861,0
          9.46658,55.52894,0
          9.4672,55.52982,0
          9.46718,55.52989,0
          9.4683,55.53155,0
          9.46842,55.53163,0
          9.46859,55.53189,0
          9.46907,55.53248,0
          9.46909,55.53252,0
          9.46912,55.53255,0
          9.46915,55.53263,0
          9.46955,55.53324,0
          9.46955,55.53334,0
          9.46973,55.53363,0
          9.46975,55.53378,0
          9.47174,55.53666,0
          9.47174,55.53667,0
          9.47298,55.53852,0
          9.473,55.53858,0
          9.47307,55.53864,0
          9.47377,55.53973,0
          9.47411,55.54018,0
          9.47433,55.54054,0
          9.47434,55.5406,0
          9.47444,55.54069,0
          9.47644,55.54367,0
          9.47653,55.54374,0
          9.47674,55.54404,0
          9.47688,55.54414,0
          9.47694,55.54414,0
          9.47719,55.54421,0
          9.47709,55.54428,0
          9.4772,55.54434,0
          9.47723,55.54439,0
          9.47723,55.5445,0
          9.47717,55.54457,0
          9.4771,55.5446,0
          9.47719,55.54468,0
          9.47729,55.54495,0
          9.47729,55.54497,0
          9.47736,55.54504,0
          9.47901,55.5475,0
          9.4791,55.54759,0
          9.48302,55.55356,0
          9.4837,55.55446,0
          9.48419,55.55499,0
          9.48422,55.55511,0
          9.48544,55.55629,0
          9.48571,55.5565,0
          9.48574,55.55655,0
          9.48689,55.55747,0
          9.48691,55.55751,0
          9.49383,55.56251,0
          9.49476,55.56334,0
          9.4949,55.56353,0
          9.49512,55.56365,0
          9.49552,55.56413,0
          9.49552,55.56414,0
          9.49583,55.56457,0
          9.49583,55.56468,0
          9.49621,55.56532,0
          9.49632,55.56559,0
          9.49635,55.56579,0
          9.49643,55.56586,0
          9.49796,55.57061,0
          9.49805,55.57071,0
          9.49821,55.57121,0
          9.49818,55.57127,0
          9.49839,55.57183,0
          9.49839,55.57191,0
          9.49926,55.57457,0
          9.49951,55.5756,0
          9.49969,55.57686,0
          9.49972,55.57762,0
          9.49967,55.57861,0
          9.49954,55.57961,0
          9.49932,55.58051,0
          9.49887,55.58185,0
          9.49841,55.58281,0
          9.49729,55.5846,0
          9.49429,55.58881,0
          9.49411,55.58912,0
          9.49405,55.58918,0
          9.49392,55.58946,0
          9.49387,55.58951,0
          9.49367,55.58994,0
          9.49349,55.59047,0
          9.4935,55.59049,0
          9.49343,55.59074,0
          9.49329,55.59175,0
          9.49338,55.59286,0
          9.49369,55.5947,0
          9.49378,55.59502,0
          9.49378,55.59507,0
          9.49501,55.60087,0
          9.49501,55.60092,0
          9.49525,55.60214,0
          9.49527,55.60218,0
          9.49728,55.61131,0
          9.49732,55.61138,0
          9.49743,55.61235,0
          9.49745,55.61303,0
          9.49739,55.61388,0
          9.49727,55.61462,0
          9.49704,55.61538,0
          9.49645,55.6169,0
          9.49639,55.61697,0
          9.49606,55.61782,0
          9.49596,55.61788,0
          9.49559,55.61879,0
          9.49562,55.61887,0
          9.49453,55.62154,0
          9.49449,55.6216,0
          9.49423,55.62228,0
          9.49422,55.62229,0
          9.49395,55.62334,0
          9.49384,55.62452,0
          9.49386,55.62583,0
          9.49387,55.62587,0
          9.49389,55.62743,0
          9.4939,55.62747,0
          9.49397,55.63166,0
          9.49408,55.63251,0
          9.49433,55.63348,0
          9.49451,55.63398,0
          9.49491,55.63488,0
          9.49495,55.63492,0
          9.49775,55.64058,0
          9.49775,55.64062,0
          9.49782,55.64069,0
          9.49936,55.64376,0
          9.49938,55.64383,0
          9.50084,55.64677,0
          9.50091,55.64684,0
          9.50265,55.65037,0
          9.50263,55.65044,0
          9.50272,55.6505,0
          9.50349,55.65201,0
          9.50349,55.65206,0
          9.504,55.65309,0
          9.50401,55.65318,0
          9.50558,55.65627,0
          9.50562,55.65631,0
          9.50577,55.65662,0
          9.50606,55.657,0
          9.50836,55.65907,0
          9.50845,55.65911,0
          9.51148,55.66178,0
          9.51183,55.6622,0
          9.51225,55.66283,0
          9.51245,55.66331,0
          9.51308,55.6662,0
          9.51317,55.66689,0
          9.51337,55.66765,0
          9.51335,55.66769,0
          9.51387,55.6702,0
          9.51427,55.67128,0
          9.5143,55.67133,0
          9.52091,55.68937,0
          9.52098,55.68944,0
          9.52119,55.68991,0
          9.52131,55.6901,0
          9.52134,55.6902,0
          9.52137,55.69024,0
          9.52137,55.69026,0
          9.52142,55.69034,0
          9.52142,55.69035,0
          9.52161,55.69068,0
          9.5217,55.69076,0
          9.52199,55.6912,0
          9.52204,55.69132,0
          9.52225,55.69165,0
          9.52273,55.69225,0
          9.5234,55.69297,0
          9.52352,55.69305,0
          9.52511,55.69476,0
          9.52571,55.6955,0
          9.52575,55.69559,0
          9.52595,55.69582,0
          9.52632,55.69657,0
          9.52633,55.69665,0
          9.52669,55.69763,0
          9.52684,55.69783,0
          9.52701,55.69799,0
          9.52731,55.69821,0
          9.52925,55.69913,0
          9.52948,55.69927,0
          9.52953,55.69932,0
          9.52968,55.6994,0
          9.52983,55.69966,0
          9.52984,55.69972,0
          9.52977,55.69987,0
          9.53019,55.69983,0
          9.53023,55.69989,0
          9.53055,55.70085,0
          9.53048,55.70131,0
          9.53045,55.70137,0
          9.53042,55.70168,0
          9.5304,55.70172,0
          9.53047,55.70209,0
          9.53054,55.70226,0
          9.5307,55.70251,0
          9.53081,55.70264,0
          9.53088,55.70276,0
          9.53077,55.70286,0
          9.53119,55.70305,0
          9.53148,55.70328,0
          9.53152,55.70338,0
          9.53158,55.70342,0
          9.53163,55.70349,0
          9.53188,55.7041,0
          9.53194,55.70417,0
          9.53199,55.70415,0
          9.53224,55.70484,0
          9.53233,55.70495,0
          9.53244,55.70502,0
          9.53258,55.70508,0
          9.53268,55.7051,0
          9.53268,55.70515,0
          9.53269,55.70515,0
          9.53269,55.70516,0
          9.5327,55.70516,0
          9.5327,55.70517,0
          9.53271,55.70517,0
          9.53271,55.70518,0
          9.53272,55.70518,0
          9.53273,55.70519,0
          9.53275,55.70519,0
          9.53275,55.7052,0
          9.53277,55.7052,0
          9.53343,55.70548,0
          9.53426,55.70596,0
          9.5343,55.706,0
          9.53437,55.70603,0
          9.53457,55.70619,0
          9.53461,55.7062,0
          9.5347,55.70629,0
          9.53499,55.70649,0
          9.535,55.70655,0
          9.53519,55.70669,0
          9.53544,55.70696,0
          9.53553,55.70712,0
          9.53567,55.70746,0
          9.53627,55.70739,0
          9.5365,55.70742,0
          9.53831,55.70727,0
          9.53846,55.70735,0
          9.54028,55.70875,0
          9.54034,55.70883,0
          9.54061,55.70905,0
          9.54062,55.70907,0
          9.5412,55.70951,0
          9.54151,55.70982,0
          9.54435,55.71216,0
          9.54435,55.71219,0
          9.54472,55.71246,0
          9.54483,55.71248,0
          9.54498,55.71261,0
          9.54498,55.71267,0
          9.54522,55.71269,0
          9.54574,55.71279,0
          9.54581,55.71277,0
          9.54625,55.71285,0
          9.54712,55.71293,0
          9.54731,55.71298,0
          9.54734,55.71304,0
          9.54739,55.71349,0
          9.54756,55.71432,0
          9.54847,55.71454,0
          9.54904,55.71476,0
          9.55065,55.71577,0
          9.55133,55.71603,0
          9.55363,55.71644,0
          9.55425,55.71663,0
          9.556,55.71734,0
          9.55617,55.71737,0
          9.55656,55.7175,0
          9.55669,55.71758,0
          9.55692,55.71765,0
          9.55707,55.71767,0
          9.55804,55.71799,0
          9.55809,55.71804,0
          9.55913,55.71838,0
          9.5593,55.71841,0
          9.56037,55.71876,0
          9.56051,55.71883,0
          9.56082,55.7189,0
          9.56328,55.71972,0
          9.56343,55.71981,0
          9.56662,55.72088,0
          9.56702,55.72098,0
          9.56979,55.7219,0
          9.56998,55.72192,0
          9.57102,55.72225,0
          9.57108,55.72231,0
          9.57123,55.72238,0
          9.57186,55.72258,0
          9.57203,55.7226,0
          9.57535,55.72369,0
          9.57547,55.72377,0
          9.57564,55.72379,0
          9.58019,55.72528,0
          9.5803,55.72535,0
          9.58058,55.72545,0
          9.58084,55.72546,0
          9.58214,55.72585,0
          9.5822,55.72592,0
          9.58319,55.72626,0
          9.5833,55.72634,0
          9.58684,55.72748,0
          9.59421,55.72932,0
          9.5944,55.72934,0
          9.59683,55.72997,0
          9.59698,55.72998,0
          9.59756,55.73013,0
          9.59769,55.7302,0
          9.60129,55.73112,0
          9.60147,55.73113,0
          9.60308,55.7316,0
          9.60318,55.73166,0
          9.60642,55.73261,0
          9.60653,55.73267,0
          9.60853,55.73328,0
          9.60869,55.73329,0
          9.6129,55.73458,0
          9.61314,55.73463,0
          9.61325,55.73469,0
          9.61519,55.73533,0
          9.61528,55.7354,0
          9.61651,55.73591,0
          9.62033,55.73785,0
          9.62034,55.73785,0
          9.62076,55.73807,0
          9.62091,55.7381,0
          9.62271,55.73901,0
          9.6228,55.73904,0
          9.6228,55.73909,0
          9.62523,55.74039,0
          9.62541,55.74044,0
          9.62604,55.74075,0
          9.62611,55.74089,0
          9.62725,55.74147,0
          9.62742,55.74149,0
          9.62999,55.74273,0
          9.63462,55.74465,0
          9.63471,55.74471,0
          9.63489,55.74475,0
          9.63602,55.74522,0
          9.63619,55.74525,0
          9.64191,55.74764,0
          9.64207,55.74767,0
          9.64477,55.74882,0
          9.64492,55.74893,0
          9.64645,55.74955,0
          9.64646,55.74956,0
          9.6529,55.75212,0
          9.65297,55.75218,0
          9.65306,55.75219,0
          9.67882,55.76196,0
          9.68095,55.763,0
          9.68104,55.76308,0
          9.68112,55.76311,0
          9.68405,55.76479,0
          9.68408,55.76484,0
          9.68416,55.76484,0
          9.68431,55.76487,0
          9.68438,55.7649,0
          9.68444,55.76496,0
          9.68453,55.76494,0
          9.68454,55.76498,0
          9.68451,55.76507,0
          9.68685,55.76672,0
          9.68762,55.76715,0
          9.69195,55.76989,0
          9.69196,55.76989,0
          9.69355,55.77093,0
          9.69456,55.77147,0
          9.69458,55.77149,0
          9.6955,55.77194,0
          9.69701,55.77256,0
          9.70053,55.7736,0
          9.70599,55.77467,0
          9.70614,55.77472,0
          9.70685,55.77482,0
          9.70806,55.7751,0
          9.70959,55.77563,0
          9.71036,55.77596,0
          9.71049,55.77599,0
          9.7115,55.77649,0
          9.71171,55.77663,0
          9.71193,55.77668,0
          9.71245,55.77696,0
          9.71245,55.77702,0
          9.71272,55.77718,0
          9.71285,55.77721,0
          9.71372,55.77771,0
          9.71377,55.77779,0
          9.7163,55.77927,0
          9.71654,55.77938,0
          9.71733,55.77987,0
          9.71749,55.78,0
          9.71779,55.78018,0
          9.71792,55.78022,0
          9.71841,55.78051,0
          9.71848,55.78058,0
          9.71876,55.78075,0
          9.71883,55.78081,0
          9.71899,55.78085,0
          9.71967,55.78126,0
          9.71981,55.78132,0
          9.72018,55.78154,0
          9.72034,55.78168,0
          9.72475,55.78428,0
          9.72483,55.7843,0
          9.73503,55.7903,0
          9.73509,55.79037,0
          9.73524,55.79043,0
          9.73786,55.79196,0
          9.73794,55.79197,0
          9.73801,55.79205,0
          9.74154,55.79412,0
          9.74164,55.79421,0
          9.74553,55.79647,0
          9.74573,55.79651,0
          9.74641,55.79689,0
          9.7466,55.79696,0
          9.74764,55.79753,0
          9.74771,55.79771,0
          9.74808,55.79791,0
          9.74816,55.79801,0
          9.76079,55.80509,0
          9.7609,55.80513,0
          9.761,55.80525,0
          9.76213,55.80591,0
          9.76227,55.80594,0
          9.76254,55.8061,0
          9.7626,55.80618,0
          9.76332,55.80657,0
          9.76346,55.80661,0
          9.7635,55.80666,0
          9.76349,55.80677,0
          9.76353,55.80683,0
          9.76361,55.80681,0
          9.76374,55.80688,0
          9.76391,55.80689,0
          9.76395,55.80694,0
          9.76403,55.80697,0
          9.76498,55.80761,0
          9.76502,55.80762,0
          9.77022,55.8108,0
          9.77204,55.81181,0
          9.77206,55.81181,0
          9.77415,55.81277,0
          9.77628,55.81354,0
          9.78058,55.81465,0
          9.7808,55.81474,0
          9.78176,55.81498,0
          9.78191,55.81499,0
          9.78456,55.81585,0
          9.78502,55.81604,0
          9.78664,55.81685,0
          9.78766,55.81748,0
          9.78864,55.81822,0
          9.78867,55.81827,0
          9.78892,55.81852,0
          9.78902,55.81858,0
          9.78907,55.8187,0
          9.78967,55.81934,0
          9.79081,55.82079,0
          9.79082,55.82083,0
          9.79183,55.82207,0
          9.79194,55.82214,0
          9.79198,55.82222,0
          9.79265,55.8229,0
          9.79357,55.82362,0
          9.79367,55.82367,0
          9.79663,55.82582,0
          9.79676,55.82587,0
          9.79681,55.82595,0
          9.79913,55.82761,0
          9.79924,55.82766,0
          9.80261,55.83012,0
          9.80266,55.83019,0
          9.80399,55.83116,0
          9.80412,55.8312,0
          9.80464,55.83158,0
          9.80472,55.83168,0
          9.80475,55.8317,0
          9.80484,55.8316,0
          9.80495,55.83168,0
          9.80478,55.83173,0
          9.80657,55.83302,0
          9.80668,55.83306,0
          9.81035,55.8357,0
          9.8104,55.83578,0
          9.81086,55.83611,0
          9.81099,55.83616,0
          9.81439,55.83861,0
          9.81444,55.83868,0
          9.81501,55.83909,0
          9.81512,55.83914,0
          9.81522,55.83922,0
          9.81526,55.83927,0
          9.81597,55.83979,0
          9.8161,55.83985,0
          9.81998,55.84259,0
          9.82007,55.84269,0
          9.82046,55.84299,0
          9.82064,55.84307,0
          9.82067,55.84314,0
          9.82112,55.84348,0
          9.82199,55.84425,0
          9.82214,55.84434,0
          9.82235,55.84454,0
          9.82261,55.84487,0
          9.82291,55.84538,0
          9.823,55.84564,0
          9.82298,55.84576,0
          9.82314,55.84646,0
          9.82319,55.84653,0
          9.82319,55.84678,0
          9.82296,55.84809,0
          9.82294,55.84814,0
          9.82287,55.84823,0
          9.82287,55.84826,0
          9.8229,55.84831,0
          9.82219,55.85227,0
          9.82216,55.8526,0
          9.8222,55.85331,0
          9.82242,55.85396,0
          9.8229,55.85468,0
          9.8236,55.85546,0
          9.82396,55.85595,0
          9.82424,55.85652,0
          9.82433,55.85679,0
          9.82439,55.85732,0
          9.82435,55.8574,0
          9.82439,55.859,0
          9.8244,55.85903,0
          9.82448,55.86187,0
          9.82446,55.86193,0
          9.82449,55.86284,0
          9.82455,55.86294,0
          9.8246,55.86393,0
          9.82457,55.86399,0
          9.8246,55.86481,0
          9.82463,55.86486,0
          9.8246,55.86528,0
          9.82453,55.86561,0
          9.82396,55.86731,0
          9.82391,55.86736,0
          9.82386,55.86754,0
          9.82378,55.8681,0
          9.82382,55.86819,0
          9.82381,55.86832,0
          9.82383,55.86836,0
          9.82398,55.86923,0
          9.82406,55.86943,0
          9.82411,55.86971,0
          9.82409,55.87041,0
          9.82432,55.87048,0
          9.82435,55.87056,0
          9.82431,55.87086,0
          9.8243,55.87088,0
          9.82426,55.87148,0
          9.82421,55.87159,0
          9.82413,55.87201,0
          9.82412,55.87254,0
          9.82401,55.87329,0
          9.82404,55.87347,0
          9.82401,55.87377,0
          9.82391,55.87417,0
          9.82395,55.87422,0
          9.82395,55.8743,0
          9.82389,55.87437,0
          9.82378,55.87607,0
          9.82372,55.87642,0
          9.82362,55.87759,0
          9.82362,55.87803,0
          9.82359,55.87829,0
          9.82356,55.87839,0
          9.8236,55.87848,0
          9.82364,55.87896,0
          9.82381,55.87984,0
          9.82413,55.88067,0
          9.82443,55.88122,0
          9.82717,55.88534,0
          9.82798,55.88667,0
          9.82853,55.88783,0
          9.82859,55.88789,0
          9.82856,55.88794,0
          9.8287,55.88836,0
          9.82877,55.88842,0
          9.82898,55.88906,0
          9.82914,55.88987,0
          9.82912,55.88993,0
          9.82929,55.89094,0
          9.82937,55.89187,0
          9.82934,55.89199,0
          9.82939,55.89208,0
          9.82906,55.89985,0
          9.82907,55.90084,0
          9.829,55.90093,0
          9.82904,55.90145,0
          9.82909,55.90146,0
          9.82927,55.90157,0
          9.82929,55.9016,0
          9.8293,55.90165,0
          9.82928,55.9017,0
          9.82918,55.9018,0
          9.82907,55.90184,0
          9.82903,55.90184,0
          9.82898,55.90224,0
          9.82899,55.90367,0
          9.82972,55.90861,0
          9.82974,55.90921,0
          9.82971,55.90927,0
          9.82973,55.90932,0
          9.8297,55.90948,0
          9.8297,55.9096,0
          9.82953,55.91039,0
          9.82959,55.91041,0
          9.82965,55.91045,0
          9.82966,55.91045,0
          9.82972,55.91052,0
          9.82972,55.91053,0
          9.82974,55.91056,0
          9.83006,55.91063,0
          9.83032,55.91072,0
          9.8307,55.91096,0
          9.83101,55.9113,0
          9.83111,55.91147,0
          9.83147,55.91195,0
          9.83205,55.91261,0
          9.83205,55.91266,0
          9.83355,55.9148,0
          9.8343,55.91617,0
          9.83435,55.91623,0
          9.83709,55.92141,0
          9.83709,55.92142,0
          9.83789,55.92292,0
          9.83797,55.92299,0
          9.83991,55.92662,0
          9.83993,55.92671,0
          9.84197,55.93053,0
          9.84202,55.93059,0
          9.84288,55.9322,0
          9.84294,55.93228,0
          9.84538,55.93682,0
          9.84558,55.93712,0
          9.84576,55.93733,0
          9.84578,55.93734,0
          9.84622,55.93776,0
          9.84865,55.93947,0
          9.84883,55.93956,0
          9.84922,55.93983,0
          9.84928,55.93992,0
          9.84967,55.94018,0
          9.85011,55.94063,0
          9.8503,55.94094,0
          9.85108,55.94263,0
          9.85123,55.94285,0
          9.85158,55.94323,0
          9.85485,55.94584,0
          9.85488,55.94589,0
          9.85576,55.94657,0
          9.85589,55.94662,0
          9.85713,55.94768,0
          9.85721,55.94782,0
          9.86089,55.95075,0
          9.8609,55.95077,0
          9.86212,55.95179,0
          9.86236,55.95203,0
          9.86767,55.95848,0
          9.86778,55.95856,0
          9.87277,55.96461,0
          9.8728,55.96467,0
          9.87522,55.96758,0
          9.87636,55.9691,0
          9.87645,55.96917,0
          9.87808,55.97136,0
          9.87827,55.97175,0
          9.87842,55.97221,0
          9.87842,55.97226,0
          9.87861,55.97291,0
          9.87865,55.97295,0
          9.87873,55.97324,0
          9.87873,55.97328,0
          9.8788,55.97357,0
          9.87892,55.97388,0
          9.87912,55.97423,0
          9.87896,55.9743,0
          9.87942,55.97473,0
          9.87969,55.97505,0
          9.8801,55.97564,0
          9.88015,55.97574,0
          9.8802,55.9758,0
          9.88045,55.97627,0
          9.88085,55.97736,0
          9.8809,55.97743,0
          9.88221,55.98087,0
          9.88235,55.98136,0
          9.88238,55.98181,0
          9.88231,55.98212,0
          9.88128,55.98484,0
          9.88112,55.98537,0
          9.88111,55.98538,0
          9.88101,55.98582,0
          9.88087,55.98608,0
          9.87959,55.98788,0
          9.87957,55.98795,0
          9.87947,55.9881,0
          9.87926,55.98855,0
          9.87919,55.98885,0
          9.87919,55.9892,0
          9.88066,55.99536,0
          9.88066,55.9954,0
          9.88154,55.99905,0
          9.88157,55.9991,0
          9.88257,56.00324,0
          9.88259,56.00328,0
          9.88296,56.00476,0
          9.88295,56.00482,0
          9.88337,56.00664,0
          9.88342,56.00748,0
          9.88301,56.01345,0
          9.88303,56.01381,0
          9.88332,56.01595,0
          9.8836,56.01724,0
          9.88384,56.01781,0
          9.88405,56.01814,0
          9.88428,56.01842,0
          9.88476,56.0189,0
          9.88566,56.01953,0
          9.88609,56.01976,0
          9.88727,56.02026,0
          9.89202,56.02178,0
          9.8921,56.02182,0
          9.89638,56.0232,0
          9.89651,56.02327,0
          9.89663,56.02328,0
          9.90536,56.02614,0
          9.90539,56.02614,0
          9.90663,56.0265,0
          9.90703,56.02657,0
          9.90777,56.02663,0
          9.90769,56.02708,0
          9.9077,56.02746,0
          9.90748,56.0281,0
          9.90744,56.02832,0
          9.90752,56.02849,0
          9.90764,56.02862,0
          9.90783,56.02868,0
          9.90838,56.02872,0
          9.90851,56.02875,0
          9.90855,56.02886,0
          9.90853,56.02898,0
          9.90853,56.02931,0
          9.90862,56.02952,0
          9.90884,56.0296,0
          9.90832,56.03019,0
          9.90794,56.03055,0
          9.90764,56.03078,0
          9.90756,56.03093,0
          9.90752,56.0312,0
          9.90749,56.03128,0
          9.90743,56.03136,0
          9.90728,56.03148,0
          9.90709,56.03159,0
          9.90683,56.0317,0
          9.90669,56.0318,0
          9.90634,56.0323,0
          9.90621,56.03242,0
          9.90615,56.0325,0
          9.90612,56.03257,0
          9.90613,56.03268,0
          9.90661,56.03363,0
          9.90673,56.0338,0
          9.90773,56.0348,0
          9.90822,56.03523,0
          9.90822,56.03532,0
          9.90694,56.03639,0
          9.91291,56.03878,0
          9.91379,56.03908,0
          9.9139,56.03915,0
          9.91531,56.03973,0
          9.91546,56.03975,0
          9.91692,56.04036,0
          9.917,56.04043,0
          9.918,56.04082,0
          9.91985,56.04136,0
          9.92002,56.04138,0
          9.92041,56.04157,0
          9.92058,56.04176,0
          9.92061,56.04186,0
          9.92062,56.04187,0
          9.92066,56.04199,0
          9.92062,56.04224,0
          9.92117,56.0424,0
          9.92113,56.04246,0
          9.92693,56.04353,0
          9.92711,56.04354,0
          9.92963,56.04415,0
          9.93078,56.04452,0
          9.93237,56.04524,0
          9.93254,56.04528,0
          9.93418,56.0461,0
          9.93431,56.04619,0
          9.93498,56.04652,0
          9.93508,56.04661,0
          9.93575,56.04694,0
          9.93592,56.04699,0
          9.93715,56.04755,0
          9.93838,56.04798,0
          9.93989,56.04837,0
          9.94098,56.04852,0
          9.94242,56.04862,0
          9.94243,56.04863,0
          9.94424,56.04891,0
          9.9441,56.04944,0
          9.94376,56.05027,0
          9.9492,56.05082,0
          9.95281,56.05158,0
          9.95295,56.05163,0
          9.95778,56.05273,0
          9.95781,56.05283,0
          9.95694,56.05386,0
          9.95685,56.05394,0
          9.95672,56.05402,0
          9.95653,56.05409,0
          9.95636,56.05412,0
          9.95636,56.05424,0
          9.95612,56.05514,0
          9.95604,56.05528,0
          9.95595,56.05554,0
          9.95592,56.05574,0
          9.95602,56.05586,0
          9.9562,56.05591,0
          9.95653,56.05591,0
          9.95675,56.05587,0
          9.95708,56.05585,0
          9.95723,56.05587,0
          9.95737,56.05595,0
          9.95816,56.05681,0
          9.95847,56.0575,0
          9.95849,56.05752,0
          9.95866,56.05784,0
          9.95866,56.05785,0
          9.95874,56.05794,0
          9.95888,56.05802,0
          9.95912,56.05811,0
          9.95968,56.05825,0
          9.9598,56.0583,0
          9.9599,56.05838,0
          9.95997,56.05848,0
          9.95993,56.05868,0
          9.95992,56.05869,0
          9.95987,56.05886,0
          9.95988,56.05908,0
          9.95993,56.05916,0
          9.96031,56.05945,0
          9.96032,56.05945,0
          9.96066,56.05971,0
          9.96129,56.06009,0
          9.96199,56.06065,0
          9.96202,56.06066,0
          9.9626,56.06114,0
          9.96266,56.06123,0
          9.96266,56.06125,0
          9.96269,56.06132,0
          9.96267,56.06144,0
          9.96239,56.06199,0
          9.96234,56.06222,0
          9.96233,56.06238,0
          9.96235,56.06247,0
          9.96239,56.06255,0
          9.96261,56.06267,0
          9.96399,56.06314,0
          9.96484,56.06356,0
          9.96586,56.06394,0
          9.96617,56.06409,0
          9.96644,56.06428,0
          9.96649,56.06435,0
          9.96653,56.06447,0
          9.96652,56.06458,0
          9.96649,56.06466,0
          9.96609,56.06531,0
          9.96595,56.06598,0
          9.96559,56.06713,0
          9.9655,56.06732,0
          9.96529,56.06764,0
          9.9649,56.06839,0
          9.96486,56.06884,0
          9.96484,56.06889,0
          9.96481,56.06909,0
          9.96479,56.07155,0
          9.96491,56.07272,0
          9.96485,56.0732,0
          9.96473,56.07361,0
          9.9646,56.07385,0
          9.9646,56.07386,0
          9.9645,56.07407,0
          9.9644,56.07458,0
          9.96406,56.07563,0
          9.96405,56.076,0
          9.96412,56.07641,0
          9.96408,56.07729,0
          9.96413,56.07762,0
          9.96455,56.07918,0
          9.96458,56.07924,0
          9.96479,56.08031,0
          9.96502,56.08261,0
          9.96518,56.08306,0
          9.96639,56.08522,0
          9.96656,56.08544,0
          9.96753,56.08637,0
          9.96895,56.088,0
          9.97,56.08865,0
          9.97027,56.08873,0
          9.97031,56.08873,0
          9.9701,56.08925,0
          9.96951,56.09123,0
          9.96938,56.09202,0
          9.9694,56.09241,0
          9.96949,56.09295,0
          9.97003,56.09432,0
          9.97009,56.09438,0
          9.97067,56.09571,0
          9.97078,56.09629,0
          9.9708,56.09668,0
          9.97082,56.09673,0
          9.97082,56.09681,0
          9.97083,56.09684,0
          9.97081,56.09715,0
          9.9707,56.09773,0
          9.97043,56.09872,0
          9.97044,56.09878,0
          9.97042,56.099,0
          9.97043,56.09924,0
          9.97056,56.10007,0
          9.97194,56.10518,0
          9.97209,56.10544,0
          9.97234,56.10572,0
          9.97237,56.10574,0
          9.97243,56.10582,0
          9.974,56.10717,0
          9.97442,56.10744,0
          9.97442,56.10745,0
          9.97716,56.1091,0
          9.98316,56.11232,0
          9.98407,56.11303,0
          9.98514,56.11415,0
          9.9855,56.11459,0
          9.98628,56.11578,0
          9.9863,56.11583,0
          9.98812,56.11863,0
          9.98858,56.11924,0
          9.98862,56.11933,0
          9.99027,56.12162,0
          9.99027,56.12163,0
          9.99198,56.12407,0
          9.99203,56.12412,0
          9.99279,56.12522,0
          9.99287,56.1253,0
          9.99379,56.12672,0
          9.9938,56.12672,0
          9.99531,56.12921,0
          9.99706,56.13239,0
          9.99889,56.13605,0
          9.99886,56.13609,0
          10.00114,56.1405,0
          10.00145,56.14098,0
          10.00194,56.14162,0
          10.00313,56.14292,0
          10.00315,56.14293,0
          10.0058,56.1459,0
          10.00619,56.14647,0
          10.00668,56.14746,0
          10.00688,56.14806,0
          10.00704,56.14901,0
          10.00705,56.14985,0
          10.00689,56.15148,0
          10.00686,56.15152,0
          10.00686,56.15153,0
          10.00682,56.15157,0
          10.00679,56.15167,0
          10.00682,56.15175,0
          10.0069,56.15174,0
          10.00699,56.15177,0
          10.007,56.15178,0
          10.00701,56.15178,0
          10.00701,56.15179,0
          10.00703,56.15182,0
          10.00703,56.15183,0
          10.00702,56.15184,0
          10.00702,56.15185,0
          10.00701,56.15186,0
          10.00715,56.1519,0
          10.00712,56.15193,0
          10.00697,56.15199,0
          10.00695,56.15224,0
          10.00693,56.15226,0
          10.0069,56.15257,0
          10.00691,56.15264,0
          10.00687,56.15309,0
          10.00692,56.15315,0
          10.00691,56.15316,0
          10.00686,56.15373,0
          10.00679,56.15383,0
          10.00681,56.15401,0
          10.0069,56.15403,0
          10.00701,56.15409,0
          10.00705,56.15414,0
          10.00708,56.15422,0
          10.00704,56.15431,0
          10.00695,56.15437,0
          10.00691,56.15438,0
          10.00688,56.1544,0
          10.00682,56.15441,0
          10.00674,56.15465,0
          10.00672,56.15468,0
          10.00661,56.15654,0
          10.00666,56.15664,0
          10.00657,56.15761,0
          10.00652,56.15766,0
          10.00618,56.16248,0
          10.006,56.16368,0
          10.00559,56.16544,0
          10.00556,56.1655,0
          10.00542,56.16604,0
          10.00308,56.17262,0
          10.00268,56.17401,0
          10.00231,56.17604,0
          10.0022,56.17735,0
          10.00222,56.17857,0
          10.00237,56.17995,0
          10.00283,56.182,0
          10.00302,56.18257,0
          10.00366,56.18413,0
          10.00457,56.18596,0
          10.00467,56.18604,0
          10.00508,56.18674,0
          10.00508,56.18681,0
          10.00537,56.1873,0
          10.00537,56.18731,0
          10.00545,56.1874,0
          10.00867,56.19279,0
          10.0096,56.19421,0
          10.00987,56.19454,0
          10.0102,56.19486,0
          10.01059,56.19515,0
          10.01101,56.1954,0
          10.01101,56.19541,0
          10.01279,56.19627,0
          10.01318,56.1965,0
          10.01373,56.19693,0
          10.01388,56.1971,0
          10.01413,56.19746,0
          10.01414,56.19754,0
          10.01425,56.19772,0
          10.01431,56.19777,0
          10.01609,56.2008,0
          10.01639,56.20148,0
          10.0164,56.20153,0
          10.01854,56.20664,0
          10.01996,56.20913,0
          10.0201,56.20927,0
          10.02018,56.20941,0
          10.02029,56.20972,0
          10.02035,56.20978,0
          10.02049,56.21003,0
          10.02079,56.21032,0
          10.02087,56.21036,0
          10.02089,56.2104,0
          10.02244,56.21182,0
          10.02254,56.21195,0
          10.02269,56.21224,0
          10.02268,56.21231,0
          10.0235,56.21439,0
          10.0235,56.21441,0
          10.02391,56.21547,0
          10.02401,56.21556,0
          10.02418,56.21596,0
          10.02483,56.21693,0
          10.02485,56.21703,0
          10.02696,56.22013,0
          10.02698,56.22018,0
          10.02888,56.22304,0
          10.02898,56.22312,0
          10.02974,56.22429,0
          10.02988,56.22467,0
          10.0299,56.22503,0
          10.0297,56.22573,0
          10.02963,56.22579,0
          10.02941,56.22641,0
          10.02941,56.2265,0
          10.02909,56.22725,0
          10.02841,56.22916,0
          10.02835,56.22924,0
          10.02804,56.23029,0
          10.02802,56.231,0
          10.02806,56.23108,0
          10.02821,56.23168,0
          10.02855,56.2327,0
          10.0286,56.23279,0
          10.02879,56.23349,0
          10.02889,56.23403,0
          10.02899,56.23495,0
          10.02898,56.23503,0
          10.02908,56.23562,0
          10.02907,56.23587,0
          10.02891,56.23647,0
          10.02851,56.23734,0
          10.02817,56.23822,0
          10.02814,56.23858,0
          10.02835,56.24098,0
          10.02832,56.2413,0
          10.02823,56.24163,0
          10.02785,56.24416,0
          10.02784,56.24461,0
          10.0282,56.24859,0
          10.02853,56.24929,0
          10.02883,56.24967,0
          10.02903,56.24987,0
          10.03123,56.2513,0
          10.03127,56.25134,0
          10.03156,56.25152,0
          10.03186,56.2518,0
          10.03204,56.25208,0
          10.03208,56.25219,0
          10.03211,56.25243,0
          10.03207,56.25267,0
          10.0308,56.25584,0
          10.03075,56.25612,0
          10.03079,56.25643,0
          10.03176,56.2587,0
          10.03265,56.26017,0
          10.03283,56.26075,0
          10.03384,56.2631,0
          10.03381,56.26359,0
          10.03359,56.26463,0
          10.0335,56.26545,0
          10.0335,56.26654,0
          10.03349,56.26659,0
          10.03349,56.26727,0
          10.03354,56.26766,0
          10.03435,56.2699,0
          10.03443,56.27039,0
          10.03448,56.27139,0
          10.03456,56.27176,0
          10.0353,56.27293,0
          10.0353,56.27294,0
          10.03599,56.27393,0
          10.03957,56.27758,0
          10.03958,56.2776,0
          10.04095,56.27889,0
          10.04103,56.27892,0
          10.04125,56.27913,0
          10.04128,56.27919,0
          10.04125,56.27921,0
          10.04122,56.27921,0
          10.04115,56.27927,0
          10.04114,56.27929,0
          10.04114,56.27935,0
          10.04115,56.27935,0
          10.04116,56.27937,0
          10.0412,56.2794,0
          10.04121,56.2794,0
          10.04122,56.27941,0
          10.04126,56.27942,0
          10.0412,56.27948,0
          10.04112,56.28005,0
          10.04108,56.28009,0
          10.03943,56.28457,0
          10.03939,56.28463,0
          10.03835,56.28751,0
          10.03835,56.28753,0
          10.03819,56.28801,0
          10.03819,56.28808,0
          10.03809,56.28839,0
          10.03794,56.28944,0
          10.03796,56.29004,0
          10.03802,56.29034,0
          10.03825,56.29106,0
          10.0406,56.29623,0
          10.04061,56.29628,0
          10.04173,56.29876,0
          10.04215,56.29953,0
          10.04262,56.30005,0
          10.04262,56.30006,0
          10.04502,56.3028,0
          10.04551,56.30355,0
          10.04579,56.30416,0
          10.04689,56.30834,0
          10.04696,56.30875,0
          10.04695,56.30924,0
          10.04681,56.3094,0
          10.04674,56.30943,0
          10.04667,56.30948,0
          10.04666,56.30951,0
          10.04665,56.30952,0
          10.04664,56.30956,0
          10.04665,56.30957,0
          10.04665,56.3096,0
          10.04668,56.30964,0
          10.04677,56.30969,0
          10.04683,56.30983,0
          10.04678,56.31006,0
          10.04665,56.31037,0
          10.04641,56.3108,0
          10.04537,56.31217,0
          10.04526,56.31224,0
          10.04495,56.31266,0
          10.04495,56.31272,0
          10.04458,56.31335,0
          10.04425,56.31409,0
          10.04379,56.31549,0
          10.04378,56.3155,0
          10.04366,56.31585,0
          10.04366,56.31587,0
          10.04317,56.31734,0
          10.04315,56.31745,0
          10.0429,56.31821,0
          10.04284,56.31833,0
          10.04228,56.32011,0
          10.04228,56.32017,0
          10.04226,56.32022,0
          10.04218,56.32029,0
          10.0421,56.3206,0
          10.04215,56.32068,0
          10.04214,56.32134,0
          10.04211,56.32142,0
          10.04215,56.32165,0
          10.04222,56.32188,0
          10.0423,56.32194,0
          10.04239,56.3221,0
          10.04239,56.32217,0
          10.04251,56.32246,0
          10.04287,56.32304,0
          10.04345,56.32369,0
          10.04407,56.32421,0
          10.04737,56.32666,0
          10.04745,56.32674,0
          10.04807,56.3272,0
          10.04819,56.32724,0
          10.04941,56.32816,0
          10.04944,56.32825,0
          10.04963,56.32839,0
          10.05004,56.32882,0
          10.05016,56.32889,0
          10.05035,56.32912,0
          10.05066,56.32958,0
          10.05081,56.32986,0
          10.05103,56.33043,0
          10.05109,56.33068,0
          10.05114,56.33119,0
          10.05111,56.33155,0
          10.05101,56.33212,0
          10.05074,56.33316,0
          10.05067,56.33361,0
          10.05051,56.33395,0
          10.0503,56.3347,0
          10.05034,56.33477,0
          10.05027,56.33505,0
          10.05021,56.33512,0
          10.05012,56.33559,0
          10.05009,56.33565,0
          10.05,56.33628,0
          10.05003,56.3364,0
          10.04991,56.33732,0
          10.04992,56.33735,0
          10.04993,56.33736,0
          10.04941,56.34008,0
          10.04925,56.34066,0
          10.04921,56.34071,0
          10.04894,56.3414,0
          10.04808,56.34313,0
          10.04758,56.3445,0
          10.04717,56.34641,0
          10.04714,56.34647,0
          10.04702,56.34703,0
          10.04701,56.34717,0
          10.04696,56.34739,0
          10.04697,56.34743,0
          10.0469,56.34815,0
          10.04672,56.34914,0
          10.0467,56.34952,0
          10.04667,56.34959,0
          10.04669,56.34971,0
          10.04672,56.34975,0
          10.04675,56.34986,0
          10.04992,56.35692,0
          10.05011,56.35748,0
          10.05036,56.35859,0
          10.05044,56.35973,0
          10.05038,56.36063,0
          10.04997,56.36316,0
          10.04996,56.36385,0
          10.05006,56.36429,0
          10.05021,56.36472,0
          10.05104,56.36603,0
          10.05121,56.36639,0
          10.05125,56.36658,0
          10.05126,56.36675,0
          10.05121,56.36718,0
          10.051,56.3677,0
          10.0458,56.37307,0
          10.04577,56.37312,0
          10.04335,56.37559,0
          10.04236,56.37677,0
          10.04211,56.37719,0
          10.04099,56.37948,0
          10.04084,56.37998,0
          10.04005,56.38392,0
          10.04005,56.38448,0
          10.04012,56.38499,0
          10.0403,56.38554,0
          10.04316,56.39123,0
          10.04329,56.39144,0
          10.0467,56.39827,0
          10.0467,56.39828,0
          10.04786,56.40053,0
          10.05053,56.40424,0
          10.05106,56.40485,0
          10.05152,56.40528,0
          10.05153,56.4053,0
          10.0521,56.40576,0
          10.05852,56.40958,0
          10.05861,56.40961,0
          10.06079,56.41107,0
          10.0611,56.41138,0
          10.06109,56.41144,0
          10.06141,56.41177,0
          10.06176,56.41233,0
          10.06187,56.4124,0
          10.06206,56.4128,0
          10.06216,56.41329,0
          10.06217,56.41394,0
          10.06207,56.41443,0
          10.06193,56.41481,0
          10.06136,56.41602,0
          10.06127,56.4161,0
          10.06094,56.41682,0
          10.06093,56.4169,0
          10.06033,56.41821,0
          10.06029,56.41826,0
          10.05827,56.42253,0
          10.05822,56.42259,0
          10.05787,56.42329,0
          10.05785,56.42343,0
          10.05725,56.42466,0
          10.05741,56.42467,0
          10.05739,56.42476,0
          10.05669,56.42624,0
          10.05659,56.42633,0
          10.05587,56.42781,0
          10.05587,56.42787,0
          10.05566,56.42834,0
          10.05565,56.4284,0
          10.05557,56.4286,0
          10.05558,56.42871,0
          10.05544,56.42902,0
          10.05543,56.42913,0
          10.05524,56.42957,0
          10.05513,56.42963,0
          10.0551,56.42979,0
          10.0549,56.43019,0
          10.0548,56.43028,0
          10.0538,56.43237,0
          10.05381,56.43247,0
          10.0535,56.4331,0
          10.05327,56.43369,0
          10.05291,56.43437,0
          10.05282,56.43444,0
          10.05244,56.43516,0
          10.05236,56.43521,0
          10.05165,56.43674,0
          10.05166,56.43684,0
          10.05152,56.43709,0
          10.05153,56.43722,0
          10.05097,56.43832,0
          10.05087,56.43843,0
          10.05042,56.43931,0
          10.05034,56.43939,0
          10.05031,56.43947,0
          10.0503,56.43958,0
          10.04973,56.44074,0
          10.04971,56.44082,0
          10.04899,56.44239,0
          10.04899,56.44251,0
          10.04871,56.44307,0
          10.04858,56.44318,0
          10.048,56.44445,0
          10.04799,56.4445,0
          10.04648,56.44774,0
          10.04645,56.44789,0
          10.04635,56.44813,0
          10.04637,56.44821,0
          10.04625,56.44863,0
          10.0463,56.44869,0
          10.04608,56.44929,0
          10.046,56.44937,0
          10.04571,56.44994,0
          10.04539,56.45042,0
          10.04536,56.45053,0
          10.04492,56.4511,0
          10.04302,56.45294,0
          10.043,56.45295,0
          10.04214,56.45387,0
          10.0421,56.45397,0
          10.04139,56.45488,0
          10.04133,56.45491,0
          10.04125,56.45501,0
          10.04136,56.455,0
          10.04147,56.45502,0
          10.04141,56.45508,0
          10.04111,56.45651,0
          10.04094,56.45704,0
          10.04094,56.45707,0
          10.04096,56.45712,0
          10.04108,56.45722,0
          10.04111,56.45726,0
          10.04118,56.45746,0
          10.04086,56.45747,0
          10.04073,56.45745,0
          10.04064,56.45746,0
          10.04082,56.45759,0
          10.04099,56.45776,0
          10.04112,56.45794,0
          10.04116,56.45805,0
          10.04133,56.45832,0
          10.04161,56.45862,0
          10.04223,56.4591,0
          10.04266,56.45936,0
          10.04281,56.45941,0
          10.04312,56.4596,0
          10.04321,56.45969,0
          10.04334,56.4599,0
          10.0436,56.46051,0
          10.04363,56.46065,0
          10.04358,56.46075,0
          10.04359,56.46093,0
          10.04356,56.46108,0
          10.04353,56.46113,0
          10.04347,56.46119,0
          10.04293,56.46218,0
          10.04285,56.46229,0
          10.04275,56.46256,0
          10.04274,56.4627,0
          10.04279,56.46277,0
          10.0428,56.4628,0
          10.04327,56.46311,0
          10.04329,56.46317,0
          10.04324,56.46318,0
          10.04316,56.46324,0
          10.04318,56.46328,0
          10.04323,56.46333,0
          10.0433,56.46334,0
          10.04328,56.46338,0
          10.04329,56.46355,0
          10.04315,56.46398,0
          10.04317,56.46416,0
          10.0432,56.46424,0
          10.04326,56.46431,0
          10.04352,56.4645,0
          10.04392,56.46464,0
          10.04512,56.46494,0
          10.04569,56.46516,0
          10.04616,56.46539,0
          10.04738,56.46613,0
          10.04754,56.46634,0
          10.04759,56.46653,0
          10.04753,56.46695,0
          10.04739,56.46751,0
          10.04699,56.46833,0
          10.04659,56.46884,0
          10.04479,56.47054,0
          10.04449,56.47075,0
          10.0443,56.47081,0
          10.04398,56.47096,0
          10.04374,56.47123,0
          10.04375,56.47132,0
          10.04391,56.47133,0
          10.04378,56.47151,0
          10.0433,56.47234,0
          10.04321,56.47257,0
          10.04316,56.47264,0
          10.04261,56.47391,0
          10.0426,56.47399,0
          10.04227,56.4747,0
          10.04223,56.47483,0
          10.0422,56.47488,0
          10.04178,56.47618,0
          10.04161,56.47655,0
          10.04162,56.47661,0
          10.04129,56.47729,0
          10.04112,56.47775,0
          10.04107,56.47811,0
          10.04101,56.47821,0
          10.04103,56.47868,0
          10.04113,56.47926,0
          10.04121,56.47934,0
          10.04167,56.48084,0
          10.04165,56.48094,0
          10.04184,56.48169,0
          10.04184,56.48177,0
          10.04203,56.48217,0
          10.04212,56.48218,0
          10.04226,56.48224,0
          10.04232,56.48231,0
          10.04234,56.48239,0
          10.0423,56.48246,0
          10.04224,56.48251,0
          10.04213,56.48255,0
          10.04212,56.48259,0
          10.04221,56.48305,0
          10.04221,56.48311,0
          10.04226,56.48318,0
          10.04265,56.48425,0
          10.04265,56.48432,0
          10.04324,56.48529,0
          10.04332,56.48537,0
          10.04362,56.48585,0
          10.04361,56.48589,0
          10.04364,56.48593,0
          10.04371,56.48596,0
          10.04428,56.4868,0
          10.04429,56.48688,0
          10.04465,56.48736,0
          10.04601,56.48886,0
          10.04605,56.48893,0
          10.04707,56.48998,0
          10.04784,56.49096,0
          10.04814,56.49153,0
          10.04844,56.4923,0
          10.04934,56.49813,0
          10.04959,56.49902,0
          10.04982,56.49952,0
          10.05028,56.50025,0
          10.05036,56.50029,0
          10.05037,56.50035,0
          10.05143,56.50148,0
          10.05194,56.50193,0
          10.05203,56.50197,0
          10.05218,56.50211,0
          10.05223,56.50222,0
          10.05874,56.50724,0
          10.05879,56.5073,0
          10.05971,56.5079,0
          10.06638,56.5114,0
          10.06783,56.51233,0
          10.0712,56.515,0
          10.07195,56.51566,0
          10.07847,56.5231,0
          10.07977,56.52431,0
          10.08496,56.52864,0
          10.08515,56.52875,0
          10.08517,56.5288,0
          10.08887,56.53198,0
          10.08992,56.53312,0
          10.09157,56.53521,0
          10.09169,56.53529,0
          10.09195,56.53561,0
          10.09192,56.53565,0
          10.09453,56.53911,0
          10.0951,56.53979,0
          10.09838,56.54322,0
          10.09844,56.54326,0
          10.10082,56.54576,0
          10.10146,56.54655,0
          10.102,56.54743,0
          10.10262,56.54884,0
          10.1036,56.55152,0
          10.10357,56.5516,0
          10.10368,56.5519,0
          10.10376,56.55198,0
          10.10517,56.5559,0
          10.10554,56.55724,0
          10.10553,56.55731,0
          10.10558,56.55746,0
          10.1059,56.56089,0
          10.10589,56.56097,0
          10.10597,56.56168,0
          10.10594,56.56174,0
          10.10652,56.56861,0
          10.10659,56.56893,0
          10.10679,56.56951,0
          10.10724,56.57036,0
          10.10761,56.57083,0
          10.10799,56.57124,0
          10.10944,56.57258,0
          10.10949,56.57261,0
          10.11563,56.57817,0
          10.11575,56.57822,0
          10.11663,56.57892,0
          10.11669,56.579,0
          10.11934,56.58114,0
          10.1218,56.58345,0
          10.12181,56.58347,0
          10.12384,56.5853,0
          10.12398,56.58537,0
          10.12426,56.58562,0
          10.12432,56.5857,0
          10.12526,56.58653,0
          10.12531,56.5866,0
          10.12713,56.58823,0
          10.12716,56.5883,0
          10.12746,56.58849,0
          10.12764,56.58873,0
          10.12776,56.58878,0
          10.13496,56.5953,0
          10.13501,56.59538,0
          10.1365,56.5967,0
          10.13658,56.59673,0
          10.15045,56.60918,0
          10.15118,56.61002,0
          10.15172,56.61083,0
          10.15174,56.61089,0
          10.15209,56.6115,0
          10.15265,56.61338,0
          10.15266,56.61339,0
          10.15266,56.61342,0
          10.15452,56.61993,0
          10.15451,56.61999,0
          10.15619,56.62578,0
          10.15619,56.62582,0
          10.15855,56.63395,0
          10.15986,56.63771,0
          10.1599,56.63778,0
          10.16065,56.63994,0
          10.16065,56.63999,0
          10.16138,56.64209,0
          10.16158,56.64291,0
          10.16172,56.64419,0
          10.16172,56.64516,0
          10.1617,56.64534,0
          10.16171,56.6454,0
          10.1617,56.64548,0
          10.16173,56.64557,0
          10.16168,56.64588,0
          10.1617,56.64597,0
          10.16164,56.64638,0
          10.16155,56.64642,0
          10.16153,56.64656,0
          10.16156,56.64664,0
          10.1615,56.64699,0
          10.16145,56.64707,0
          10.15994,56.65694,0
          10.15979,56.65755,0
          10.15956,56.65813,0
          10.1587,56.65952,0
          10.15833,56.65998,0
          10.14787,56.67111,0
          10.14701,56.67212,0
          10.14664,56.67262,0
          10.14608,56.67357,0
          10.14562,56.67462,0
          10.14558,56.67468,0
          10.14512,56.67578,0
          10.14512,56.67584,0
          10.14455,56.67714,0
          10.1445,56.67721,0
          10.14171,56.68356,0
          10.14167,56.6836,0
          10.13909,56.6894,0
          10.13909,56.68945,0
          10.13882,56.68999,0
          10.13829,56.69079,0
          10.13761,56.69157,0
          10.12953,56.69894,0
          10.12945,56.69899,0
          10.12727,56.701,0
          10.12645,56.70191,0
          10.12341,56.70574,0
          10.1229,56.70649,0
          10.1227,56.70689,0
          10.12254,56.7073,0
          10.12249,56.70738,0
          10.12226,56.70816,0
          10.12227,56.70824,0
          10.12189,56.70934,0
          10.12181,56.70942,0
          10.12161,56.70997,0
          10.12166,56.70999,0
          10.12171,56.71005,0
          10.12172,56.71008,0
          10.12172,56.71013,0
          10.12171,56.71016,0
          10.12167,56.71021,0
          10.12164,56.71022,0
          10.12162,56.71024,0
          10.12155,56.71027,0
          10.12141,56.71029,0
          10.12113,56.71058,0
          10.12112,56.71071,0
          10.12075,56.71117,0
          10.1201,56.71183,0
          10.11703,56.7144,0
          10.11635,56.71488,0
          10.11622,56.71492,0
          10.11592,56.71509,0
          10.11555,56.71537,0
          10.11558,56.71542,0
          10.11558,56.71546,0
          10.11554,56.71553,0
          10.11551,56.71555,0
          10.11577,56.7159,0
          10.11599,56.71608,0
          10.11632,56.71628,0
          10.11626,56.71631,0
          10.11662,56.71651,0
          10.11662,56.71657,0
          10.11665,56.71663,0
          10.11675,56.7167,0
          10.11681,56.71672,0
          10.11701,56.71674,0
          10.11713,56.71672,0
          10.11719,56.71669,0
          10.11762,56.71678,0
          10.11958,56.71749,0
          10.11967,56.71755,0
          10.12086,56.7181,0
          10.12151,56.71848,0
          10.12164,56.71852,0
          10.12507,56.72056,0
          10.1252,56.72072,0
          10.12519,56.72074,0
          10.12519,56.72082,0
          10.12522,56.72088,0
          10.12528,56.72093,0
          10.12538,56.72098,0
          10.12544,56.72099,0
          10.12565,56.72098,0
          10.12597,56.72109,0
          10.13517,56.7268,0
          10.13525,56.72688,0
          10.13662,56.72752,0
          10.13661,56.72754,0
          10.13661,56.72761,0
          10.13662,56.72762,0
          10.13662,56.72763,0
          10.13667,56.72768,0
          10.13668,56.72768,0
          10.13687,56.72778,0
          10.13694,56.72778,0
          10.13696,56.72777,0
          10.13701,56.72777,0
          10.13703,56.72776,0
          10.13705,56.72776,0
          10.13707,56.72775,0
          10.13709,56.72775,0
          10.13715,56.72772,0
          10.14109,56.72923,0
          10.14199,56.72972,0
          10.14566,56.73243,0
          10.14639,56.73286,0
          10.14704,56.73316,0
          10.14858,56.73368,0
          10.1487,56.73374,0
          10.14889,56.73379,0
          10.14901,56.73378,0
          10.15159,56.73449,0
          10.15303,56.73501,0
          10.15864,56.73763,0
          10.15871,56.73765,0
          10.16182,56.73913,0
          10.17394,56.74335,0
          10.17649,56.74408,0
          10.17771,56.74431,0
          10.17765,56.74443,0
          10.17762,56.74465,0
          10.17791,56.7468,0
          10.17824,56.74827,0
          10.1784,56.74875,0
          10.17883,56.74947,0
          10.17941,56.75012,0
          10.18011,56.75071,0
          10.18057,56.75103,0
          10.18175,56.75172,0
          10.18255,56.75227,0
          10.18288,56.75256,0
          10.18313,56.75283,0
          10.18533,56.75604,0
          10.18574,56.75646,0
          10.18615,56.7568,0
          10.1862,56.75687,0
          10.18749,56.75777,0
          10.18793,56.75814,0
          10.18806,56.75832,0
          10.18813,56.75849,0
          10.18816,56.75879,0
          10.18808,56.7596,0
          10.18799,56.75986,0
          10.18797,56.76034,0
          10.18794,56.76046,0
          10.1878,56.76068,0
          10.18715,56.76121,0
          10.18905,56.76173,0
          10.18942,56.76175,0
          10.18944,56.76174,0
          10.18955,56.76173,0
          10.19006,56.76153,0
          10.19012,56.76157,0
          10.19019,56.76155,0
          10.19039,56.76145,0
          10.19132,56.76124,0
          10.19282,56.76271,0
          10.19284,56.76272,0
          10.19299,56.76287,0
          10.19306,56.76291,0
          10.19625,56.76602,0
          10.19658,56.7664,0
          10.19677,56.76667,0
          10.19692,56.76698,0
          10.19719,56.76806,0
          10.19723,56.76815,0
          10.1973,56.76866,0
          10.19745,56.76902,0
          10.19762,56.7693,0
          10.19798,56.76974,0
          10.19935,56.7711,0
          10.19964,56.77148,0
          10.19992,56.77205,0
          10.19999,56.7724,0
          10.19999,56.77291,0
          10.19994,56.77317,0
          10.19979,56.77357,0
          10.19841,56.77622,0
          10.19835,56.77626,0
          10.20081,56.77689,0
          10.20575,56.77875,0
          10.20636,56.77909,0
          10.20787,56.78034,0
          10.20823,56.78059,0
          10.21207,56.78244,0
          10.21254,56.78273,0
          10.2128,56.78296,0
          10.21311,56.7833,0
          10.21327,56.78354,0
          10.21344,56.78391,0
          10.21537,56.79087,0
          10.21551,56.79216,0
          10.21553,56.794,0
          10.21552,56.79406,0
          10.21557,56.79404,0
          10.21867,56.79408,0
          10.21955,56.79414,0
          10.22069,56.79429,0
          10.23914,56.79814,0
          10.24026,56.79845,0
          10.25447,56.80354,0
          10.25712,56.80432,0
          10.25718,56.80435,0
          10.25824,56.80463,0
          10.25914,56.80479,0
          10.26005,56.80487,0
          10.26351,56.80483,0
          10.26548,56.80465,0
          10.26867,56.80406,0
          10.27012,56.80393,0
          10.27014,56.80401,0
          10.27019,56.80402,0
          10.27106,56.80402,0
          10.27109,56.80425,0
          10.27118,56.80457,0
          10.27123,56.80464,0
          10.2714,56.80555,0
          10.27137,56.80581,0
          10.27132,56.806,0
          10.2712,56.80627,0
          10.27067,56.80715,0
          10.27064,56.80718,0
          10.27036,56.80773,0
          10.27025,56.80805,0
          10.27011,56.80885,0
          10.27013,56.80895,0
          10.27014,56.80921,0
          10.27019,56.80953,0
          10.2704,56.81016,0
          10.27045,56.81042,0
          10.27077,56.81147,0
          10.2708,56.81259,0
          10.27081,56.81261,0
          10.27083,56.81373,0
          10.27095,56.81373,0
          10.27101,56.81614,0
          10.27092,56.81712,0
          10.27086,56.81733,0
          10.27086,56.81737,0
          10.26917,56.82269,0
          10.26903,56.82358,0
          10.26904,56.82404,0
          10.26885,56.82554,0
          10.26887,56.82558,0
          10.26836,56.83113,0
          10.26833,56.83118,0
          10.26723,56.84259,0
          10.2673,56.84696,0
          10.26714,56.84765,0
          10.2667,56.8487,0
          10.26574,56.85062,0
          10.2657,56.85067,0
          10.26459,56.85284,0
          10.26443,56.85327,0
          10.26357,56.85745,0
          10.26231,56.86516,0
          10.26209,56.8674,0
          10.26186,56.86896,0
          10.26119,56.8725,0
          10.26112,56.87321,0
          10.26111,56.87322,0
          10.26108,56.87351,0
          10.26111,56.87802,0
          10.26176,56.8873,0
          10.26174,56.88793,0
          10.26125,56.89257,0
          10.26116,56.89291,0
          10.26043,56.89497,0
          10.25978,56.89638,0
          10.25977,56.89643,0
          10.25951,56.89691,0
          10.25839,56.89856,0
          10.25696,56.90015,0
          10.25564,56.90147,0
          10.25557,56.90152,0
          10.25496,56.90227,0
          10.25453,56.90308,0
          10.25452,56.90313,0
          10.25378,56.90464,0
          10.25374,56.90469,0
          10.25187,56.90816,0
          10.25172,56.90853,0
          10.25164,56.90881,0
          10.25162,56.90902,0
          10.25164,56.90943,0
          10.25178,56.90994,0
          10.2519,56.91018,0
          10.25221,56.91065,0
          10.2547,56.91388,0
          10.25743,56.9166,0
          10.25759,56.9168,0
          10.25796,56.91717,0
          10.26011,56.91964,0
          10.26046,56.92013,0
          10.26076,56.92065,0
          10.26106,56.92133,0
          10.26153,56.92299,0
          10.26153,56.92305,0
          10.26176,56.9241,0
          10.26202,56.92767,0
          10.26204,56.92772,0
          10.26234,56.93311,0
          10.26231,56.93315,0
          10.26246,56.93561,0
          10.26395,56.94307,0
          10.26475,56.94518,0
          10.26472,56.94524,0
          10.26514,56.94633,0
          10.26523,56.94639,0
          10.26581,56.94787,0
          10.26584,56.94791,0
          10.26968,56.95779,0
          10.26974,56.95816,0
          10.26966,56.95973,0
          10.26967,56.95981,0
          10.26948,56.96251,0
          10.26955,56.96301,0
          10.26958,56.96308,0
          10.26959,56.96314,0
          10.26982,56.96363,0
          10.26996,56.96384,0
          10.27034,56.96428,0
          10.27128,56.96519,0
          10.27133,56.96528,0
          10.2716,56.96554,0
          10.27189,56.96589,0
          10.27282,56.9674,0
          10.27284,56.96746,0
          10.27539,56.97165,0
          10.27544,56.97169,0
          10.27575,56.97208,0
          10.27632,56.97262,0
          10.27667,56.97289,0
          10.27699,56.97308,0
          10.27705,56.97316,0
          10.27785,56.97361,0
          10.27887,56.97404,0
          10.28082,56.97464,0
          10.28174,56.97481,0
          10.28323,56.975,0
          10.29306,56.97571,0
          10.29491,56.97603,0
          10.29621,56.97639,0
          10.29726,56.9768,0
          10.29812,56.97722,0
          10.29907,56.97783,0
          10.29952,56.97821,0
          10.3,56.9787,0
          10.30041,56.97927,0
          10.30077,56.98,0
          10.30081,56.98004,0
          10.30093,56.98027,0
          10.30101,56.98057,0
          10.30108,56.98071,0
          10.30264,56.98498,0
          10.3027,56.98506,0
          10.30297,56.98585,0
          10.30295,56.98595,0
          10.30298,56.98603,0
          10.30294,56.9861,0
          10.30422,56.99027,0
          10.30432,56.99049,0
          10.30468,56.99097,0
          10.3047,56.99106,0
          10.30478,56.99116,0
          10.30487,56.9912,0
          10.30512,56.9918,0
          10.30513,56.99188,0
          10.30534,56.9924,0
          10.30546,56.99242,0
          10.30544,56.99244,0
          10.30545,56.99248,0
          10.30585,56.99312,0
          10.30587,56.99318,0
          10.30598,56.99335,0
          10.30613,56.99373,0
          10.30611,56.99383,0
          10.30617,56.99419,0
          10.30617,56.99433,0
          10.30615,56.99442,0
          10.30612,56.99447,0
          10.30616,56.99468,0
          10.30621,56.99472,0
          10.3062,56.99484,0
          10.30637,56.99523,0
          10.30641,56.99528,0
          10.30662,56.99544,0
          10.30707,56.99563,0
          10.30729,56.99565,0
          10.30726,56.99567,0
          10.30725,56.99587,0
          10.30736,56.99605,0
          10.30745,56.99634,0
          10.30803,56.99632,0
          10.30927,56.99637,0
          10.30955,56.99714,0
          10.30958,56.99719,0
          10.30984,56.99794,0
          10.30994,56.99806,0
          10.30994,56.99811,0
          10.31006,56.99836,0
          10.31023,56.99843,0
          10.31028,56.99849,0
          10.31052,56.99855,0
          10.31216,56.9988,0
          10.3128,56.99894,0
          10.31894,57.00081,0
          10.31904,57.00082,0
          10.32504,57.0027,0
          10.3269,57.00347,0
          10.33317,57.00672,0
          10.33321,57.00677,0
          10.33488,57.00768,0
          10.33578,57.00827,0
          10.33642,57.00878,0
          10.33678,57.00912,0
          10.33679,57.00917,0
          10.33729,57.0097,0
          10.338,57.01065,0
          10.33824,57.01105,0
          10.33924,57.01315,0
          10.33928,57.0132,0
          10.34019,57.0151,0
          10.34021,57.01517,0
          10.34514,57.0254,0
          10.34588,57.0267,0
          10.34614,57.02708,0
          10.34615,57.02713,0
          10.34636,57.02742,0
          10.35683,57.03969,0
          10.3569,57.03974,0
          10.35765,57.04062,0
          10.35767,57.04063,0
          10.3582,57.0413,0
          10.35822,57.04137,0
          10.36189,57.04563,0
          10.3619,57.04563,0
          10.36354,57.04761,0
          10.36402,57.04844,0
          10.36437,57.04935,0
          10.36641,57.05718,0
          10.36644,57.05723,0
          10.36677,57.05856,0
          10.36676,57.05862,0
          10.36792,57.06346,0
          10.36795,57.06379,0
          10.36793,57.06423,0
          10.36787,57.06457,0
          10.36779,57.06483,0
          10.3678,57.0649,0
          10.36748,57.06556,0
          10.36709,57.06613,0
          10.36673,57.06651,0
          10.36628,57.0669,0
          10.35556,57.07488,0
          10.35465,57.07581,0
          10.3543,57.0763,0
          10.35402,57.07679,0
          10.3538,57.07728,0
          10.35366,57.0777,0
          10.35358,57.07807,0
          10.35354,57.07845,0
          10.35354,57.07887,0
          10.35362,57.07945,0
          10.35376,57.07998,0
          10.35579,57.08574,0
          10.35805,57.09141,0
          10.35928,57.09423,0
          10.35939,57.09434,0
          10.35936,57.0944,0
          10.36083,57.0978,0
          10.36095,57.09801,0
          10.36102,57.09827,0
          10.3617,57.09983,0
          10.36171,57.09988,0
          10.36284,57.10245,0
          10.36299,57.1027,0
          10.36345,57.10326,0
          10.36408,57.10385,0
          10.36422,57.10392,0
          10.36704,57.1063,0
          10.36777,57.10702,0
          10.36879,57.10827,0
          10.36878,57.10832,0
          10.36914,57.10871,0
          10.37279,57.11347,0
          10.37437,57.11592,0
          10.37469,57.11632,0
          10.37758,57.11917,0
          10.37772,57.11938,0
          10.37783,57.11968,0
          10.37806,57.12098,0
          10.37812,57.12102,0
          10.37809,57.12113,0
          10.37815,57.12186,0
          10.37814,57.12195,0
          10.37833,57.12461,0
          10.37842,57.12498,0
          10.37865,57.12553,0
          10.37885,57.12589,0
          10.37908,57.12621,0
          10.38629,57.13326,0
          10.38635,57.13329,0
          10.39234,57.13908,0
          10.39488,57.14129,0
          10.39647,57.14287,0
          10.39839,57.14422,0
          10.39854,57.14436,0
          10.40347,57.14788,0
          10.40356,57.14797,0
          10.40362,57.14806,0
          10.40372,57.14816,0
          10.40405,57.14817,0
          10.40424,57.1482,0
          10.40452,57.1485,0
          10.40479,57.14868,0
          10.40534,57.14891,0
          10.40694,57.14942,0
          10.40853,57.15011,0
          10.4086,57.15016,0
          10.40924,57.15047,0
          10.40988,57.15091,0
          10.41041,57.15138,0
          10.41174,57.15276,0
          10.41314,57.15447,0
          10.4132,57.15451,0
          10.41519,57.15657,0
          10.41587,57.15711,0
          10.41734,57.15808,0
          10.4185,57.15897,0
          10.41908,57.15951,0
          10.42098,57.16175,0
          10.42145,57.16223,0
          10.42825,57.16824,0
          10.42825,57.16825,0
          10.42827,57.16826,0
          10.42927,57.16963,0
          10.42967,57.17009,0
          10.43011,57.1705,0
          10.4351,57.17394,0
          10.43651,57.17511,0
          10.43656,57.17517,0
          10.43984,57.17792,0
          10.43988,57.178,0
          10.44317,57.18071,0
          10.44408,57.18131,0
          10.44746,57.18324,0
          10.45142,57.18594,0
          10.4642,57.19382,0
          10.47008,57.19706,0
          10.48658,57.20562,0
          10.48692,57.20585,0
          10.4871,57.20604,0
          10.48715,57.20607,0
          10.48723,57.20627,0
          10.48726,57.20646,0
          10.48722,57.20658,0
          10.48707,57.20679,0
          10.48647,57.20738,0
          10.48632,57.20759,0
          10.48628,57.20769,0
          10.48628,57.20783,0
          10.48627,57.20787,0
          10.48634,57.20809,0
          10.48651,57.20828,0
          10.48824,57.20938,0
          10.48813,57.20943,0
          10.48912,57.21002,0
          10.48954,57.21033,0
          10.48983,57.21061,0
          10.49055,57.2118,0
          10.49059,57.21184,0
          10.4909,57.21239,0
          10.49096,57.21246,0
          10.49131,57.21327,0
          10.4926,57.21683,0
          10.49278,57.21779,0
          10.49277,57.21974,0
          10.49278,57.21975,0
          10.49276,57.21995,0
          10.4928,57.2205,0
          10.49295,57.22101,0
          10.49311,57.22131,0
          10.49353,57.2219,0
          10.49395,57.22232,0
          10.50244,57.22954,0
          10.5025,57.22957,0
          10.50317,57.23018,0
          10.504,57.23104,0
          10.50406,57.23108,0
          10.50607,57.2332,0
          10.50609,57.23325,0
          10.50683,57.23401,0
          10.50685,57.23406,0
          10.50775,57.2351,0
          10.50886,57.2367,0
          10.50889,57.23678,0
          10.51014,57.23862,0
          10.51019,57.23866,0
          10.51076,57.23952,0
          10.51078,57.23961,0
          10.51223,57.24172,0
          10.51224,57.24175,0
          10.51272,57.2424,0
          10.51356,57.24312,0
          10.51363,57.24314,0
          10.51364,57.2432,0
          10.51388,57.24345,0
          10.51412,57.24377,0
          10.51421,57.24393,0
          10.5145,57.24472,0
          10.51463,57.24526,0
          10.51462,57.24608,0
          10.51484,57.24766,0
          10.51485,57.24831,0
          10.51476,57.24873,0
          10.51421,57.24989,0
          10.5142,57.24994,0
          10.51392,57.25043,0
          10.51392,57.25048,0
          10.5135,57.25118,0
          10.51324,57.25154,0
          10.51324,57.25155,0
          10.50833,57.25848,0
          10.50825,57.25854,0
          10.50723,57.26,0
          10.50262,57.26769,0
          10.50226,57.2685,0
          10.50148,57.27094,0
          10.50148,57.27099,0
          10.50145,57.27112,0
          10.50145,57.27119,0
          10.50144,57.27121,0
          10.50139,57.27232,0
          10.50149,57.27294,0
          10.50152,57.273,0
          10.50152,57.27305,0
          10.50184,57.27429,0
          10.50184,57.27436,0
          10.50211,57.27542,0
          10.50226,57.27664,0
          10.50225,57.2769,0
          10.50227,57.27697,0
          10.50215,57.27784,0
          10.50188,57.27884,0
          10.50152,57.27965,0
          10.50062,57.28126,0
          10.50056,57.28133,0
          10.49925,57.28367,0
          10.49923,57.28375,0
          10.49857,57.28491,0
          10.49853,57.28495,0
          10.49797,57.28594,0
          10.49797,57.28598,0
          10.49553,57.29037,0
          10.49552,57.29042,0
          10.49547,57.29047,0
          10.49325,57.29451,0
          10.49323,57.29457,0
          10.49119,57.29813,0
          10.49119,57.29821,0
          10.48946,57.30135,0
          10.48927,57.30183,0
          10.48915,57.30235,0
          10.48912,57.30289,0
          10.4891,57.30294,0
          10.48914,57.3035,0
          10.48956,57.30604,0
          10.48955,57.30675,0
          10.48952,57.30702,0
          10.48948,57.30706,0
          10.48938,57.30758,0
          10.48833,57.31122,0
          10.48799,57.31206,0
          10.48749,57.31287,0
          10.4881,57.31293,0
          10.48814,57.31299,0
          10.48808,57.31396,0
          10.48814,57.31475,0
          10.48824,57.31521,0
          10.48874,57.31665,0
          10.48939,57.31823,0
          10.48942,57.31839,0
          10.48969,57.31841,0
          10.48961,57.3188,0
          10.48961,57.31898,0
          10.48965,57.31925,0
          10.49025,57.32075,0
          10.49025,57.32077,0
          10.49125,57.32333,0
          10.49135,57.32344,0
          10.49149,57.32353,0
          10.49172,57.32363,0
          10.49151,57.32385,0
          10.49151,57.32399,0
          10.49177,57.32459,0
          10.4918,57.32474,0
          10.49179,57.32481,0
          10.49181,57.32488,0
          10.49177,57.325,0
          10.49173,57.32507,0
          10.49681,57.32698,0
          10.49689,57.32703,0
          10.49773,57.32733,0
          10.4979,57.32735,0
          10.49883,57.32776,0
          10.49891,57.32783,0
          10.49932,57.32797,0
          10.49944,57.32799,0
          10.5013,57.32873,0
          10.50278,57.32951,0
          10.50281,57.32958,0
          10.50288,57.32965,0
          10.50299,57.32968,0
          10.50309,57.32968,0
          10.50355,57.33006,0
          10.50552,57.33142,0
          10.50552,57.33147,0
          10.50559,57.33152,0
          10.50564,57.33154,0
          10.50644,57.33208,0
          10.50657,57.33212,0
          10.50771,57.33291,0
          10.50777,57.33293,0
          10.50783,57.33301,0
          10.5081,57.33319,0
          10.50811,57.33319,0
          10.51122,57.33532,0
          10.51223,57.33614,0
          10.51281,57.3367,0
          10.51349,57.3375,0
          10.51409,57.33839,0
          10.51446,57.33909,0
          10.51447,57.33916,0
          10.51456,57.33934,0
          10.51497,57.34048,0
          10.51503,57.34055,0
          10.51512,57.3412,0
          10.51515,57.3413,0
          10.5151,57.34212,0
          10.51507,57.34214,0
          10.51504,57.34219,0
          10.51503,57.34228,0
          10.51506,57.34234,0
          10.51515,57.3424,0
          10.51434,57.34446,0
          10.51429,57.34454,0
          10.51411,57.34501,0
          10.5141,57.3451,0
          10.51283,57.34832,0
          10.51282,57.34841,0
          10.51283,57.34843,0
          10.51273,57.34852,0
          10.51258,57.34896,0
          10.51275,57.34897,0
          10.51157,57.3523,0
          10.51122,57.35309,0
          10.51122,57.35312,0
          10.51108,57.35351,0
          10.51053,57.35457,0
          10.51053,57.35467,0
          10.51011,57.35551,0
          10.51003,57.3556,0
          10.50922,57.35727,0
          10.5091,57.3578,0
          10.50913,57.3579,0
          10.50898,57.35854,0
          10.50899,57.35866,0
          10.50898,57.35868,0
          10.50898,57.35873,0
          10.5089,57.35902,0
          10.50883,57.35912,0
          10.50883,57.3592,0
          10.50866,57.35994,0
          10.50859,57.36005,0
          10.50853,57.36023,0
          10.50856,57.36032,0
          10.50844,57.36069,0
          10.50843,57.3607,0
          10.5084,57.36088,0
          10.50832,57.36096,0
          10.50811,57.36182,0
          10.50811,57.36187,0
          10.50807,57.36197,0
          10.50811,57.36206,0
          10.50807,57.36283,0
          10.50814,57.36349,0
          10.50822,57.36377,0
          10.5082,57.36386,0
          10.50823,57.36389,0
          10.50828,57.364,0
          10.50848,57.36469,0
          10.509,57.36614,0
          10.50908,57.36621,0
          10.50932,57.36686,0
          10.5093,57.36694,0
          10.50945,57.36745,0
          10.50944,57.36751,0
          10.50948,57.3676,0
          10.50953,57.36805,0
          10.50945,57.36978,0
          10.50948,57.36987,0
          10.50946,57.37437,0
          10.50939,57.37448,0
          10.50946,57.37502,0
          10.5095,57.37665,0
          10.50948,57.37671,0
          10.50948,57.37699,0
          10.50953,57.37707,0
          10.50952,57.37774,0
          10.50949,57.37783,0
          10.50947,57.3784,0
          10.50952,57.37886,0
          10.50948,57.37897,0
          10.50939,57.37905,0
          10.50931,57.3794,0
          10.50912,57.37977,0
          10.50911,57.37977,0
          10.50872,57.38024,0
          10.5083,57.38059,0
          10.50829,57.38063,0
          10.50718,57.38147,0
          10.50675,57.38172,0
          10.50648,57.38183,0
          10.50619,57.3819,0
          10.50641,57.38273,0
          10.50793,57.38626,0
          10.50834,57.38702,0
          10.5083,57.38711,0
          10.50856,57.38755,0
          10.50871,57.38762,0
          10.50923,57.38857,0
          10.50933,57.3887,0
          10.50991,57.38909,0
          10.50982,57.38914,0
          10.50999,57.38931,0
          10.5114,57.39133,0
          10.51157,57.3915,0
          10.51187,57.3916,0
          10.51212,57.3916,0
          10.5129,57.39152,0
          10.51325,57.39152,0
          10.5136,57.39159,0
          10.5139,57.39169,0
          10.51406,57.39181,0
          10.5141,57.39186,0
          10.51412,57.39187,0
          10.51414,57.3919,0
          10.51419,57.39194,0
          10.5143,57.39208,0
          10.51431,57.39208,0
          10.51468,57.39263,0
          10.51481,57.39272,0
          10.51707,57.396,0
          10.51761,57.39691,0
          10.51791,57.39754,0
          10.5206,57.40425,0
          10.52081,57.4049,0
          10.52115,57.40625,0
          10.52155,57.40628,0
          10.52157,57.40643,0
          10.52159,57.40647,0
          10.52173,57.40759,0
          10.52174,57.40852,0
          10.52163,57.40963,0
          10.52095,57.41344,0
          10.52094,57.41371,0
          10.52098,57.41411,0
          10.52107,57.41442,0
          10.5214,57.41502,0
          10.52175,57.41542,0
          10.52285,57.41629,0
          10.52332,57.41673,0
          10.52362,57.41708,0
          10.52388,57.4175,0
          10.52402,57.4178,0
          10.52402,57.41782,0
          10.52418,57.41831,0
          10.52421,57.41863,0
          10.5242,57.4187,0
          10.52421,57.41874,0
          10.52396,57.42082,0
          10.52397,57.42088,0
          10.52395,57.4216,0
          10.52401,57.4217,0
          10.52406,57.42245,0
          10.524,57.42257,0
          10.52422,57.42381,0
          10.52438,57.4244,0
          10.52438,57.42443,0
          10.52443,57.42457,0
          10.52448,57.42465,0
          10.5248,57.42558,0
          10.52518,57.4265,0
          10.52521,57.42662,0
          10.52557,57.42731,0
          10.52566,57.42739,0
          10.52595,57.42787,0
          10.52596,57.42796,0
          10.52671,57.429,0
          10.52782,57.43019,0
          10.52868,57.43091,0
          10.52942,57.43143,0
          10.52951,57.43145,0
          10.53068,57.43215,0
          10.53166,57.43258,0
          10.53181,57.43267,0
          10.53545,57.4342,0
          10.53566,57.4341,0
          10.53588,57.43403,0
          10.53748,57.43388,0
          10.53751,57.43389,0
          10.53765,57.43423,0
          10.53774,57.43427,0
          10.53774,57.43428,0
          10.53789,57.43436,0
          10.53841,57.43436,0
          10.53876,57.43443,0
          10.54213,57.43415,0
          10.54224,57.43417,0
          10.54231,57.43421,0
          10.54234,57.43427,0
          10.54236,57.4346,0
          10.54233,57.43478,0
          10.54289,57.43487,0
          10.54302,57.43491,0
          10.54614,57.43491,0
          10.54658,57.43484,0
          10.54771,57.43446,0
          10.54801,57.43431,0
          10.54887,57.43372,0
          10.55243,57.43269,0
          10.55286,57.43265,0
          10.56753,57.43263,0
          10.71806,57.46156,0
          10.87907,57.48782,0
          10.98516,57.50387,0
          11.06859,57.51714,0
          11.23131,57.54129,0
          11.35744,57.56096,0
          11.55254,57.58234,0
          11.63243,57.59433,0
          11.6425,57.59716,0
          11.65465,57.60118,0
          11.66375,57.60589,0
          11.67334,57.61385,0
          11.69254,57.63921,0
          11.69568,57.64226,0
          11.70097,57.64585,0
          11.70872,57.64929,0
          11.7184,57.65276,0
          11.71852,57.65283,0
          11.72225,57.65415,0
          11.72632,57.65578,0
          11.73772,57.66078,0
          11.74358,57.66304,0
          11.74867,57.66538,0
          11.75924,57.66973,0
          11.76274,57.67087,0
          11.76615,57.67167,0
          11.83983,57.68261,0
          11.89551,57.68969,0
          11.90026,57.69062,0
          11.90161,57.69111,0
          11.90162,57.69112,0
          11.91408,57.69632,0
          11.9144,57.69592,0
          11.91459,57.69597,0
          11.91469,57.69597,0
          11.91485,57.69594,0
          11.91496,57.69589,0
          11.91545,57.69543,0
          11.91547,57.69537,0
          11.91528,57.69466,0
          11.91528,57.69449,0
          11.91545,57.69405,0
          11.91549,57.69385,0
          11.91548,57.69372,0
          11.9154,57.69357,0
          11.91525,57.69345,0
          11.91524,57.69345,0
          11.91515,57.69338,0
          11.91482,57.69322,0
          11.91476,57.69317,0
          11.91385,57.69271,0
          11.9134,57.69255,0
          11.91326,57.69254,0
          11.91299,57.69244,0
          11.91292,57.69236,0
          11.9129,57.69232,0
          11.9129,57.69228,0
          11.91292,57.69225,0
          11.91298,57.69222,0
          11.91392,57.69248,0
          11.91548,57.69329,0
          11.91576,57.69351,0
          11.91597,57.69376,0
          11.91603,57.69386,0
          11.91609,57.6941,0
          11.91609,57.69418,0
          11.91598,57.69461,0
          11.91597,57.69473,0
          11.91601,57.69493,0
          11.91612,57.69515,0
          11.91618,57.69523,0
          11.91642,57.69545,0
          11.91661,57.69554,0
          11.91687,57.69559,0
          11.91749,57.69555,0
          11.91754,57.69557,0
          11.91753,57.69549,0
          11.91759,57.69549,0
          11.91767,57.69547,0
          11.91872,57.69554,0
          11.91888,57.69558,0
          11.91976,57.69597,0
          11.91979,57.696,0
          11.91983,57.69602,0
          11.91988,57.69607,0
          11.91993,57.69615,0
          11.9199,57.69628,0
          11.91995,57.69632,0
          11.92188,57.6967,0
          11.9226,57.69689,0
          11.92422,57.69718,0
          11.92481,57.69734,0
          11.92477,57.69737,0
          11.92475,57.69741,0
          11.92465,57.69749,0
          11.92467,57.69751,0
          11.92473,57.69748,0
          11.92502,57.69747,0
          11.9253,57.69751,0
          11.92664,57.69791,0
          11.92794,57.69843,0
          11.92904,57.69912,0
          11.92955,57.69928,0
          11.92958,57.6993,0
          11.93045,57.69956,0
          11.93051,57.6996,0
          11.93064,57.69975,0
          11.93104,57.69976,0
          11.93182,57.69989,0
          11.93303,57.69998,0
          11.93333,57.70007,0
          11.9335,57.70004,0
          11.93389,57.70002,0
          11.934,57.70004,0
          11.93617,57.70014,0
          11.93872,57.70043,0
          11.94113,57.70051,0
          11.94661,57.7011,0
          11.9467,57.70114,0
          11.94745,57.70125,0
          11.94758,57.70124,0
          11.94937,57.70151,0
          11.94956,57.70157,0
          11.94961,57.70166,0
          11.94969,57.70174,0
          11.94994,57.70187,0
          11.95039,57.70193,0
          11.95049,57.70198,0
          11.9506,57.702,0
          11.95094,57.70199,0
          11.95175,57.70204,0
          11.95234,57.70218,0
          11.95254,57.70226,0
          11.95266,57.70233,0
          11.95283,57.70248,0
          11.95283,57.70249,0
          11.95323,57.70288,0
          11.9537,57.70322,0
          11.95368,57.70325,0
          11.95368,57.70331,0
          11.95369,57.70333,0
          11.95404,57.70354,0
          11.95406,57.70358,0
          11.95406,57.70361,0
          11.95688,57.7053,0
          11.95711,57.70568,0
          11.95714,57.70571,0
          11.95792,57.70616,0
          11.95868,57.70631,0
          11.95909,57.7067,0
          11.95911,57.7067,0
          11.95911,57.70671,0
          11.95913,57.70671,0
          11.95914,57.70672,0
          11.95929,57.70671,0
          11.9595,57.70666,0
          11.95954,57.70671,0
          11.95954,57.70681,0
          11.95953,57.70684,0
          11.95953,57.70696,0
          11.95961,57.70715,0
          11.95978,57.70724,0
          11.96039,57.70786,0
          11.96046,57.70796,0
          11.9606,57.7081,0
          11.96096,57.70876,0
          11.96126,57.70914,0
          11.96191,57.70968,0
          11.96208,57.70977,0
          11.96224,57.7099,0
          11.96259,57.70998,0
          11.96346,57.7103,0
        </coordinates>
      </LineString>
    </Placemark>
    <Placemark>
      <name><![CDATA[King's Ransom, Britannia Road, Sale]]></name>
      <styleUrl>#icon-1899-DB4436-nodesc</styleUrl>
      <Point>
        <coordinates>
          -2.318671,53.4248034,0
        </coordinates>
      </Point>
    </Placemark>
    <Placemark>
      <name>Göteborgsoperan, Christina Nilssons gata, Gothenburg, Sweden</name>
      <styleUrl>#icon-1899-DB4436-nodesc</styleUrl>
      <Point>
        <coordinates>
          11.9634647,57.7103031,0
        </coordinates>
      </Point>
    </Placemark>
  </Document>
</kml>
