"lat","lon","distance_km"
"53.4248","-2.31867","0"
"53.42468","-2.3188","0.0158820832653187"
"53.42465","-2.31874","0.0210717535490399"
"53.4246","-2.31851","0.037293773442355"
"53.42454","-2.3184","0.0471747368948374"
"53.42447","-2.31807","0.0703843004120932"
"53.42394","-2.31644","0.19341993293404"
"53.42389","-2.3162","0.210266192321896"
"53.42387","-2.31617","0.213248987970077"
"53.4237","-2.31563","0.253715890161666"
"53.42357","-2.3156","0.268307266335817"
"53.42289","-2.31347","0.428421594023242"
"53.42285","-2.31342","0.433967707899016"
"53.42037","-2.30546","1.02916254577205"
"53.42038","-2.30531","1.03916436306929"
"53.42041","-2.30522","1.04599779687552"
"53.41992","-2.30367","1.16226649921677"
"53.41989","-2.30345","1.17722183874955"
"53.41996","-2.30268","1.22883702888983"
"53.42004","-2.30235","1.25244490116063"
"53.41997","-2.3023","1.26090439802013"
"53.41991","-2.30233","1.26786597828203"
"53.41991","-2.30232","1.26852863984821"
"53.41984","-2.30231","1.27634044171859"
"53.41985","-2.30173","1.31479095288779"
"53.41966","-2.29892","1.50219422525635"
"53.41965","-2.29502","1.76063617799951"
"53.41952","-2.2941","1.82329181092577"
"53.4195","-2.29405","1.82728229210113"
"53.4195","-2.294","1.83059563188"
"53.41925","-2.29274","1.91859801599994"
"53.41922","-2.29267","1.92431163664688"
"53.41913","-2.29221","1.95639530400724"
"53.41886","-2.29137","2.01964026327576"
"53.41884","-2.29125","2.02789751511747"
"53.41878","-2.29116","2.03684637599143"
"53.41889","-2.29106","2.05075760984032"
"53.41852","-2.29008","2.12763559861617"
"53.41822","-2.2895","2.17852858357547"
"53.41813","-2.28937","2.19173344330479"
"53.41799","-2.28922","2.21020372175561"
"53.41768","-2.28902","2.24713440871627"
"53.41754","-2.28897","2.26305042913446"
"53.41648","-2.28883","2.38128164315209"
"53.41634","-2.28879","2.39707302028775"
"53.41609","-2.28867","2.42598692356242"
"53.41589","-2.28851","2.45062445602686"
"53.41581","-2.28842","2.46133459776072"
"53.41553","-2.28821","2.49543815673103"
"53.41544","-2.28812","2.50708835314783"
"53.41519","-2.28779","2.54245889033293"
"53.41463","-2.28675","2.63534640775228"
"53.41455","-2.28666","2.64605664790214"
"53.4143","-2.28622","2.68634468355599"
"53.41405","-2.28565","2.73324731001739"
"53.41404","-2.28553","2.74127770267234"
"53.41303","-2.28215","2.99186649532728"
"53.41261","-2.28108","3.07677956934922"
"53.4125","-2.28088","3.09481611779621"
"53.41213","-2.27995","3.16892403246913"
"53.41218","-2.27979","3.1808976115369"
"53.41146","-2.27036","3.81101314585382"
"53.41146","-2.26969","3.85542029343498"
"53.41138","-2.26881","3.91442061218914"
"53.41128","-2.26831","3.94937611322515"
"53.41122","-2.26724","4.02060846801474"
"53.41123","-2.26714","4.0273290636346"
"53.41118","-2.26715","4.03292817779999"
"53.41118","-2.26714","4.03359097541064"
"53.41117","-2.26713","4.03488547606645"
"53.41117","-2.26712","4.03554827383292"
"53.41114","-2.26707","4.04025044463626"
"53.41111","-2.26707","4.04358629243586"
"53.41112","-2.26698","4.04965423231788"
"53.4112","-2.26697","4.05857448433491"
"53.41113","-2.26532","4.16821277315694"
"53.41111","-2.26531","4.17053333916467"
"53.41097","-2.26531","4.18610062889511"
"53.41089","-2.26527","4.19538289630861"
"53.41088","-2.26525","4.19711311543841"
"53.41085","-2.26523","4.20070269887588"
"53.41082","-2.26527","4.20496377917647"
"53.41075","-2.26531","4.21318655660862"
"53.41069","-2.26532","4.21989109479799"
"53.40977","-2.26512","4.323045743511"
"53.40943","-2.2651","4.36087525272139"
"53.40901","-2.26512","4.40759593283766"
"53.40891","-2.26515","4.41889182748551"
"53.40855","-2.26515","4.45892200107762"
"53.40842","-2.2651","4.47375240149285"
"53.4084","-2.2651","4.47597630002566"
"53.40827","-2.26505","4.49080670305253"
"53.40815","-2.26497","4.50516515903217"
"53.40801","-2.26484","4.52295822355903"
"53.40761","-2.26428","4.58089055554895"
"53.40748","-2.26417","4.59708071721771"
"53.40744","-2.26416","4.60157763574628"
"53.40722","-2.26352","4.65054838202018"
"53.40717","-2.26343","4.65870318437575"
"53.40709","-2.26317","4.67809791056033"
"53.40706","-2.26318","4.68149897892271"
"53.40686","-2.26332","4.7055965407483"
"53.4066","-2.26344","4.73558153708765"
"53.40647","-2.26341","4.75017302219138"
"53.4057","-2.26223","4.86614322713875"
"53.40562","-2.26207","4.87998597823375"
"53.40551","-2.26195","4.89457652897533"
"53.40527","-2.26157","4.9312740388872"
"53.40495","-2.26072","4.99791455814357"
"53.40444","-2.25883","5.13543910874462"
"53.40423","-2.25822","5.18213418439586"
"53.40311","-2.25577","5.38680007668395"
"53.40315","-2.25572","5.39234710947771"
"53.40256","-2.25419","5.51314293735133"
"53.40235","-2.25389","5.54381538366931"
"53.40185","-2.25338","5.60888601331719"
"53.40147","-2.25287","5.66300199218068"
"53.40116","-2.25226","5.71613961014876"
"53.40116","-2.25217","5.72210619379916"
"53.40029","-2.25051","5.86863219231649"
"53.4002","-2.25041","5.88063650742073"
"53.39975","-2.25021","5.93240122491979"
"53.39969","-2.25021","5.93907292051821"
"53.39913","-2.25006","6.00213119127291"
"53.39905","-2.25006","6.01102678540413"
"53.39891","-2.25003","6.02672062125824"
"53.39884","-2.25","6.03475437014496"
"53.39853","-2.24995","6.06938382762304"
"53.39823","-2.24981","6.10400958121742"
"53.39813","-2.24969","6.11768222124256"
"53.39767","-2.24936","6.17331481548126"
"53.39745","-2.24915","6.20146243283934"
"53.39735","-2.24909","6.21327209791737"
"53.39724","-2.24895","6.22862681455567"
"53.39699","-2.24848","6.27038596323986"
"53.39686","-2.24829","6.28956018336325"
"53.39573","-2.24625","6.47417525063188"
"53.39534","-2.2457","6.53083629554374"
"53.39509","-2.24542","6.56426442407602"
"53.39507","-2.24541","6.56658506147886"
"53.39505","-2.24531","6.5735785650911"
"53.39488","-2.24512","6.59629501454481"
"53.39433","-2.24463","6.6655466378511"
"53.39418","-2.24453","6.68349551092753"
"53.39442","-2.24337","6.76490869440811"
"53.39457","-2.24212","6.84945250355768"
"53.39449","-2.24142","6.89671126237639"
"53.39443","-2.24114","6.91643926395788"
"53.39387","-2.23963","7.03434585572064"
"53.39344","-2.23763","7.17531631206172"
"53.3933","-2.23728","7.20326151809113"
"53.39289","-2.23649","7.27270536567283"
"53.39289","-2.23641","7.27801002634511"
"53.39281","-2.23611","7.29980091895319"
"53.39279","-2.23517","7.36217047480876"
"53.39285","-2.23493","7.37942640650846"
"53.39286","-2.23463","7.3993499539811"
"53.3927","-2.23386","7.45341837137332"
"53.39192","-2.2311","7.65594321054423"
"53.3918","-2.2302","7.71709559738052"
"53.3918","-2.22958","7.75820777041086"
"53.39179","-2.22953","7.76170476334513"
"53.39182","-2.22778","7.877795111158"
"53.3918","-2.22769","7.88416390159508"
"53.39185","-2.22674","7.94740319271638"
"53.39167","-2.2267","7.9675932627808"
"53.39162","-2.22648","7.9832050413231"
"53.39186","-2.22654","8.01018676914748"
"53.39186","-2.2265","8.01283916366859"
"53.39185","-2.22649","8.01413381847538"
"53.39162","-2.22646","8.03978590242372"
"53.39163","-2.2263","8.05045364919799"
"53.39188","-2.22633","8.07832346799253"
"53.39205","-2.22474","8.1854370723735"
"53.39217","-2.22421","8.22302893718088"
"53.39169","-2.22362","8.28920542367764"
"53.39128","-2.22296","8.35240199674953"
"53.38996","-2.22135","8.53390047923656"
"53.38984","-2.22117","8.5518036058389"
"53.39001","-2.22072","8.58712784180756"
"53.39006","-2.22048","8.60398606172793"
"53.39009","-2.22","8.63599045478321"
"53.39023","-2.21949","8.67322069824025"
"53.39032","-2.21943","8.68399015952335"
"53.38997","-2.21772","8.80387729788739"
"53.3897","-2.217","8.86027746580752"
"53.3896","-2.21687","8.87434729518796"
"53.38952","-2.2168","8.88438119838224"
"53.38944","-2.21666","8.8972389739408"
"53.38936","-2.21639","8.91723171753014"
"53.38935","-2.21624","8.92724073994244"
"53.38956","-2.21522","8.99879784835403"
"53.38906","-2.21493","9.05762734573704"
"53.38896","-2.21491","9.06882565595915"
"53.38895","-2.21458","9.09073763596519"
"53.38888","-2.2143","9.11087112719002"
"53.38872","-2.21405","9.13518939737198"
"53.38837","-2.21363","9.18304730620823"
"53.38837","-2.2136","9.18503676520518"
"53.3883","-2.21343","9.19873637890385"
"53.38829","-2.21337","9.20286775583647"
"53.38834","-2.21287","9.23648833540226"
"53.38838","-2.21277","9.24447332816392"
"53.38843","-2.21273","9.250633451386"
"53.38848","-2.21274","9.25623260752105"
"53.38858","-2.21272","9.2674309195136"
"53.38883","-2.21255","9.29742861210439"
"53.38887","-2.21246","9.3048719728596"
"53.38885","-2.21234","9.31313462500253"
"53.38913","-2.20971","9.49029855625643"
"53.38941","-2.20782","9.61944107382648"
"53.38944","-2.20775","9.62515733445432"
"53.38967","-2.20674","9.69685067784106"
"53.39023","-2.20481","9.83917880464186"
"53.39041","-2.20375","9.91226387890487"
"53.39035","-2.20367","9.92078762608155"
"53.39017","-2.20316","9.96008583016101"
"53.39003","-2.20286","9.98534653185833"
"53.38955","-2.20222","10.0535368753766"
"53.38932","-2.20218","10.0792488976207"
"53.38927","-2.20216","10.0849646469527"
"53.38925","-2.20216","10.0871885454863"
"53.38913","-2.20209","10.1013163224369"
"53.38915","-2.20205","10.1047777990784"
"53.3894","-2.19993","10.2480852914732"
"53.38866","-2.19769","10.4178969746002"
"53.38853","-2.19714","10.4571302870146"
"53.3885","-2.19659","10.4937558083849"
"53.38855","-2.19627","10.5156928529803"
"53.3885","-2.19595","10.5376298975756"
"53.38836","-2.19579","10.5564692658933"
"53.38818","-2.1957","10.5773552753425"
"53.38766","-2.19563","10.6353626814687"
"53.38749","-2.19558","10.6545544327332"
"53.38737","-2.19552","10.668478461469"
"53.38727","-2.1955","10.6796767779266"
"53.38706","-2.19523","10.7091025831245"
"53.38702","-2.19515","10.7160257369609"
"53.38677","-2.19409","10.7916193145658"
"53.38649","-2.19345","10.8442578460416"
"53.38638","-2.19296","10.8789795466871"
"53.38628","-2.1927","10.899496793447"
"53.38608","-2.19247","10.9264641021776"
"53.38578","-2.19195","10.9744439687026"
"53.3856","-2.19148","11.0114869457117"
"53.38526","-2.19083","11.0688246066306"
"53.38525","-2.19083","11.0699365558974"
"53.38525","-2.19081","11.0712629591006"
"53.38508","-2.19044","11.1022382233537"
"53.38467","-2.18978","11.1654395030329"
"53.38458","-2.18954","11.1842412079835"
"53.38433","-2.18832","11.2697955089744"
"53.38407","-2.1876","11.3256171145781"
"53.38399","-2.18744","11.3394639971666"
"53.38391","-2.18735","11.3501766306513"
"53.38377","-2.18711","11.3724410200737"
"53.38336","-2.18614","11.4512901718234"
"53.38332","-2.1859","11.4678174636855"
"53.38333","-2.18566","11.4837738131192"
"53.38301","-2.18461","11.5619772354311"
"53.38294","-2.18424","11.5877218554926"
"53.38293","-2.18423","11.5890165814742"
"53.3829","-2.18405","11.6014121651387"
"53.38277","-2.18381","11.62291405705"
"53.38252","-2.183","11.6834028081959"
"53.38244","-2.18235","11.7274219182497"
"53.38237","-2.18231","11.7356452660938"
"53.38228","-2.18202","11.7573271510427"
"53.38149","-2.18291","11.8631622185671"
"53.38115","-2.18336","11.9113301280932"
"53.38092","-2.18281","11.9558816773959"
"53.38079","-2.18237","11.9884493896312"
"53.38067","-2.18214","12.008716824865"
"53.38019","-2.18154","12.0752938994886"
"53.38007","-2.18131","12.0955614965192"
"53.38","-2.18122","12.1053707065314"
"53.37995","-2.18097","12.1228600355294"
"53.37926","-2.17896","12.2766819785093"
"53.37886","-2.17843","12.3333754481261"
"53.37869","-2.17813","12.3608217911993"
"53.3786","-2.17777","12.3867130199703"
"53.37828","-2.17706","12.445738692065"
"53.37815","-2.17666","12.4759533843612"
"53.37809","-2.17636","12.4969414010105"
"53.37799","-2.17619","12.5127780320027"
"53.37795","-2.17593","12.5305885336307"
"53.3779","-2.17576","12.5431610127058"
"53.37788","-2.17514","12.5843467055719"
"53.37784","-2.17486","12.6034447244091"
"53.37765","-2.17436","12.6427681302769"
"53.37751","-2.17416","12.6632214539373"
"53.3773","-2.17364","12.7048750491428"
"53.37718","-2.17343","12.7241646036974"
"53.37687","-2.17263","12.7874437533454"
"53.37671","-2.17232","12.8146352431246"
"53.37653","-2.17207","12.8406277973989"
"53.37637","-2.1719","12.8616917865524"
"53.37634","-2.17184","12.8668849172404"
"53.37634","-2.17183","12.8675482576289"
"53.3761","-2.17139","12.9070965671658"
"53.37556","-2.17019","13.0068055428619"
"53.37555","-2.17018","13.0081003277337"
"53.37549","-2.17003","13.0200803085625"
"53.37542","-2.17011","13.0295009034453"
"53.37534","-2.16989","13.0465921615697"
"53.37534","-2.16969","13.0598592808516"
"53.37531","-2.1696","13.0666982308874"
"53.37531","-2.16934","13.0839454981026"
"53.37534","-2.16916","13.0963431312937"
"53.37533","-2.16899","13.1076748720723"
"53.37542","-2.16854","13.1391587212471"
"53.37542","-2.16832","13.1537525250443"
"53.37536","-2.16787","13.1843399853587"
"53.37533","-2.16786","13.1877411500965"
"53.37529","-2.16783","13.1926138572016"
"53.37523","-2.16775","13.201138777178"
"53.3752","-2.16768","13.2068562961093"
"53.37511","-2.16756","13.2196436882911"
"53.37491","-2.16736","13.2455394727002"
"53.37469","-2.16688","13.285693092358"
"53.37465","-2.1666","13.3047924641576"
"53.37466","-2.16616","13.3340017687152"
"53.37463","-2.16599","13.3457620373808"
"53.37452","-2.16576","13.3653170442763"
"53.3745","-2.16568","13.3710711258723"
"53.37451","-2.16549","13.3837240903415"
"53.37432","-2.16539","13.4058681116057"
"53.3743","-2.16537","13.4084577012182"
"53.37428","-2.16527","13.415454272374"
"53.37414","-2.16517","13.432376061822"
"53.374","-2.16484","13.4592381891564"
"53.37395","-2.16455","13.4792634006597"
"53.37398","-2.16271","13.6013704132044"
"53.37393","-2.16221","13.6350020228455"
"53.37394","-2.16219","13.6367331241839"
"53.37394","-2.16216","13.6387232574924"
"53.3739","-2.1621","13.644691962206"
"53.3739","-2.16192","13.6566327732713"
"53.3738","-2.16143","13.6909876245841"
"53.3738","-2.16111","13.712215782985"
"53.37371","-2.16042","13.7590702673553"
"53.37362","-2.1601","13.78253915081"
"53.37356","-2.16005","13.7899898859824"
"53.37346","-2.16004","13.8011291496949"
"53.37342","-2.16002","13.8057706171704"
"53.37333","-2.16","13.8158657274632"
"53.37334","-2.15978","13.8305025438399"
"53.37333","-2.15973","13.834000899932"
"53.37328","-2.15962","13.8431748219347"
"53.37346","-2.15924","13.8753630477625"
"53.37351","-2.15917","13.8826069882085"
"53.37361","-2.15915","13.8938053554455"
"53.37362","-2.15914","13.8951001557981"
"53.37365","-2.15913","13.8985013257298"
"53.37369","-2.15895","13.9112436727489"
"53.37379","-2.15876","13.928051703644"
"53.37382","-2.15863","13.9372983350847"
"53.37375","-2.15776","13.9955349188901"
"53.37356","-2.15643","14.0862589797049"
"53.37322","-2.1526","14.3431333057516"
"53.37257","-2.14775","14.6728975886285"
"53.37257","-2.14754","14.6868289698814"
"53.37248","-2.14682","14.7356308727573"
"53.37242","-2.14674","14.744156010698"
"53.37245","-2.14658","14.7552822759678"
"53.37216","-2.1447","14.88410335013"
"53.37209","-2.14453","14.8978064963202"
"53.372","-2.14404","14.9318190406679"
"53.372","-2.14385","14.9444237923815"
"53.37118","-2.13993","15.2200034575977"
"53.37117","-2.13978","15.2300167014205"
"53.37116","-2.13977","15.231311521323"
"53.37116","-2.13975","15.2326383634584"
"53.37115","-2.13975","15.2337503127252"
"53.37115","-2.13971","15.2364039976188"
"53.37114","-2.1397","15.2376988176815"
"53.37114","-2.13965","15.2410159245773"
"53.37107","-2.1395","15.2536497709248"
"53.37102","-2.13918","15.2755952439459"
"53.37078","-2.13857","15.3240712052369"
"53.37067","-2.13837","15.3421173342582"
"53.36965","-2.13575","15.5496681989562"
"53.36959","-2.13566","15.5586216579798"
"53.36862","-2.13297","15.7671515618567"
"53.36843","-2.13221","15.821821870883"
"53.36839","-2.13172","15.8546344523946"
"53.3686","-2.12968","15.9919803829766"
"53.36853","-2.12831","16.0832072700999"
"53.36848","-2.12813","16.0963803437812"
"53.36839","-2.12616","16.2274652209702"
"53.36843","-2.12596","16.2414600998836"
"53.36765","-2.1134","17.0792793852139"
"53.36766","-2.1134","17.0803913344807"
"53.36722","-2.10908","17.3711600303598"
"53.36724","-2.10897","17.3787896424602"
"53.3672","-2.1089","17.3852202829068"
"53.36714","-2.10808","17.440033450561"
"53.36714","-2.10693","17.5163340732878"
"53.3672","-2.10623","17.5632546483728"
"53.36753","-2.10434","17.6939109527294"
"53.36762","-2.104","17.7185893637958"
"53.36771","-2.1038","17.7352095569447"
"53.36774","-2.10377","17.7390940990059"
"53.36776","-2.10373","17.7425565970054"
"53.36844","-2.10319","17.826227702887"
"53.36856","-2.10298","17.8455193218845"
"53.36874","-2.10246","17.8854047672354"
"53.36861","-2.10224","17.9059474895287"
"53.36849","-2.10192","17.9310232127066"
"53.36792","-2.09973","18.0895446601996"
"53.36782","-2.09918","18.1276921963065"
"53.36773","-2.09818","18.1947900768879"
"53.3676","-2.09448","18.4407012418839"
"53.36763","-2.094","18.4727223358531"
"53.36786","-2.09364","18.5077161754273"
"53.36778","-2.09344","18.5236914753968"
"53.36758","-2.09269","18.5781955509732"
"53.3675","-2.092","18.6248317477433"
"53.36746","-2.08941","18.796730200393"
"53.36734","-2.08758","18.9188779737439"
"53.36682","-2.08469","19.1191533890533"
"53.36675","-2.08452","19.132857698871"
"53.36662","-2.08383","19.1808664922941"
"53.36662","-2.08356","19.1987807701983"
"53.36569","-2.07841","19.5557879764352"
"53.36533","-2.07683","19.6680050555731"
"53.36495","-2.07588","19.7438910239247"
"53.36447","-2.074","19.8795719561802"
"53.36411","-2.0703","20.1283194336253"
"53.36413","-2.07013","20.1398165907409"
"53.36352","-2.06334","20.5954342761972"
"53.36342","-2.06307","20.6165200990916"
"53.36349","-2.06297","20.626748187952"
"53.36351","-2.06292","20.6307422923599"
"53.36354","-2.06273","20.6437834147308"
"53.3634","-2.05852","20.9235675247944"
"53.36349","-2.05763","20.9834646353839"
"53.36348","-2.0573","21.0053896899937"
"53.36331","-2.05626","21.0769402555944"
"53.36307","-2.05539","21.1405386531289"
"53.36256","-2.05388","21.2556700437062"
"53.36256","-2.05386","21.2569971537096"
"53.36255","-2.05385","21.2582920423208"
"53.36226","-2.05297","21.3249972685207"
"53.3621","-2.05273","21.3488750138454"
"53.36207","-2.05264","21.3557155840087"
"53.36168","-2.05196","21.4182987183474"
"53.36123","-2.0516","21.4737463360578"
"53.36112","-2.05134","21.4948951862359"
"53.36109","-2.05119","21.5053929634043"
"53.36089","-2.04479","21.9306656866881"
"53.3607","-2.04344","22.0227068701715"
"53.36049","-2.04292","22.0643717394012"
"53.35996","-2.04198","22.1501860661088"
"53.35989","-2.04191","22.1592504333014"
"53.3591","-2.0403","22.297566596628"
"53.35907","-2.0402","22.3049939505605"
"53.35881","-2.03968","22.3500118930134"
"53.35873","-2.0396","22.3603712435425"
"53.3585","-2.03924","22.3953685769716"
"53.35843","-2.03916","22.4047903644486"
"53.35826","-2.03877","22.4368397853104"
"53.35825","-2.03876","22.4381347082367"
"53.35786","-2.03764","22.524186835889"
"53.3577","-2.0373","22.5529206737646"
"53.35763","-2.0372","22.5631493475847"
"53.35758","-2.03707","22.5734128592492"
"53.35695","-2.03599","22.6736345738686"
"53.35646","-2.03468","22.7762348959649"
"53.35634","-2.03448","22.7950556055585"
"53.35621","-2.03418","22.819659436364"
"53.35502","-2.03207","23.0123205943903"
"53.35327","-2.02922","23.283694182552"
"53.35297","-2.02891","23.3228874075528"
"53.35214","-2.02829","23.4239374078284"
"53.35194","-2.02806","23.4509116355247"
"53.35139","-2.02728","23.5310389801782"
"53.35127","-2.02704","23.5518186721465"
"53.35102","-2.02626","23.6105810916142"
"53.35089","-2.02572","23.6492280366737"
"53.35086","-2.02566","23.6544229922519"
"53.35035","-2.02365","23.7993875123795"
"53.35016","-2.02261","23.8715778433366"
"53.34995","-2.02041","24.0194580281645"
"53.34962","-2.01902","24.1187490778893"
"53.34914","-2.01788","24.2113475905171"
"53.3483","-2.01638","24.3478670484167"
"53.34767","-2.01559","24.4353725932694"
"53.34682","-2.01477","24.5444411774448"
"53.34529","-2.01351","24.734017861563"
"53.34387","-2.01197","24.9221202025513"
"53.34338","-2.0115","24.9849069053321"
"53.33983","-2.00846","25.4282493404408"
"53.33954","-2.00826","25.4631226803407"
"53.33913","-2.00807","25.510425579696"
"53.33881","-2.00799","25.5464021868247"
"53.33837","-2.008","25.5953324591322"
"53.33771","-2.00795","25.6687961541312"
"53.33712","-2.00782","25.7349665125104"
"53.33678","-2.00771","25.7734717773361"
"53.33643","-2.0075","25.814812306895"
"53.33567","-2.00693","25.9074079789168"
"53.3352","-2.00629","25.9747657046936"
"53.33479","-2.00543","26.0478352081728"
"53.33462","-2.00484","26.0913327411072"
"53.33459","-2.00383","26.1584786721502"
"53.33517","-2.0013","26.3384216488151"
"53.3352","-2.0005","26.3916447901827"
"53.33505","-1.99956","26.4562493164549"
"53.33492","-1.99917","26.4859061548842"
"53.33459","-1.99854","26.5415507964412"
"53.33423","-1.99804","26.5935568782537"
"53.33415","-1.99799","26.6030518182812"
"53.33386","-1.99769","26.6409549123425"
"53.33371","-1.99761","26.6584596149896"
"53.33365","-1.99755","26.6662303293083"
"53.33344","-1.99746","26.6903338446108"
"53.33258","-1.9973","26.7865498487291"
"53.33257","-1.99729","26.7878449766017"
"53.33243","-1.99725","26.8036372321367"
"53.33232","-1.99724","26.8158866852215"
"53.33213","-1.99712","26.8384664527068"
"53.33167","-1.99664","26.8987342864875"
"53.33092","-1.99551","27.0109191116452"
"53.33049","-1.9947","27.0828866323159"
"53.33035","-1.99434","27.1114144624646"
"53.32998","-1.992","27.272158649255"
"53.32997","-1.99099","27.3392381619692"
"53.33007","-1.98996","27.4085344619188"
"53.33006","-1.98983","27.4172385719557"
"53.33019","-1.98842","27.5119802969621"
"53.33007","-1.98495","27.7427951033825"
"53.32977","-1.98491","27.7762591696741"
"53.32976","-1.9849","27.777554319974"
"53.32974","-1.9849","27.7797782185068"
"53.3297","-1.98487","27.7846517957614"
"53.32968","-1.98483","27.788116110922"
"53.32966","-1.98468","27.7983223526527"
"53.32977","-1.98447","27.8168718051185"
"53.32985","-1.98424","27.8345469621818"
"53.32988","-1.98393","27.8554014743848"
"53.32937","-1.9839","27.9121458692659"
"53.32931","-1.98388","27.9189484783105"
"53.3293","-1.98387","27.9202436322812"
"53.32921","-1.98385","27.9303389232402"
"53.32908","-1.98375","27.9462466717445"
"53.32886","-1.98342","27.9790899543343"
"53.32877","-1.98334","27.9904202280293"
"53.32866","-1.98332","28.0027235686752"
"53.32865","-1.98322","28.0094568471291"
"53.32861","-1.98316","28.0154283742433"
"53.32852","-1.98309","28.0264628798392"
"53.32824","-1.98294","28.0591521698958"
"53.328","-1.98286","28.0863626357371"
"53.32725","-1.98284","28.1697694067288"
"53.3271","-1.98289","28.1867759622397"
"53.32636","-1.98331","28.2736592288382"
"53.32636","-1.98332","28.2743233474448"
"53.32545","-1.9836","28.3772052208043"
"53.32494","-1.98357","28.4339496229478"
"53.32488","-1.98358","28.4406542933841"
"53.32452","-1.98372","28.4817501327748"
"53.32426","-1.98373","28.510668441265"
"53.3235","-1.98341","28.5978080864171"
"53.32348","-1.98341","28.6000319849499"
"53.32336","-1.98334","28.6141621190524"
"53.32276","-1.98283","28.6889853099183"
"53.32268","-1.98284","28.6979056643811"
"53.32263","-1.98269","28.7093146545814"
"53.32249","-1.98246","28.731125188382"
"53.32246","-1.98238","28.7373989788408"
"53.32206","-1.98182","28.7953791440425"
"53.32156","-1.98085","28.8804781196934"
"53.32152","-1.98071","28.8907858314511"
"53.32081","-1.9793","29.0132748922522"
"53.32066","-1.97927","29.0300727356235"
"53.32056","-1.97918","29.0426972388636"
"53.32048","-1.97914","29.0519811164603"
"53.32029","-1.97888","29.0792682442797"
"53.32026","-1.97887","29.0826695763534"
"53.32008","-1.97875","29.1042133419497"
"53.31998","-1.97872","29.1155099687336"
"53.31973","-1.97869","29.1433800274729"
"53.31935","-1.9787","29.1856393200092"
"53.31894","-1.97879","29.2316195137583"
"53.31818","-1.97914","29.3192671866649"
"53.31766","-1.97929","29.3779407428264"
"53.31745","-1.97927","29.4013294385734"
"53.31728","-1.97922","29.4205221349973"
"53.31573","-1.97811","29.6079841041381"
"53.31508","-1.97755","29.6892723312455"
"53.31488","-1.97742","29.7131292019194"
"53.31387","-1.97709","29.8275556478157"
"53.31372","-1.97682","29.8520487983422"
"53.31206","-1.97462","30.087487893811"
"53.31178","-1.9743","30.1251881136703"
"53.31082","-1.9737","30.239134870302"
"53.3104","-1.97337","30.2907267932154"
"53.30855","-1.97219","30.5108698087459"
"53.30806","-1.97183","30.5703740978996"
"53.30805","-1.97183","30.5714860471656"
"53.30735","-1.9714","30.6544000634687"
"53.30708","-1.97109","30.6908087324725"
"53.30669","-1.97046","30.7510810435933"
"53.30652","-1.97009","30.7820921719093"
"53.30644","-1.96979","30.8039199000709"
"53.30643","-1.96957","30.8185795637146"
"53.30653","-1.96873","30.8754884135679"
"53.30652","-1.96863","30.8822250890157"
"53.30646","-1.96848","30.8942184624389"
"53.30638","-1.96836","30.9061642848513"
"53.30632","-1.96831","30.9136173515931"
"53.30593","-1.96814","30.958430264871"
"53.30545","-1.96798","31.0128522873695"
"53.30385","-1.96724","31.1974337199326"
"53.30373","-1.96715","31.2120559367756"
"53.29956","-1.96286","31.7563607813432"
"53.29923","-1.9626","31.7969194135465"
"53.29895","-1.96243","31.8300402448738"
"53.29864","-1.96232","31.8652772538201"
"53.29799","-1.96222","31.9378588289009"
"53.29774","-1.96214","31.9661613838592"
"53.29752","-1.96201","31.9921049983103"
"53.29726","-1.96191","32.0217696696848"
"53.29695","-1.96185","32.0564699587303"
"53.29645","-1.96184","32.1120713939162"
"53.2962","-1.96176","32.140373984884"
"53.29583","-1.96156","32.1836099267867"
"53.29551","-1.9615","32.2194150422318"
"53.29517","-1.96158","32.2575933464257"
"53.29471","-1.96189","32.3127364798329"
"53.29438","-1.962","32.3501519929886"
"53.2939","-1.96211","32.4040239291991"
"53.29355","-1.96211","32.4429421535244"
"53.29334","-1.96204","32.4667520489418"
"53.29315","-1.96187","32.4907106385756"
"53.29309","-1.96178","32.4996712486368"
"53.29278","-1.96109","32.5570415968682"
"53.2927","-1.96096","32.5694426907819"
"53.29137","-1.95961","32.7424235201168"
"53.29121","-1.95937","32.7663189364512"
"53.29112","-1.95931","32.7770918214783"
"53.29092","-1.95926","32.7995777521024"
"53.29083","-1.95921","32.810122684886"
"53.29082","-1.95921","32.8112346341528"
"53.29071","-1.95911","32.8251553787234"
"53.28999","-1.95808","32.9304962343857"
"53.28963","-1.95767","32.9789224285307"
"53.28897","-1.95705","33.0630904140605"
"53.28869","-1.95667","33.1031823581057"
"53.2882","-1.95587","33.1793166580632"
"53.28794","-1.95536","33.2238707503624"
"53.28716","-1.95422","33.3390437018546"
"53.28691","-1.95406","33.368807561874"
"53.28631","-1.95385","33.4369692763319"
"53.28629","-1.95385","33.4391931748647"
"53.28527","-1.95334","33.5575705070219"
"53.28516","-1.9529","33.589274371569"
"53.28515","-1.95289","33.5905698779482"
"53.28484","-1.95219","33.6484798430076"
"53.28267","-1.94935","33.9548570316553"
"53.28256","-1.94925","33.9687783816719"
"53.28239","-1.94915","33.9888164632313"
"53.28221","-1.94908","34.0093654283597"
"53.28176","-1.94883","34.062091182095"
"53.28108","-1.94854","34.140123004599"
"53.28092","-1.94843","34.1593585799077"
"53.28075","-1.94825","34.1817312189275"
"53.27973","-1.94666","34.3367738444227"
"53.27953","-1.94629","34.3699355346097"
"53.27925","-1.9456","34.4253777781021"
"53.27868","-1.94496","34.5017173791043"
"53.27746","-1.94335","34.6745221114328"
"53.27717","-1.94318","34.7086922182774"
"53.27711","-1.94316","34.7154951446871"
"53.277","-1.94308","34.7288330925607"
"53.27699","-1.94308","34.7299450418275"
"53.27651","-1.94264","34.7908104939017"
"53.27634","-1.94254","34.8108488877228"
"53.27632","-1.9425","34.8143157501485"
"53.27616","-1.94234","34.8350449909141"
"53.27591","-1.94222","34.8639661087037"
"53.27583","-1.94216","34.8737153194871"
"53.27579","-1.9421","34.8796901382591"
"53.27579","-1.94209","34.880355043756"
"53.27521","-1.94102","34.9763811769322"
"53.27504","-1.9408","35.0002832968626"
"53.27455","-1.9403","35.0641109632555"
"53.2742","-1.93986","35.1127996594303"
"53.27407","-1.93974","35.1293109918966"
"53.27406","-1.93972","35.1310444771672"
"53.27399","-1.93968","35.1392700045467"
"53.27346","-1.93961","35.1983868390314"
"53.27334","-1.93955","35.2123139149621"
"53.27123","-1.93799","35.4688443140887"
"53.26986","-1.93676","35.6417510483117"
"53.26985","-1.93674","35.6434846340588"
"53.26981","-1.93674","35.6479324311244"
"53.26968","-1.9364","35.6747683815941"
"53.26961","-1.9363","35.6850059482523"
"53.26814","-1.93488","35.8737794004128"
"53.26787","-1.93454","35.9113641220999"
"53.26787","-1.93453","35.9120291507884"
"53.26755","-1.93413","35.9564558529587"
"53.26754","-1.9341","35.9587398976368"
"53.26617","-1.93256","36.1423040217209"
"53.2631","-1.92838","36.582551772884"
"53.26295","-1.92813","36.6061032936779"
"53.26278","-1.92775","36.6376644426132"
"53.26256","-1.92712","36.6861845634694"
"53.26222","-1.92578","36.7829968939773"
"53.26214","-1.92515","36.8258331084597"
"53.26182","-1.92053","37.1351719699746"
"53.26182","-1.92008","37.165102495285"
"53.26178","-1.91982","37.1829585217714"
"53.26172","-1.91962","37.1978403035507"
"53.26164","-1.91947","37.2112070390663"
"53.26064","-1.91819","37.3512521475798"
"53.26054","-1.9181","37.3638806325307"
"53.25939","-1.91669","37.5224608563535"
"53.25935","-1.91656","37.5321848005546"
"53.25933","-1.91634","37.5469863715589"
"53.25934","-1.91616","37.55901080102"
"53.25927","-1.91602","37.571147663721"
"53.2591","-1.91601","37.5900625005248"
"53.25881","-1.91622","37.6252044697808"
"53.2587","-1.91626","37.6377219535292"
"53.25859","-1.91626","37.64995339546"
"53.25852","-1.91622","37.6581792340968"
"53.2582","-1.91577","37.7046774794598"
"53.25809","-1.91557","37.7227493889331"
"53.25796","-1.91522","37.7501533802292"
"53.25789","-1.9151","37.7613024003352"
"53.25776","-1.91499","37.777504124178"
"53.25751","-1.91483","37.8072705995645"
"53.25679","-1.9145","37.8902858107454"
"53.25671","-1.9145","37.8991814048774"
"53.25655","-1.91453","37.9170841655884"
"53.25631","-1.91463","37.9445875169825"
"53.25596","-1.91485","37.9861663704789"
"53.25591","-1.9149","37.9926450687394"
"53.25584","-1.91476","38.0047825044393"
"53.25547","-1.91506","38.050509286028"
"53.25524","-1.91519","38.0775066622009"
"53.2552","-1.91523","38.0826896436428"
"53.25498","-1.91535","38.108422048411"
"53.2547","-1.91541","38.1398114290436"
"53.2545","-1.91541","38.1620504143725"
"53.25439","-1.91548","38.1751382971636"
"53.25429","-1.91547","38.1862776714817"
"53.2542","-1.91543","38.1966329428697"
"53.25411","-1.91528","38.2107653162749"
"53.25394","-1.91513","38.232140588597"
"53.25334","-1.91479","38.3025873681817"
"53.25323","-1.9147","38.3162055886568"
"53.25309","-1.91451","38.3362582037843"
"53.25261","-1.91341","38.4268334854972"
"53.25201","-1.91229","38.5268481815245"
"53.25157","-1.91177","38.5867690450715"
"53.25126","-1.91153","38.6247578595607"
"53.25097","-1.91137","38.6587158737012"
"53.24958","-1.91088","38.8166773706666"
"53.24928","-1.9107","38.8521203520047"
"53.24881","-1.91028","38.9113834577431"
"53.24848","-1.90993","38.954843015491"
"53.24824","-1.90961","38.9889820717844"
"53.24785","-1.90894","39.0511734889174"
"53.24772","-1.90863","39.0763602136503"
"53.24763","-1.90833","39.0986887560842"
"53.24762","-1.90737","39.1625714132078"
"53.24775","-1.90611","39.2476417184121"
"53.24774","-1.90585","39.2649763021912"
"53.24767","-1.9055","39.2895296841977"
"53.24752","-1.90508","39.3220733346218"
"53.24741","-1.90486","39.3411486555711"
"53.24687","-1.90408","39.4205134571514"
"53.2451","-1.90227","39.6512513373886"
"53.24476","-1.90186","39.6978727556593"
"53.24304","-1.89917","39.9598213583741"
"53.24296","-1.89911","39.9695718246574"
"53.24225","-1.89806","40.0749974570593"
"53.2422","-1.89795","40.0841892372672"
"53.24196","-1.89759","40.1200507618721"
"53.2419","-1.89743","40.1326153265538"
"53.23916","-1.8934","40.5385040964819"
"53.23916","-1.89339","40.5391695716335"
"53.23702","-1.8903","40.8536694320166"
"53.23701","-1.89027","40.8559547208954"
"53.23547","-1.88809","41.0803927252939"
"53.23139","-1.88161","41.7063548399679"
"53.23139","-1.8816","41.7070204359203"
"53.22727","-1.87499","42.342204861382"
"53.22565","-1.87273","42.5768997629824"
"53.22559","-1.87269","42.584083196726"
"53.22496","-1.8717","42.6802635212338"
"53.22495","-1.87167","42.68254930152"
"53.22492","-1.87168","42.6859509235015"
"53.22439","-1.8703","42.7950958908229"
"53.22421","-1.86966","42.842168242939"
"53.22415","-1.86925","42.8702658507957"
"53.22406","-1.86741","42.9931644750184"
"53.22407","-1.86729","43.0012300096663"
"53.22402","-1.86658","43.048821297367"
"53.22377","-1.86527","43.1403530560155"
"53.22228","-1.86078","43.4821099522341"
"53.22211","-1.86042","43.5126341480403"
"53.22189","-1.86006","43.5468808389543"
"53.22189","-1.86005","43.5475465825875"
"53.22168","-1.85976","43.5778452861941"
"53.22105","-1.85908","43.6612531383681"
"53.22037","-1.85809","43.7615598841596"
"53.22034","-1.85799","43.7690065287792"
"53.21896","-1.85618","43.9641174385478"
"53.21198","-1.84778","44.9207888455043"
"53.21196","-1.84777","44.9231102986258"
"53.20833","-1.8435","45.4168495977866"
"53.20797","-1.84275","45.4808581642613"
"53.2062","-1.836","45.9715876427096"
"53.20597","-1.83473","46.0599502855648"
"53.20555","-1.83129","46.2937639183172"
"53.20543","-1.82703","46.5777928961827"
"53.2053","-1.82532","46.6925927063484"
"53.20516","-1.82466","46.7392240840062"
"53.20491","-1.82414","46.7836331494439"
"53.20409","-1.82299","46.9027131078453"
"53.20401","-1.82291","46.9130823393377"
"53.2032","-1.82183","47.0283485289039"
"53.20313","-1.82177","47.0370980892207"
"53.20259","-1.82079","47.1257877122605"
"53.20259","-1.82078","47.1264537558623"
"53.19999","-1.81658","47.5287484462787"
"53.19646","-1.8116","48.0426656848536"
"53.19642","-1.81152","48.0496070354497"
"53.19542","-1.81018","48.1921984991631"
"53.195","-1.80977","48.2463005941176"
"53.19495","-1.80969","48.2540020335757"
"53.18805","-1.80213","49.1717915050091"
"53.1876","-1.80158","49.2338127141665"
"53.18759","-1.80158","49.2349246634333"
"53.18661","-1.80053","49.3644200910643"
"53.18658","-1.80051","49.3680122577412"
"53.18654","-1.80045","49.373992638403"
"53.18653","-1.80045","49.3751045876698"
"53.18413","-1.79782","49.6943654437319"
"53.18412","-1.79782","49.6954773929987"
"53.18359","-1.79721","49.7670683591414"
"53.18346","-1.79711","49.7829855745603"
"53.18234","-1.79586","49.9328109132528"
"53.18231","-1.79584","49.9364031291537"
"53.18208","-1.79559","49.9669251669808"
"53.18211","-1.7955","49.9737877459887"
"53.18114","-1.79444","50.1027175937897"
"53.18114","-1.79443","50.1033839706878"
"53.17877","-1.79179","50.4202433886486"
"53.17838","-1.79125","50.4765962085214"
"53.17838","-1.79124","50.4772626282983"
"53.17823","-1.79096","50.5022903058009"
"53.17823","-1.79095","50.5029567279081"
"53.17556","-1.78524","50.9856095739215"
"53.17537","-1.78498","51.0129338197816"
"53.1753","-1.78491","51.0220085025622"
"53.17529","-1.78489","51.023744344712"
"53.16999","-1.78035","51.686222485638"
"53.16998","-1.78035","51.6873344349041"
"53.16888","-1.77942","51.8244605574694"
"53.16888","-1.77941","51.8251271248248"
"53.16872","-1.77928","51.8449163995575"
"53.16872","-1.77927","51.8455829693983"
"53.1676","-1.77834","51.9846972260215"
"53.1676","-1.77833","51.9853638132598"
"53.1668","-1.77766","52.0849019085494"
"53.1668","-1.77765","52.0855685082143"
"53.16616","-1.77711","52.1653192506008"
"53.16616","-1.7771","52.165985860207"
"53.165","-1.77618","52.308809714515"
"53.16386","-1.77549","52.4436595119441"
"53.1638","-1.77547","52.4504631277942"
"53.15743","-1.77193","53.1970596027361"
"53.15835","-1.76918","53.4070202264496"
"53.158","-1.7689","53.4501843624056"
"53.15776","-1.76864","53.4820072046659"
"53.15766","-1.76847","53.4978853704836"
"53.15524","-1.76306","53.9479158021097"
"53.15519","-1.76299","53.9551749987743"
"53.15518","-1.76296","53.957463621093"
"53.15493","-1.76266","53.9917113655431"
"53.15489","-1.76263","53.9965882816737"
"53.15488","-1.76261","53.9983246107522"
"53.15207","-1.76036","54.3449357617128"
"53.15206","-1.76036","54.3460477109796"
"53.14997","-1.75869","54.6037496455442"
"53.14991","-1.75866","54.6107148347606"
"53.14989","-1.75864","54.6133080075616"
"53.14983","-1.75863","54.6200129481363"
"53.14978","-1.75859","54.6261794781761"
"53.14972","-1.7585","54.6351534900313"
"53.14869","-1.75766","54.7626495261051"
"53.14846","-1.75737","54.7947134026412"
"53.14828","-1.75701","54.8259701236694"
"53.14468","-1.74686","55.6123929057663"
"53.14468","-1.74684","55.6137267921854"
"53.14459","-1.74659","55.6331731230832"
"53.14458","-1.74658","55.634469751937"
"53.1445","-1.74633","55.6533679445845"
"53.14449","-1.74632","55.6546645741571"
"53.14403","-1.74492","55.7611295846932"
"53.14396","-1.74479","55.772781235377"
"53.14257","-1.74091","56.0742069545152"
"53.14208","-1.73987","56.1624129572096"
"53.14208","-1.73986","56.1630799407931"
"53.13976","-1.735","56.5773638728368"
"53.13975","-1.735","56.5784758221036"
"53.13873","-1.73283","56.7623642311751"
"53.1385","-1.73243","56.7993233206036"
"53.1383","-1.73219","56.8267251421935"
"53.13813","-1.73207","56.8472531961641"
"53.13784","-1.73194","56.8806453433026"
"53.13782","-1.73194","56.8828692418354"
"53.13695","-1.73166","56.9813953784139"
"53.13694","-1.73165","56.9826920682922"
"53.13571","-1.73127","57.1217910525624"
"53.1357","-1.73126","57.1230877523461"
"53.13499","-1.73104","57.2033886411034"
"53.13491","-1.731","57.2126758275298"
"53.13487","-1.73096","57.2178626527034"
"53.13485","-1.7309","57.2224415526266"
"53.13482","-1.73088","57.226034316084"
"53.1347","-1.73074","57.2423214201961"
"53.13468","-1.73074","57.2445453187289"
"53.13467","-1.73075","57.24584202674"
"53.13466","-1.73078","57.2481314846417"
"53.13318","-1.729","57.4510682069281"
"53.1321","-1.72724","57.6190205628241"
"53.13138","-1.72536","57.7678177822034"
"53.13104","-1.72464","57.8289461126879"
"53.13088","-1.72418","57.8644193785773"
"53.12999","-1.72036","58.137816085358"
"53.12881","-1.71282","58.6577001732352"
"53.12873","-1.70604","59.1101426172986"
"53.12919","-1.70245","59.3550634888011"
"53.12919","-1.70227","59.3670727958467"
"53.12995","-1.69691","59.7345297559853"
"53.13217","-1.67603","61.1492517011106"
"53.13346","-1.66869","61.6595003377885"
"53.13388","-1.6636","62.0022579971702"
"53.13504","-1.65511","62.5831296223466"
"53.13588","-1.65077","62.8873392137634"
"53.13651","-1.64829","63.0669944368324"
"53.13684","-1.6473","63.1425438467863"
"53.13678","-1.64718","63.1529644084106"
"53.13625","-1.64657","63.2245808491711"
"53.13617","-1.64643","63.237478499319"
"53.13615","-1.64633","63.2445101917076"
"53.13597","-1.64631","63.2645696948587"
"53.13529","-1.64615","63.340931844628"
"53.13528","-1.64587","63.359643407672"
"53.13488","-1.64264","63.5796569474729"
"53.13471","-1.64061","63.7163905414041"
"53.13456","-1.63518","64.0790091963894"
"53.1346","-1.63397","64.1598507498531"
"53.13455","-1.62964","64.4487586012061"
"53.13423","-1.62669","64.6487449202565"
"53.13435","-1.62387","64.8373410233598"
"53.13428","-1.62246","64.9317242095547"
"53.13374","-1.61791","65.2411408429508"
"53.13357","-1.61728","65.2872244497418"
"53.13331","-1.61577","65.3920258003918"
"53.1332","-1.61432","65.4895285313313"
"53.13294","-1.60723","65.9634018138365"
"53.13275","-1.60612","66.0404077632791"
"53.13277","-1.60571","66.0678502825145"
"53.13281","-1.60555","66.0794139385916"
"53.13282","-1.60521","66.1021235106867"
"53.13276","-1.60484","66.1276929854016"
"53.13268","-1.60461","66.1454290746144"
"53.13266","-1.60459","66.1480225226671"
"53.13258","-1.60443","66.1619174044462"
"53.13212","-1.60381","66.2276983460748"
"53.13171","-1.60303","66.2968813883864"
"53.13124","-1.60175","66.3969992107069"
"53.12955","-1.59804","66.707770799483"
"53.12915","-1.59667","66.809421918546"
"53.12905","-1.59655","66.8231238417418"
"53.12857","-1.59579","66.8967436595978"
"53.12847","-1.59558","66.9146309004804"
"53.12837","-1.59545","66.9287331513549"
"53.12826","-1.59535","66.942665968611"
"53.12799","-1.5952","66.9743127451552"
"53.12761","-1.59505","67.0177358757188"
"53.12736","-1.59483","67.0491720251859"
"53.12736","-1.59482","67.0498392373221"
"53.12619","-1.5935","67.2069455548391"
"53.12561","-1.59302","67.2789531969152"
"53.12512","-1.59255","67.3418193051698"
"53.12502","-1.59249","67.3536375545458"
"53.12495","-1.59242","67.3627150524433"
"53.12479","-1.59235","67.3811091367437"
"53.12442","-1.5923","67.4223863096248"
"53.12429","-1.59223","67.4375775356506"
"53.12421","-1.59216","67.4476248328892"
"53.12384","-1.59044","67.5695456588071"
"53.1237","-1.59006","67.5992992523147"
"53.12347","-1.58892","67.679552253843"
"53.12347","-1.58878","67.6888940692295"
"53.12357","-1.58816","67.7317331895501"
"53.12357","-1.58805","67.7390731702769"
"53.12348","-1.58762","67.7694610119838"
"53.1231","-1.58645","67.8582333097977"
"53.12273","-1.58558","67.9293872164543"
"53.12231","-1.58499","67.9904695992747"
"53.12186","-1.5845","68.0502432855641"
"53.12118","-1.58432","68.126803932609"
"53.12099","-1.58462","68.1559093185026"
"53.12095","-1.58465","68.1607868833185"
"53.12053","-1.58481","68.2086937068175"
"53.12047","-1.58482","68.215398692748"
"53.12022","-1.58478","68.2433252850905"
"53.11982","-1.58466","68.2885183879375"
"53.11934","-1.58445","68.3437010787799"
"53.11932","-1.58443","68.346294739954"
"53.11892","-1.58425","68.3923662162194"
"53.11878","-1.58421","68.4081607115605"
"53.11857","-1.58419","68.4315497593046"
"53.11824","-1.58421","68.4682683509937"
"53.11817","-1.58416","68.4767370681409"
"53.1181","-1.58405","68.4874363237087"
"53.11805","-1.58389","68.4994747649032"
"53.11803","-1.58386","68.5024670902257"
"53.11778","-1.58279","68.5790946756997"
"53.1174","-1.58176","68.6597816273578"
"53.1174","-1.58174","68.6611163608717"
"53.11724","-1.58145","68.6874049705406"
"53.11657","-1.58072","68.7764207871839"
"53.11654","-1.5807","68.7800137614569"
"53.11635","-1.58047","68.8061282648509"
"53.11627","-1.58032","68.819520307777"
"53.11616","-1.58018","68.8349120961102"
"53.1158","-1.57985","68.8806008682837"
"53.1156","-1.57971","68.9047229232599"
"53.11547","-1.57955","68.9226946685179"
"53.11507","-1.57931","68.9699689029993"
"53.11437","-1.57809","69.0826114844408"
"53.11424","-1.57778","69.107850880734"
"53.11397","-1.5773","69.1517560903004"
"53.11387","-1.57719","69.1650806025515"
"53.11387","-1.57718","69.1657480241039"
"53.11362","-1.57693","69.198169904156"
"53.11358","-1.57691","69.202813687875"
"53.11356","-1.57674","69.214375824913"
"53.1134","-1.57627","69.2504389176406"
"53.11335","-1.57602","69.2680265381431"
"53.11334","-1.57601","69.2693234165402"
"53.11307","-1.57477","69.3573622312266"
"53.11301","-1.57461","69.3699539553379"
"53.11287","-1.57437","69.3922907341878"
"53.11273","-1.5742","69.4115542335742"
"53.11262","-1.57414","69.4244245606143"
"53.11262","-1.57413","69.4250920015696"
"53.11161","-1.57371","69.5408446474111"
"53.11155","-1.57367","69.5480307107149"
"53.1115","-1.57366","69.5536303785085"
"53.11124","-1.57352","69.584013698344"
"53.11106","-1.57337","69.6063932196576"
"53.11087","-1.57308","69.6350467885506"
"53.1108","-1.57287","69.6510797852868"
"53.11078","-1.57257","69.6712269820458"
"53.11097","-1.57148","69.7469864604519"
"53.11109","-1.57116","69.7721707553983"
"53.11133","-1.57071","69.8123495471917"
"53.1115","-1.57031","69.8450624260547"
"53.11155","-1.57005","69.8632851826743"
"53.11156","-1.56976","69.882673362252"
"53.11151","-1.5692","69.9204622296396"
"53.1114","-1.56871","69.9553800966519"
"53.11126","-1.56837","69.9828999679522"
"53.1107","-1.56729","70.0781569532231"
"53.11048","-1.56667","70.1262299145617"
"53.11027","-1.56574","70.1925518774302"
"53.10989","-1.56443","70.2896659750351"
"53.10977","-1.56417","70.3115572497896"
"53.10946","-1.56367","70.3595370329384"
"53.10885","-1.55989","70.620808187027"
"53.10881","-1.55978","70.6293927761215"
"53.10874","-1.55966","70.6405617218985"
"53.10908","-1.559","70.6986147061079"
"53.10914","-1.55892","70.707160274099"
"53.10901","-1.5585","70.7387024462896"
"53.10762","-1.55534","71.0002011808979"
"53.10729","-1.5543","71.0787245212304"
"53.10715","-1.55365","71.1248217596789"
"53.10711","-1.55355","71.1328431072822"
"53.10689","-1.55259","71.2014362985346"
"53.10639","-1.55102","71.3200731619204"
"53.10578","-1.54866","71.4915946274631"
"53.1053","-1.54726","71.5992188368151"
"53.10476","-1.54629","71.6875274445752"
"53.10473","-1.5462","71.6943994726421"
"53.1042","-1.54524","71.7814638882884"
"53.1037","-1.54418","71.8714554484286"
"53.10292","-1.54205","72.0380149425136"
"53.10258","-1.54127","72.1023643279585"
"53.10225","-1.54071","72.1547490003862"
"53.10215","-1.54059","72.1684538520408"
"53.10199","-1.54031","72.1942598992938"
"53.10164","-1.53937","72.2681032814044"
"53.10058","-1.5357","72.5399958593623"
"53.10025","-1.53484","72.608136119908"
"53.09945","-1.5334","72.7391172884749"
"53.09927","-1.53317","72.764344389227"
"53.09902","-1.53297","72.7951838468007"
"53.09873","-1.5328","72.829369573426"
"53.09842","-1.53267","72.8649159547647"
"53.09842","-1.53266","72.8655836161145"
"53.09695","-1.53185","73.0377546040629"
"53.09689","-1.53178","73.0459005145434"
"53.09604","-1.53127","73.1463633072783"
"53.09535","-1.5306","73.2351775593444"
"53.09512","-1.5303","73.2676633409119"
"53.09473","-1.52952","73.335435956027"
"53.0946","-1.52917","73.3629154483779"
"53.09445","-1.5286","73.4044698879819"
"53.09436","-1.52787","73.4542304305856"
"53.09436","-1.52734","73.489619821482"
"53.09444","-1.52632","73.5583061147524"
"53.0946","-1.52551","73.6152426112661"
"53.09483","-1.52474","73.6726665401151"
"53.0951","-1.52355","73.7576073723863"
"53.09523","-1.52229","73.8429718787722"
"53.0953","-1.52059","73.9567491884237"
"53.09525","-1.51985","74.0064715515092"
"53.0951","-1.51879","74.0791877339474"
"53.09494","-1.51817","74.1242470677191"
"53.09466","-1.51748","74.1798531659997"
"53.09459","-1.51738","74.190108416354"
"53.09363","-1.51541","74.3595143463441"
"53.09328","-1.51414","74.4528210403793"
"53.09318","-1.51364","74.4880111128982"
"53.09314","-1.51353","74.4965979901928"
"53.09243","-1.51037","74.721892214025"
"53.09236","-1.51019","74.7362119768102"
"53.09227","-1.51003","74.7508509953376"
"53.09219","-1.50994","74.7615864269377"
"53.09212","-1.50982","74.7727575927379"
"53.09191","-1.50958","74.8010790879228"
"53.09177","-1.50946","74.8185876934517"
"53.09149","-1.50932","74.8510955519996"
"53.09072","-1.50911","74.9378564451359"
"53.09044","-1.50895","74.9707733280661"
"53.09029","-1.50883","74.9892777106136"
"53.09008","-1.50873","75.0135647520272"
"53.0895","-1.50856","75.0790493621448"
"53.08892","-1.50832","75.1455040752024"
"53.08833","-1.50817","75.2118694367108"
"53.08792","-1.50818","75.257464247641"
"53.08758","-1.50823","75.2954176961534"
"53.08706","-1.50824","75.3532429146011"
"53.08696","-1.50821","75.3645414627566"
"53.08628","-1.50813","75.4403425364552"
"53.08613","-1.50814","75.4570351407564"
"53.0861","-1.50802","75.4657159082601"
"53.08581","-1.50799","75.4980246204756"
"53.0857","-1.50794","75.5107036987381"
"53.08561","-1.50784","75.5227350971457"
"53.08555","-1.50771","75.533684613453"
"53.08552","-1.50755","75.5448789777293"
"53.08553","-1.50656","75.6110066111903"
"53.08548","-1.5063","75.6292393666286"
"53.08546","-1.50627","75.6322327067769"
"53.08549","-1.50621","75.6374466610389"
"53.08553","-1.50606","75.6484075791652"
"53.08549","-1.50581","75.665686393343"
"53.08515","-1.50538","75.713163211444"
"53.08506","-1.50496","75.7429454030867"
"53.08443","-1.50312","75.8843987041872"
"53.08384","-1.50011","76.0958654851188"
"53.08326","-1.49832","76.2317043570824"
"53.08223","-1.4961","76.4190615566381"
"53.08158","-1.49439","76.5542234586472"
"53.08038","-1.49196","76.7643384835488"
"53.08033","-1.4918","76.7763852331236"
"53.0803","-1.49123","76.8146038042971"
"53.0801","-1.48978","76.9139761410454"
"53.07997","-1.48917","76.9572091273561"
"53.07903","-1.48612","77.1861840022016"
"53.07893","-1.48554","77.2264900116561"
"53.07895","-1.48468","77.2839779150524"
"53.07899","-1.48441","77.3025532836178"
"53.07891","-1.48439","77.3115486321795"
"53.07623","-1.48452","77.6096775319515"
"53.07621","-1.4845","77.6122718819337"
"53.07526","-1.48285","77.7649405604477"
"53.07519","-1.48268","77.7787083516333"
"53.07518","-1.48268","77.7798203008993"
"53.07514","-1.48254","77.7901763926019"
"53.07509","-1.48217","77.8155108247291"
"53.07511","-1.48166","77.8496525145615"
"53.07504","-1.48143","77.8668761697345"
"53.07477","-1.48103","77.9070678702955"
"53.07349","-1.47968","78.0755643158212"
"53.07275","-1.47856","78.1867804777289"
"53.07206","-1.47735","78.2982304045147"
"53.0718","-1.47663","78.3543512922363"
"53.07142","-1.47509","78.4655740682848"
"53.07134","-1.47451","78.5053307384186"
"53.0713","-1.47227","78.6550471548882"
"53.07116","-1.47225","78.670671682095"
"53.07078","-1.47208","78.7144255281855"
"53.07077","-1.47207","78.7157227466804"
"53.07054","-1.47205","78.7413324612065"
"53.07035","-1.47051","78.8463659019706"
"53.07039","-1.47029","78.8617222613764"
"53.07005","-1.47001","78.9039035091247"
"53.06948","-1.46978","78.9691207788622"
"53.06929","-1.46965","78.9919634750396"
"53.06907","-1.46956","79.0171545306318"
"53.06855","-1.46952","79.075037620157"
"53.06828","-1.46958","79.1053267022238"
"53.06815","-1.46955","79.1199203462993"
"53.06802","-1.46944","79.1361367367168"
"53.0677","-1.46904","79.1806379012644"
"53.06766","-1.46893","79.189228498731"
"53.0676","-1.46852","79.2174229392326"
"53.06747","-1.46821","79.242680782045"
"53.06743","-1.46817","79.247869762291"
"53.06737","-1.46807","79.2573118480599"
"53.06631","-1.46693","79.3976482148392"
"53.06631","-1.46692","79.3983163744089"
"53.06599","-1.46641","79.4475839837576"
"53.06558","-1.4659","79.5045019272445"
"53.06586","-1.46507","79.5681018662326"
"53.0661","-1.46382","79.6557823809361"
"53.06615","-1.46184","79.7881953165981"
"53.06605","-1.46099","79.8460674464712"
"53.06564","-1.45927","79.969704513766"
"53.06553","-1.45897","79.9931867450823"
"53.06508","-1.45728","80.1166981264389"
"53.06501","-1.45689","80.143894744074"
"53.06525","-1.45111","80.5310224820887"
"53.06516","-1.45042","80.5782003110292"
"53.06414","-1.44677","80.8471705915645"
"53.06401","-1.4465","80.8702886228499"
"53.06378","-1.44618","80.9036244152999"
"53.0636","-1.44598","80.9276909960502"
"53.0635","-1.44583","80.9426611117149"
"53.0634","-1.44555","80.9644256786186"
"53.06299","-1.44374","81.0936784766308"
"53.06259","-1.44246","81.1900834178263"
"53.0621","-1.44129","81.285378094486"
"53.06205","-1.44108","81.3004720769311"
"53.06185","-1.44055","81.3422915518665"
"53.0618","-1.4405","81.3487780018932"
"53.06101","-1.43806","81.5339852007625"
"53.06054","-1.43584","81.6912720183063"
"53.06028","-1.43361","81.8430705225867"
"53.06015","-1.42986","82.0940823908693"
"53.06027","-1.42671","82.3050049500918"
"53.06021","-1.42541","82.3921337455152"
"53.06006","-1.42417","82.4766593858386"
"53.05967","-1.42248","82.5976350899898"
"53.0592","-1.42119","82.6984458523874"
"53.05919","-1.421","82.7111915776091"
"53.05859","-1.41905","82.8575909500222"
"53.0586","-1.41877","82.876335778531"
"53.05874","-1.41831","82.9107935321764"
"53.05869","-1.41826","82.9172801064499"
"53.05869","-1.41813","82.9259677174736"
"53.05868","-1.4181","82.9282602681746"
"53.05868","-1.41804","82.9322699357317"
"53.0586","-1.41762","82.9617135652592"
"53.05826","-1.41638","83.0527972893289"
"53.05809","-1.416","83.0844552656483"
"53.05796","-1.41584","83.1024354982157"
"53.05783","-1.41546","83.1316564514235"
"53.05776","-1.41508","83.1582176140394"
"53.05834","-1.40772","83.6542875323396"
"53.05837","-1.40676","83.7185293649632"
"53.05834","-1.40592","83.7747641626439"
"53.05815","-1.40435","83.8817908117927"
"53.05776","-1.40278","83.9953210367595"
"53.05759","-1.40229","84.033131804504"
"53.05562","-1.39776","84.4068146616336"
"53.05553","-1.39764","84.4196392446753"
"53.05547","-1.39752","84.4300714424973"
"53.05551","-1.3974","84.4392421653603"
"53.05551","-1.39725","84.4492670717957"
"53.05545","-1.39709","84.4618709174284"
"53.05541","-1.39704","84.4674341420214"
"53.05531","-1.39698","84.4792545916289"
"53.05512","-1.39663","84.5107747280622"
"53.05437","-1.39488","84.6544215430383"
"53.05432","-1.39488","84.6599812893707"
"53.05411","-1.39438","84.7007487523122"
"53.05407","-1.39413","84.7180393419646"
"53.05406","-1.39416","84.7203320806673"
"53.05404","-1.39418","84.7229267849257"
"53.05403","-1.39421","84.7252195248491"
"53.05389","-1.39433","84.7427313590303"
"53.05383","-1.39433","84.7494030546295"
"53.05374","-1.39427","84.7601841497592"
"53.05361","-1.39428","84.7746549329816"
"53.05351","-1.39432","84.7860912934895"
"53.0535","-1.39433","84.7873886499739"
"53.05346","-1.39433","84.7918364470395"
"53.05343","-1.39423","84.7993062711661"
"53.05283","-1.39464","84.8714316653273"
"53.05258","-1.39463","84.8992384307133"
"53.05256","-1.39462","84.9015605949506"
"53.05256","-1.39461","84.9022289678016"
"53.05255","-1.39461","84.9033409170684"
"53.05254","-1.3946","84.9046382812228"
"53.05253","-1.3946","84.9057502304896"
"53.05252","-1.39459","84.9070475948038"
"53.05246","-1.39459","84.9137192904022"
"53.05234","-1.39451","84.9280941478312"
"53.05232","-1.39451","84.9303180463641"
"53.05219","-1.39439","84.9468494039941"
"53.05052","-1.39238","85.1760477124937"
"53.04972","-1.39168","85.2765581422676"
"53.04874","-1.39051","85.4106879719236"
"53.04845","-1.39007","85.4543325830387"
"53.04814","-1.38938","85.511912753906"
"53.04797","-1.38869","85.5617586967832"
"53.04767","-1.3862","85.7315117780752"
"53.04764","-1.38294","85.9494516587794"
"53.04762","-1.3828","85.959070563263"
"53.04765","-1.37808","86.2745962365426"
"53.04761","-1.37785","86.2906010186576"
"53.04755","-1.37768","86.3037784272617"
"53.04751","-1.37762","86.3097674718255"
"53.04751","-1.37761","86.3104359229993"
"53.0474","-1.37746","86.3262518800336"
"53.04661","-1.37685","86.4230984032642"
"53.04627","-1.37665","86.4631989530945"
"53.04627","-1.37664","86.4638674234991"
"53.04589","-1.37644","86.5081861470783"
"53.04511","-1.37612","86.5975172208434"
"53.0451","-1.37611","86.5988146444478"
"53.04329","-1.3754","86.8055984031178"
"53.04186","-1.37474","86.97061538719"
"53.04173","-1.37464","86.9865418247977"
"53.04147","-1.37453","87.0163731566952"
"53.04136","-1.37425","87.0387342746732"
"53.04074","-1.37346","87.1255808319231"
"53.04052","-1.37312","87.158974387807"
"53.04046","-1.37299","87.1699311154008"
"53.04038","-1.3729","87.1806705980412"
"53.03971","-1.37246","87.2607686392621"
"53.03938","-1.37219","87.3016627806985"
"53.03935","-1.37218","87.3050649677008"
"53.03916","-1.37195","87.3311956712401"
"53.03905","-1.37177","87.3483548255311"
"53.03896","-1.37146","87.3713704966416"
"53.03887","-1.37077","87.4185758207352"
"53.03858","-1.36536","87.7817161750769"
"53.03859","-1.36533","87.7840095436568"
"53.03867","-1.36401","87.8727104622152"
"53.03856","-1.36357","87.9045698761796"
"53.03833","-1.36307","87.9466603670643"
"53.03796","-1.36247","88.00412296732"
"53.03657","-1.3612","88.1804731449975"
"53.03592","-1.36087","88.2560427859915"
"53.03575","-1.36071","88.2777632437773"
"53.03504","-1.35961","88.3856636399511"
"53.03501","-1.35953","88.3919677160146"
"53.03442","-1.35861","88.4819021697012"
"53.03426","-1.35849","88.5014190543863"
"53.03421","-1.35842","88.508686707976"
"53.03407","-1.3583","88.5262002317445"
"53.03392","-1.35809","88.5480032428452"
"53.03331","-1.35681","88.6572108159317"
"53.0328","-1.35602","88.7347122689916"
"53.03217","-1.35519","88.8240863849334"
"53.03136","-1.35433","88.9309478459687"
"53.03127","-1.35426","88.9419960087723"
"53.03052","-1.35349","89.0400072587908"
"53.02906","-1.35127","89.2599965679097"
"53.0288","-1.35063","89.3116454674529"
"53.02866","-1.35014","89.3479236574051"
"53.02804","-1.34649","89.6015657183253"
"53.02784","-1.34465","89.7266100516227"
"53.02791","-1.34277","89.8525768248618"
"53.0278","-1.34273","89.8650973649583"
"53.02917","-1.33396","90.4710491618"
"53.02923","-1.33299","90.5362586614538"
"53.02917","-1.33126","90.6521420476674"
"53.02893","-1.32963","90.7643654870763"
"53.02875","-1.32891","90.8165091506311"
"53.02844","-1.32797","90.8882018220179"
"53.0279","-1.32676","90.9889653993468"
"53.02761","-1.32625","91.0359026025112"
"53.02689","-1.32529","91.1385256424067"
"53.02668","-1.32508","91.1657746123548"
"53.02657","-1.32501","91.1788713262149"
"53.02622","-1.32469","91.2232855959425"
"53.02582","-1.3244","91.2718082311122"
"53.02526","-1.32408","91.3376524828007"
"53.02479","-1.3239","91.3912826931546"
"53.02471","-1.32384","91.4010415023261"
"53.02441","-1.32375","91.4349386937512"
"53.02438","-1.32373","91.4385327312735"
"53.02435","-1.32375","91.442126769142"
"53.02434","-1.32375","91.443238718408"
"53.02433","-1.32376","91.4445363079843"
"53.02426","-1.32376","91.4523199528495"
"53.02425","-1.32375","91.4536175430645"
"53.02424","-1.32375","91.4547294923313"
"53.02419","-1.3237","91.4612174450063"
"53.02419","-1.32369","91.4618862577931"
"53.02417","-1.32367","91.4644814394224"
"53.02417","-1.32366","91.4651502525193"
"53.02415","-1.32363","91.4681455029559"
"53.02366","-1.32351","91.5232189521973"
"53.02343","-1.32354","91.548872373116"
"53.02281","-1.32336","91.6188564943708"
"53.02154","-1.32281","91.7647867488284"
"53.02063","-1.32231","91.8713574946979"
"53.01981","-1.32178","91.969186374842"
"53.01978","-1.32175","91.9730792524123"
"53.01973","-1.32174","91.9786790900702"
"53.01947","-1.32156","92.00999660802"
"53.0193","-1.3214","92.031719076081"
"53.01922","-1.32136","92.041008327912"
"53.01859","-1.32085","92.1189258171653"
"53.01753","-1.31987","92.2537951319996"
"53.01741","-1.31981","92.2677290577038"
"53.01636","-1.31891","92.3990915189937"
"53.01627","-1.31871","92.4157990164779"
"53.01623","-1.3187","92.4202968352774"
"53.01483","-1.31749","92.5957555319347"
"53.01481","-1.31754","92.5997721656714"
"53.01354","-1.3164","92.7602662327827"
"53.01343","-1.31634","92.7731394353381"
"53.01047","-1.31363","93.1489062921937"
"53.01046","-1.31363","93.1500182414597"
"53.00936","-1.31239","93.2978127542826"
"53.00884","-1.31173","93.3705668464173"
"53.00787","-1.31034","93.5129831846788"
"53.00692","-1.30875","93.6629033484176"
"53.00609","-1.30712","93.8057743169044"
"53.00541","-1.30559","93.9330429431771"
"53.0048","-1.30398","94.060344779403"
"53.00385","-1.30075","94.3009050387643"
"53.00339","-1.29863","94.4517008888259"
"53.00282","-1.29536","94.6795043054031"
"53.00281","-1.29512","94.6956022142078"
"53.00166","-1.28803","95.1869627942036"
"53.00111","-1.28521","95.3853304907103"
"53.00111","-1.2849","95.4060747783563"
"52.99867","-1.27399","96.1849440386687"
"52.99861","-1.27402","96.1919112537903"
"52.99856","-1.27368","96.2153338006707"
"52.99763","-1.26956","96.5098062917853"
"52.99679","-1.26683","96.7149978435593"
"52.99672","-1.2667","96.7266716080877"
"52.99623","-1.26544","96.8270673243536"
"52.99622","-1.26543","96.828365138576"
"52.99498","-1.26256","97.0648069565242"
"52.99438","-1.26065","97.2090006384632"
"52.99406","-1.25918","97.3136212481719"
"52.99391","-1.25818","97.3825963708958"
"52.99378","-1.25676","97.4787276259056"
"52.99376","-1.25152","97.8294396657751"
"52.99363","-1.25032","97.911044427149"
"52.99328","-1.24875","98.0230984304029"
"52.99299","-1.24794","98.0861767097052"
"52.99212","-1.24603","98.2464914670948"
"52.99171","-1.24487","98.336527346813"
"52.99146","-1.24381","98.4127267539554"
"52.99095","-1.23953","98.7047565869915"
"52.99036","-1.23633","98.928765170005"
"52.99022","-1.23601","98.9552435866339"
"52.99011","-1.2359","98.9695200758463"
"52.98998","-1.23581","98.9851804203514"
"52.98996","-1.2356","98.9994114673207"
"52.98979","-1.23544","99.0211375420221"
"52.98971","-1.23528","99.0350596816661"
"52.98951","-1.23462","99.0845185699899"
"52.9895","-1.23461","99.0858164379209"
"52.98936","-1.23414","99.1209168966609"
"52.98934","-1.23389","99.1377978468952"
"52.98943","-1.23355","99.1626589907951"
"52.98934","-1.23349","99.1734423156198"
"52.98938","-1.23314","99.1972881397114"
"52.98928","-1.23186","99.283683892063"
"52.98931","-1.23087","99.3500338171045"
"52.98945","-1.22992","99.415500103168"
"52.99004","-1.22794","99.5633797488196"
"52.99027","-1.2269","99.6375405110467"
"52.99034","-1.22576","99.714241014567"
"52.99031","-1.22518","99.7532056594866"
"52.99027","-1.22502","99.7648019695955"
"52.99021","-1.22489","99.7757667319836"
"52.99016","-1.22484","99.7822560444623"
"52.99011","-1.22475","99.7904536142328"
"52.99","-1.22465","99.8043967139634"
"52.98985","-1.22443","99.8266461929116"
"52.98975","-1.2241","99.851375550283"
"52.98972","-1.2238","99.8717311534644"
"52.98976","-1.2235","99.8922982511136"
"52.98998","-1.22269","99.9517785654776"
"52.99017","-1.22229","99.9858840008674"
"52.99022","-1.22213","99.9979505991133"
"52.99025","-1.22192","100.012397136042"
"52.99023","-1.2217","100.027289579149"
"52.9895","-1.21866","100.246363519702"
"52.98905","-1.2162","100.418459553946"
"52.98905","-1.21606","100.427830558641"
"52.98834","-1.21215","100.701199708534"
"52.98812","-1.21134","100.760681899362"
"52.98805","-1.21122","100.771866964794"
"52.98789","-1.2107","100.810957700192"
"52.98787","-1.21067","100.813954081016"
"52.98733","-1.20901","100.940257037705"
"52.98726","-1.20886","100.952961453951"
"52.98709","-1.20771","101.032227869041"
"52.9871","-1.20747","101.048331611058"
"52.98705","-1.2073","101.060996760763"
"52.98697","-1.20584","101.159131577764"
"52.98698","-1.20568","101.169899379147"
"52.98686","-1.20457","101.245390334971"
"52.98675","-1.2043","101.267213782736"
"52.98659","-1.20403","101.292574837964"
"52.98652","-1.20396","101.301660078521"
"52.98636","-1.20367","101.327992056836"
"52.9863","-1.20367","101.334663752435"
"52.98606","-1.20375","101.361882545373"
"52.98597","-1.20376","101.371912452016"
"52.98595","-1.20375","101.374234913689"
"52.98573","-1.2039","101.400678373061"
"52.98563","-1.20394","101.412115718325"
"52.98498","-1.20442","101.491213022728"
"52.98456","-1.20357","101.564825460801"
"52.98392","-1.20249","101.666272580004"
"52.98341","-1.20145","101.756067682107"
"52.98228","-1.20162","101.882232297688"
"52.98222","-1.201","101.924271772113"
"52.98205","-1.20056","101.959271924952"
"52.98192","-1.20038","101.978091306853"
"52.98168","-1.20018","102.007948639185"
"52.98143","-1.20003","102.03750559"
"52.9818","-1.19763","102.203362849775"
"52.98188","-1.19567","102.334880000463"
"52.98193","-1.19535","102.357012667568"
"52.98169","-1.1952","102.385526296305"
"52.98125","-1.195","102.436251136623"
"52.98085","-1.19475","102.483773954875"
"52.98076","-1.19462","102.497036627986"
"52.98065","-1.19453","102.510671634023"
"52.97803","-1.19166","102.859662658227"
"52.97762","-1.19113","102.917434950463"
"52.97691","-1.18984","103.034450943355"
"52.97668","-1.18958","103.065388277205"
"52.9756","-1.18862","103.201598897571"
"52.97458","-1.1873","103.345388728951"
"52.9737","-1.18655","103.455374568414"
"52.97307","-1.1861","103.531632901224"
"52.97303","-1.18611","103.536130819646"
"52.97295","-1.18608","103.545250411126"
"52.97283","-1.18606","103.558660839437"
"52.9726","-1.18608","103.584270712591"
"52.97253","-1.18607","103.592083107157"
"52.97242","-1.1859","103.608792115317"
"52.97229","-1.18563","103.631940120193"
"52.97213","-1.18544","103.653812357081"
"52.97177","-1.18518","103.697464725769"
"52.97169","-1.18509","103.708209580199"
"52.97129","-1.18482","103.756221830928"
"52.97088","-1.18468","103.802765676753"
"52.97033","-1.18466","103.863937549221"
"52.97013","-1.18468","103.886216826321"
"52.96937","-1.18484","103.971401490738"
"52.96922","-1.18483","103.98809416766"
"52.96883","-1.18474","104.031877002876"
"52.96825","-1.18449","104.098507664527"
"52.96748","-1.18403","104.18950097169"
"52.96753","-1.18383","104.204002880595"
"52.96742","-1.18376","104.217101889664"
"52.96509","-1.18076","104.544959674909"
"52.96481","-1.18022","104.592680772412"
"52.96464","-1.17978","104.627690914813"
"52.96405","-1.17745","104.796970145735"
"52.96397","-1.17727","104.811952291936"
"52.96319","-1.17449","105.017353287877"
"52.96162","-1.17071","105.324881257727"
"52.96156","-1.17049","105.341056497287"
"52.96131","-1.17008","105.380131898163"
"52.95912","-1.16754","105.677192140192"
"52.95825","-1.1662","105.809157502302"
"52.9569","-1.16344","106.047303590799"
"52.95682","-1.16333","106.058854572803"
"52.95619","-1.16211","106.166493159228"
"52.95612","-1.16193","106.180844850826"
"52.95607","-1.16198","106.187335525685"
"52.95601","-1.1619","106.195892971693"
"52.95592","-1.16167","106.214264878038"
"52.95591","-1.16166","106.215563014448"
"52.95581","-1.16132","106.240908089181"
"52.95543","-1.1588","106.414924619581"
"52.95531","-1.1583","106.450978631676"
"52.95522","-1.15836","106.461763138219"
"52.95457","-1.15587","106.64355080273"
"52.95454","-1.15581","106.648774122317"
"52.95366","-1.15487","106.765136518802"
"52.95361","-1.15478","106.77333782946"
"52.95237","-1.15335","106.941232513127"
"52.95169","-1.15277","107.026244550445"
"52.95102","-1.1521","107.113222132109"
"52.95066","-1.15182","107.157429589803"
"52.95059","-1.15174","107.166880022584"
"52.9501","-1.15136","107.227019858866"
"52.94958","-1.15107","107.288018180971"
"52.94921","-1.15079","107.333235238629"
"52.94895","-1.15068","107.36307046276"
"52.94898","-1.15041","107.381464891014"
"52.94901","-1.15037","107.38574388738"
"52.94897","-1.15029","107.39270884415"
"52.94895","-1.15003","107.410269673602"
"52.94889","-1.15008","107.417735149187"
"52.94877","-1.15","107.432114788446"
"52.94871","-1.14987","107.44308618514"
"52.9487","-1.14907","107.496696321255"
"52.9488","-1.14822","107.554720194189"
"52.9488","-1.14803","107.567449834487"
"52.94874","-1.14792","107.577390932413"
"52.94793","-1.14759","107.670132831778"
"52.94654","-1.14692","107.83108074474"
"52.94651","-1.14679","107.840407891837"
"52.94646","-1.14681","107.84612684891"
"52.9464","-1.14681","107.852798544509"
"52.94639","-1.14687","107.856969601313"
"52.94615","-1.14678","107.884329196577"
"52.94486","-1.14608","108.035243980184"
"52.94484","-1.14605","108.038241701686"
"52.9448","-1.14603","108.042886992601"
"52.94473","-1.14595","108.052337837196"
"52.94469","-1.14582","108.062118279798"
"52.94467","-1.14556","108.079680818926"
"52.94448","-1.14554","108.100850313537"
"52.94416","-1.14534","108.138872577605"
"52.94406","-1.14522","108.152594643088"
"52.94404","-1.14521","108.154917291986"
"52.94401","-1.14517","108.1591964812"
"52.94398","-1.14516","108.162598958958"
"52.94396","-1.14514","108.165195422746"
"52.9439","-1.14513","108.171900681717"
"52.94263","-1.14363","108.345234643624"
"52.94261","-1.14354","108.35166231501"
"52.94254","-1.1434","108.363852059819"
"52.9423","-1.14307","108.398509714548"
"52.94193","-1.14268","108.447250084101"
"52.94155","-1.14215","108.502447068248"
"52.94145","-1.14184","108.52600884327"
"52.94124","-1.14155","108.556388109882"
"52.94111","-1.14147","108.571805469348"
"52.94039","-1.14033","108.682464428663"
"52.94044","-1.14008","108.700115666437"
"52.94028","-1.13996","108.71963974265"
"52.9402","-1.13987","108.730387060039"
"52.94025","-1.13972","108.741873905395"
"52.94018","-1.13958","108.754064044007"
"52.94","-1.13952","108.774478982024"
"52.9395","-1.13859","108.857995562491"
"52.93949","-1.13855","108.860897547217"
"52.93924","-1.13818","108.898147338364"
"52.93913","-1.13807","108.912428309946"
"52.93892","-1.13774","108.944589024517"
"52.93864","-1.13712","108.996508534905"
"52.93804","-1.13547","109.125650606623"
"52.93767","-1.13506","109.175123977254"
"52.93732","-1.13484","109.216741246184"
"52.93708","-1.13475","109.244101120119"
"52.93684","-1.1343","109.284370874548"
"52.93674","-1.13397","109.309124441005"
"52.93622","-1.13298","109.397131465553"
"52.93605","-1.13309","109.417421222731"
"52.93599","-1.13311","109.424226226899"
"52.93545","-1.13309","109.484286445676"
"52.92927","-1.13245","110.172808578052"
"52.92925","-1.13244","110.175131293036"
"52.92922","-1.13244","110.178467140835"
"52.92919","-1.13242","110.182062277267"
"52.92915","-1.13241","110.186560296922"
"52.92906","-1.13232","110.198245453435"
"52.92902","-1.13238","110.204241881605"
"52.92891","-1.13241","110.216637515866"
"52.92851","-1.13234","110.26136228712"
"52.92849","-1.13223","110.269063620731"
"52.92835","-1.13186","110.298345509201"
"52.92833","-1.13184","110.300942222879"
"52.9283","-1.1317","110.310901673022"
"52.92764","-1.13012","110.43975195014"
"52.92666","-1.12883","110.578863006052"
"52.92658","-1.12878","110.588369055197"
"52.92656","-1.12872","110.592964903608"
"52.92651","-1.12869","110.598877162931"
"52.92647","-1.1286","110.606372445022"
"52.92628","-1.12839","110.631759659081"
"52.92619","-1.12832","110.64281265561"
"52.92567","-1.12772","110.713246791576"
"52.92448","-1.12658","110.866050837656"
"52.92399","-1.12619","110.926484148891"
"52.92387","-1.1262","110.939844368931"
"52.92381","-1.12603","110.95304989884"
"52.92374","-1.12606","110.961089157143"
"52.92364","-1.12605","110.972228839049"
"52.92359","-1.126","110.97872081211"
"52.92352","-1.12596","110.986953400139"
"52.9235","-1.12593","110.989951786519"
"52.92282","-1.12531","111.076234911408"
"52.92281","-1.12529","111.077976774546"
"52.92258","-1.12507","111.10749947215"
"52.92239","-1.12493","111.130617390322"
"52.92128","-1.12432","111.260642055965"
"52.92042","-1.12361","111.367461279805"
"52.92008","-1.12312","111.417546061054"
"52.92003","-1.12307","111.424038176415"
"52.91981","-1.12274","111.457021656946"
"52.91948","-1.1224","111.500219714904"
"52.91918","-1.12217","111.536969767089"
"52.91874","-1.12194","111.588268042813"
"52.91867","-1.12192","111.596166341662"
"52.91807","-1.1216","111.666248055764"
"52.91473","-1.11914","112.072617485025"
"52.91355","-1.11812","112.220582496719"
"52.91316","-1.11793","112.26578118217"
"52.91279","-1.11786","112.307190185654"
"52.91272","-1.11783","112.315229572018"
"52.91246","-1.11783","112.344140252946"
"52.91238","-1.11771","112.35613518055"
"52.91165","-1.11779","112.437484541686"
"52.9113","-1.11788","112.476867911132"
"52.90917","-1.11899","112.725134086209"
"52.90791","-1.1198","112.875400952231"
"52.90765","-1.11989","112.904934920641"
"52.90758","-1.11989","112.912718565506"
"52.90751","-1.11992","112.920758012419"
"52.90725","-1.11995","112.949738610788"
"52.9064","-1.11988","113.044370808081"
"52.90619","-1.1199","113.067760232495"
"52.90601","-1.11989","113.087786551689"
"52.90583","-1.11995","113.108202115145"
"52.90566","-1.11997","113.127152779569"
"52.90509","-1.12015","113.191673259474"
"52.9046","-1.12024","113.246492088323"
"52.90423","-1.12021","113.28768337912"
"52.90351","-1.12005","113.368459674339"
"52.90247","-1.11999","113.484172393039"
"52.90216","-1.11972","113.523110079686"
"52.9018","-1.1193","113.572058462344"
"52.90167","-1.1189","113.602533362432"
"52.90131","-1.11804","113.672744154716"
"52.90117","-1.11719","113.731842319368"
"52.90121","-1.11351","113.978706710445"
"52.90085","-1.10631","114.463281893038"
"52.90058","-1.10408","114.615837080147"
"52.90016","-1.10273","114.717719992229"
"52.89979","-1.10176","114.794698381813"
"52.89891","-1.09995","114.95062828875"
"52.89797","-1.09734","115.154525596238"
"52.89712","-1.09533","115.31918034849"
"52.89705","-1.09521","115.330377565618"
"52.89657","-1.09395","115.430338588306"
"52.89654","-1.09382","115.439675128889"
"52.89641","-1.09349","115.466113061416"
"52.89475","-1.08788","115.885265882359"
"52.89458","-1.08745","115.919753210292"
"52.89458","-1.08743","115.921094851436"
"52.89397","-1.08606","116.03531802666"
"52.89354","-1.08525","116.107697065121"
"52.89354","-1.08524","116.108367901789"
"52.89324","-1.08472","116.156634406956"
"52.89316","-1.08464","116.167023509146"
"52.89295","-1.08429","116.200137784512"
"52.89289","-1.08426","116.207106416699"
"52.8922","-1.08341","116.302700380178"
"52.88977","-1.081","116.617582618596"
"52.88964","-1.08091","116.633248348306"
"52.88957","-1.08079","116.644446564178"
"52.88887","-1.08006","116.736409367351"
"52.88853","-1.07962","116.784375514719"
"52.88819","-1.0791","116.835819312657"
"52.88779","-1.07832","116.904499178154"
"52.88749","-1.07748","116.969989686182"
"52.88675","-1.07464","117.177543080256"
"52.8867","-1.07453","117.186783239659"
"52.88634","-1.07326","117.280927640925"
"52.88623","-1.073","117.302233151474"
"52.88621","-1.07281","117.315173726557"
"52.88553","-1.07113","117.450905703409"
"52.88552","-1.07113","117.452017652676"
"52.88476","-1.06953","117.588643605935"
"52.88458","-1.06922","117.617509705439"
"52.88359","-1.06794","117.757132900722"
"52.8834","-1.06758","117.789224181489"
"52.88339","-1.06758","117.790336130756"
"52.88322","-1.06718","117.823164527362"
"52.88319","-1.06706","117.831880141567"
"52.88228","-1.06482","118.013071865916"
"52.88205","-1.06385","118.083004334603"
"52.88188","-1.0622","118.195324045144"
"52.88155","-1.06103","118.281985363288"
"52.8813","-1.06037","118.334274564244"
"52.88097","-1.05967","118.393880292635"
"52.88053","-1.05894","118.463114045625"
"52.88007","-1.05835","118.52779612579"
"52.87948","-1.05778","118.603737330762"
"52.878","-1.05659","118.786657805448"
"52.87527","-1.05399","119.136793761176"
"52.87527","-1.05398","119.137464880585"
"52.86976","-1.04772","119.88036837843"
"52.86968","-1.04766","119.890133120629"
"52.86952","-1.04746","119.912420650571"
"52.86903","-1.04698","119.975719012593"
"52.86897","-1.04689","119.984719266638"
"52.86837","-1.04633","120.061296289721"
"52.86836","-1.04633","120.062408238987"
"52.8675","-1.04551","120.172744851774"
"52.86745","-1.04548","120.178658044462"
"52.86478","-1.04296","120.520357179561"
"52.8647","-1.04285","120.531918174847"
"52.86422","-1.0424","120.593247243375"
"52.86411","-1.04236","120.605769954041"
"52.8627","-1.04114","120.782656721685"
"52.86245","-1.04099","120.812223072406"
"52.86215","-1.04087","120.846540482404"
"52.86039","-1.04049","121.043899270615"
"52.8601","-1.04036","121.077305994047"
"52.85972","-1.04003","121.125015961806"
"52.85784","-1.03747","121.395645538091"
"52.85779","-1.03743","121.401819920689"
"52.85678","-1.03604","121.547841340169"
"52.85671","-1.03597","121.55693384499"
"52.85671","-1.03595","121.558276658125"
"52.85586","-1.03486","121.677813756231"
"52.85557","-1.03463","121.713567298085"
"52.85537","-1.03452","121.737000624472"
"52.85525","-1.03452","121.75034401567"
"52.85426","-1.03416","121.863049535531"
"52.85399","-1.03401","121.894716512516"
"52.85361","-1.03373","121.940964440464"
"52.85341","-1.03353","121.966943543033"
"52.85313","-1.03317","122.006360218661"
"52.85313","-1.03316","122.00703168061"
"52.85295","-1.0329","122.033590805215"
"52.85289","-1.03277","122.044577515075"
"52.85289","-1.03273","122.047263377721"
"52.85287","-1.03267","122.051865215723"
"52.85286","-1.03253","122.061331275902"
"52.85289","-1.03234","122.074518036973"
"52.85288","-1.03204","122.094692675647"
"52.85273","-1.03088","122.174348657711"
"52.85267","-1.03076","122.184809862894"
"52.85258","-1.03064","122.197658070589"
"52.85246","-1.03055","122.212306171767"
"52.85239","-1.03054","122.220118725971"
"52.85227","-1.03037","122.237678616733"
"52.85214","-1.03008","122.261930364189"
"52.85184","-1.02957","122.309737680573"
"52.85021","-1.0272","122.550938045191"
"52.85017","-1.02706","122.561338220904"
"52.84881","-1.02473","122.778938627854"
"52.84876","-1.0248","122.78621924586"
"52.84625","-1.02099","123.16484943278"
"52.84568","-1.01999","123.25719262351"
"52.84239","-1.01332","123.835552176506"
"52.84239","-1.01331","123.836223804583"
"52.83718","-1.00298","124.740117012335"
"52.83653","-1.00184","124.845415195859"
"52.83494","-0.99949","125.082432033707"
"52.83494","-0.99948","125.083103777008"
"52.8337","-0.99778","125.262136027965"
"52.83239","-0.99618","125.443163990724"
"52.83238","-0.99618","125.44427593999"
"52.83201","-0.99569","125.496965940984"
"52.83187","-0.99545","125.51937777076"
"52.83166","-0.99489","125.563655967756"
"52.83166","-0.99487","125.56499955581"
"52.83164","-0.99482","125.569028005914"
"52.83143","-0.99305","125.690207010858"
"52.83142","-0.99304","125.691506142594"
"52.83137","-0.99185","125.771643214028"
"52.83073","-0.98904","125.973388330088"
"52.83061","-0.98882","125.993300355016"
"52.83047","-0.98867","126.011844622836"
"52.83036","-0.98861","126.024723138384"
"52.83025","-0.98858","126.037119516486"
"52.83018","-0.98858","126.044903161351"
"52.8301","-0.98861","126.054024216341"
"52.82974","-0.98886","126.097435095203"
"52.82954","-0.98896","126.120666698402"
"52.82953","-0.98896","126.121778647669"
"52.82953","-0.98897","126.122450474635"
"52.82939","-0.989","126.138147693685"
"52.8293","-0.98895","126.148703962333"
"52.82926","-0.98894","126.153202212595"
"52.82913","-0.98876","126.172048883402"
"52.82896","-0.98807","126.222111453767"
"52.82886","-0.98788","126.239040294531"
"52.8288","-0.98781","126.247202920153"
"52.82873","-0.98776","126.255680497143"
"52.82861","-0.98771","126.269440232686"
"52.82836","-0.98765","126.29752971322"
"52.82827","-0.98761","126.307891805305"
"52.82823","-0.98757","126.313088433814"
"52.82816","-0.98742","126.325822068421"
"52.82809","-0.98708","126.349954643481"
"52.82803","-0.9838","126.570422315833"
"52.82813","-0.98046","126.795095343057"
"52.82803","-0.97931","126.873154069736"
"52.8278","-0.97772","126.98299730831"
"52.82775","-0.97593","127.103387639195"
"52.82771","-0.97568","127.120762936193"
"52.82758","-0.97536","127.146670095142"
"52.82723","-0.97485","127.198522850271"
"52.82722","-0.97485","127.199634799537"
"52.82669","-0.97412","127.276307299783"
"52.82668","-0.97409","127.278609282945"
"52.82645","-0.97379","127.311172204565"
"52.82645","-0.97378","127.311844079161"
"52.82564","-0.9727","127.42750579776"
"52.8254","-0.97247","127.458343978034"
"52.82467","-0.97198","127.545938845797"
"52.8245","-0.97191","127.565418318725"
"52.8244","-0.97191","127.57653781139"
"52.82391","-0.97182","127.631357878501"
"52.82262","-0.9714","127.777549070988"
"52.82257","-0.97136","127.783724401631"
"52.82252","-0.97134","127.789444258776"
"52.82244","-0.97127","127.799506812896"
"52.82238","-0.97119","127.808074629728"
"52.82235","-0.97112","127.813841032257"
"52.82233","-0.97065","127.845500330491"
"52.82245","-0.96966","127.91334718755"
"52.82241","-0.96646","128.128412947983"
"52.8225","-0.96426","128.276577308632"
"52.82282","-0.96201","128.431893118635"
"52.82283","-0.96199","128.43363736471"
"52.82284","-0.96176","128.449131717047"
"52.82277","-0.96145","128.471368357652"
"52.8227","-0.96131","128.483578095189"
"52.81904","-0.95625","129.013894673974"
"52.81534","-0.95239","129.500264078617"
"52.81435","-0.95126","129.634000631014"
"52.8136","-0.95027","129.740686099548"
"52.81252","-0.9491","129.884230408479"
"52.81251","-0.9491","129.885342357745"
"52.8111","-0.94738","130.08013755012"
"52.81109","-0.94738","130.081249499387"
"52.81047","-0.94651","130.171649001047"
"52.8102","-0.94591","130.221924836415"
"52.81012","-0.94552","130.249606047105"
"52.81003","-0.94455","130.31556604187"
"52.80983","-0.94354","130.387001073604"
"52.80982","-0.94353","130.388300378083"
"52.8098","-0.94339","130.397969449079"
"52.80977","-0.94151","130.524374340699"
"52.80973","-0.94134","130.536635754427"
"52.80972","-0.94134","130.537747703693"
"52.80964","-0.94108","130.557356988253"
"52.80963","-0.94108","130.558468937519"
"52.80955","-0.94082","130.578078254319"
"52.80954","-0.94082","130.579190203586"
"52.80946","-0.94057","130.598202999708"
"52.80945","-0.94056","130.599502307147"
"52.80945","-0.94054","130.600846582049"
"52.8092","-0.93978","130.659003273899"
"52.80919","-0.93978","130.660115223165"
"52.80886","-0.9384","130.759865540939"
"52.80856","-0.93766","130.819755088988"
"52.80856","-0.93764","130.821099391409"
"52.80724","-0.93464","131.070510024217"
"52.8034","-0.92705","131.735809984548"
"52.80339","-0.92705","131.736921933815"
"52.80261","-0.92552","131.871462039605"
"52.80245","-0.92531","131.894173706781"
"52.80206","-0.92495","131.943835542406"
"52.80189","-0.92483","131.964388052727"
"52.80162","-0.92469","131.995851306625"
"52.80134","-0.9246","132.027568316644"
"52.80093","-0.92459","132.073163192894"
"52.80088","-0.92457","132.07888320729"
"52.80054","-0.92427","132.12173259232"
"52.80038","-0.92421","132.139975310906"
"52.80007","-0.92418","132.174504689699"
"52.79999","-0.92422","132.183797860716"
"52.79988","-0.92421","132.196047764317"
"52.7998","-0.92417","132.205340938734"
"52.79925","-0.92411","132.266631030869"
"52.7987","-0.92398","132.328409587064"
"52.79859","-0.92393","132.341094538969"
"52.79655","-0.92339","132.570819150859"
"52.79634","-0.9233","132.594941366962"
"52.79633","-0.92329","132.596240779334"
"52.79629","-0.92328","132.600739105755"
"52.796","-0.9231","132.635181830507"
"52.79564","-0.9228","132.680006618706"
"52.79527","-0.92234","132.731477313779"
"52.79525","-0.9223","132.73496711945"
"52.79522","-0.92227","132.738865382958"
"52.79485","-0.92168","132.796017147901"
"52.79436","-0.92072","132.880486169583"
"52.79435","-0.92072","132.881598118849"
"52.79264","-0.91727","133.181540997563"
"52.79264","-0.91726","133.182213394874"
"52.79245","-0.91689","133.214852391399"
"52.79245","-0.91688","133.215524791646"
"52.7902","-0.91222","133.616499143964"
"52.7902","-0.91221","133.617171578989"
"52.78934","-0.91035","133.774614229297"
"52.78934","-0.91034","133.775286677615"
"52.7885","-0.90879","133.915244723126"
"52.78772","-0.90668","134.081543825285"
"52.78763","-0.90655","134.09483202806"
"52.78763","-0.90654","134.095504502807"
"52.78749","-0.90639","134.114054188819"
"52.78733","-0.90629","134.133073890859"
"52.7867","-0.90602","134.20544152647"
"52.78631","-0.9058","134.251261813638"
"52.78612","-0.90565","134.274673526203"
"52.78273","-0.90187","134.729334669337"
"52.78241","-0.90145","134.774766059142"
"52.78214","-0.90083","134.826148241845"
"52.78205","-0.90072","134.838593471605"
"52.78198","-0.90072","134.846377116471"
"52.78189","-0.90068","134.856739952744"
"52.78187","-0.90066","134.859339008716"
"52.7819","-0.90055","134.867454501781"
"52.78185","-0.90051","134.873630928742"
"52.78178","-0.90035","134.886911929389"
"52.78175","-0.90035","134.890247777188"
"52.78173","-0.90037","134.8928468354"
"52.78171","-0.90032","134.896878504191"
"52.78171","-0.90026","134.900913901643"
"52.78161","-0.90019","134.912989003721"
"52.78156","-0.90018","134.918589282931"
"52.78151","-0.90015","134.924503834492"
"52.78129","-0.90015","134.948966718354"
"52.78104","-0.90005","134.977567507678"
"52.78098","-0.90001","134.98476120496"
"52.78096","-0.90001","134.986985103493"
"52.78087","-0.8999","134.999430452503"
"52.77904","-0.89823","135.231859625493"
"52.7775","-0.89702","135.421456663854"
"52.77729","-0.89682","135.448405507396"
"52.77688","-0.89631","135.505460227955"
"52.77673","-0.89616","135.524953756639"
"52.77452","-0.89458","135.792692513892"
"52.77361","-0.89412","135.898505488493"
"52.77351","-0.89409","135.909806627823"
"52.77205","-0.89341","136.078472777915"
"52.7715","-0.89329","136.140160473328"
"52.77052","-0.89318","136.249382475102"
"52.77041","-0.89323","136.262068004258"
"52.77019","-0.89319","136.286678449353"
"52.76991","-0.89308","136.31868040487"
"52.76958","-0.89281","136.359624447708"
"52.76954","-0.89273","136.366606508097"
"52.7695","-0.8927","136.371490797987"
"52.76946","-0.8927","136.375938595053"
"52.76914","-0.89237","136.41787891657"
"52.76896","-0.89211","136.444460246084"
"52.7689","-0.89198","136.455460372839"
"52.76836","-0.8912","136.53520469449"
"52.76814","-0.89095","136.564891786394"
"52.76799","-0.89083","136.583422182872"
"52.76719","-0.89046","136.675795459069"
"52.76717","-0.89037","136.682246053339"
"52.76691","-0.8901","136.716390006967"
"52.76681","-0.89003","136.728465733328"
"52.76675","-0.88995","136.737037867828"
"52.76661","-0.88985","136.753996826876"
"52.7666","-0.88976","136.760153274008"
"52.76671","-0.88959","136.776899211823"
"52.76663","-0.88911","136.810396311729"
"52.76636","-0.88807","136.886536622727"
"52.76491","-0.8874","137.053952404187"
"52.76485","-0.88734","137.061750387975"
"52.76475","-0.88719","137.076767042816"
"52.76462","-0.88686","137.10326131409"
"52.76451","-0.88628","137.144157487808"
"52.76434","-0.88635","137.163638533449"
"52.76427","-0.88582","137.200138391902"
"52.76421","-0.88582","137.206810087501"
"52.76399","-0.88569","137.232789712688"
"52.76391","-0.8856","137.243550822132"
"52.76337","-0.88525","137.308049012489"
"52.76306","-0.8851","137.343966620649"
"52.76237","-0.88467","137.425965191098"
"52.76058","-0.8839","137.631637116868"
"52.76043","-0.88379","137.649884970049"
"52.76034","-0.88369","137.661944397732"
"52.76015","-0.88331","137.695113400672"
"52.76011","-0.88318","137.704926916204"
"52.75997","-0.8829","137.729367302527"
"52.75975","-0.88266","137.758680188304"
"52.75942","-0.88245","137.798001438322"
"52.75913","-0.88237","137.830694229112"
"52.75884","-0.88224","137.864106275246"
"52.7583","-0.88186","137.929369700611"
"52.7576","-0.88128","138.016443601915"
"52.75585","-0.88006","138.227645269802"
"52.75535","-0.87982","138.2855412242"
"52.75452","-0.87959","138.379121988863"
"52.75435","-0.8795","138.398971787742"
"52.75418","-0.87934","138.420726674463"
"52.75386","-0.8789","138.467018797939"
"52.75376","-0.87872","138.483462366778"
"52.75118","-0.87498","138.865115480586"
"52.75034","-0.87329","139.012295890126"
"52.75005","-0.87282","139.057467971586"
"52.74971","-0.87236","139.10633388575"
"52.74957","-0.87221","139.124888352642"
"52.74911","-0.87149","139.195349232893"
"52.74872","-0.87064","139.267138740963"
"52.74848","-0.87033","139.301014245492"
"52.74845","-0.87034","139.304417320149"
"52.74839","-0.87034","139.311089015747"
"52.74832","-0.87032","139.318988210823"
"52.7482","-0.87021","139.334248093859"
"52.74815","-0.87013","139.341987958597"
"52.7481","-0.86998","139.353513825155"
"52.74808","-0.86981","139.365170391935"
"52.74809","-0.86965","139.375997017348"
"52.74812","-0.86953","139.384735794473"
"52.74808","-0.86923","139.405412415309"
"52.74803","-0.8691","139.415779449682"
"52.74684","-0.86705","139.60695702184"
"52.7465","-0.86668","139.652229227545"
"52.74642","-0.86656","139.664244836813"
"52.7452","-0.86541","139.820434402597"
"52.74511","-0.86537","139.830797829222"
"52.7448","-0.86509","139.870084573271"
"52.74468","-0.86491","139.888108308672"
"52.74298","-0.86296","140.118245749855"
"52.74189","-0.86224","140.248780153088"
"52.74019","-0.86085","140.459704224512"
"52.74018","-0.86085","140.460816173778"
"52.73986","-0.86057","140.50108308183"
"52.73927","-0.85993","140.579571379282"
"52.73888","-0.85942","140.63488383594"
"52.73821","-0.85836","140.738048638459"
"52.73771","-0.85744","140.821279814136"
"52.73771","-0.85743","140.821953060184"
"52.73675","-0.85549","140.990636870408"
"52.73523","-0.85164","141.30008203085"
"52.73484","-0.8508","141.371350597748"
"52.73474","-0.85066","141.385927772624"
"52.73463","-0.85055","141.400226733196"
"52.73331","-0.8495","141.56314274976"
"52.73231","-0.8484","141.696746618496"
"52.73181","-0.84796","141.759745168099"
"52.73142","-0.84768","141.807032240579"
"52.72974","-0.84671","142.004929067871"
"52.72949","-0.84651","142.035818239489"
"52.7292","-0.84621","142.073869907153"
"52.72875","-0.84561","142.138182923053"
"52.72845","-0.8451","142.186059960984"
"52.72678","-0.84106","142.515447910555"
"52.72596","-0.83959","142.650033795243"
"52.72595","-0.83959","142.65114574451"
"52.72543","-0.83873","142.732983826288"
"52.72543","-0.83872","142.733657261993"
"52.72492","-0.83789","142.813283032451"
"52.72433","-0.83717","142.894862005426"
"52.72381","-0.83669","142.961106062651"
"52.72355","-0.83649","142.993000392731"
"52.72355","-0.83648","142.993673857469"
"52.72057","-0.83418","143.359453462746"
"52.72026","-0.83388","143.399409292385"
"52.7199","-0.83342","143.450028353857"
"52.71953","-0.83285","143.506300308155"
"52.71775","-0.82966","143.798429840132"
"52.71688","-0.82831","143.931196351623"
"52.71642","-0.82778","143.993572042608"
"52.71578","-0.82728","144.072303842908"
"52.71564","-0.82713","144.090862588072"
"52.7154","-0.82679","144.12602914518"
"52.715","-0.82599","144.195901542481"
"52.715","-0.82598","144.196575139246"
"52.71499","-0.82597","144.197875202275"
"52.71469","-0.82521","144.25897812194"
"52.71455","-0.82454","144.306718897463"
"52.71442","-0.82232","144.456956184577"
"52.71441","-0.8223","144.458703013205"
"52.71439","-0.82173","144.497162907932"
"52.71438","-0.82171","144.498909737275"
"52.71429","-0.82063","144.572344397722"
"52.71412","-0.81969","144.638425075779"
"52.71397","-0.81923","144.673615091937"
"52.71364","-0.81852","144.733896638925"
"52.71364","-0.81851","144.734570256691"
"52.71362","-0.81848","144.737575181748"
"52.71341","-0.81791","144.782514515721"
"52.7134","-0.8179","144.783814591471"
"52.71293","-0.816","144.922062200568"
"52.71292","-0.81599","144.923362280157"
"52.71232","-0.81309","145.129794418706"
"52.71195","-0.81186","145.222304399167"
"52.71194","-0.81185","145.223604486597"
"52.71169","-0.81106","145.283645540508"
"52.71045","-0.80791","145.536708961701"
"52.70799","-0.80066","146.096512738151"
"52.70779","-0.80018","146.135759561756"
"52.70477","-0.79412","146.66440030102"
"52.70477","-0.79411","146.665074055736"
"52.70054","-0.78585","147.393757441186"
"52.7002","-0.78488","147.469264713436"
"52.70017","-0.78467","147.483802934647"
"52.69981","-0.78323","147.588767162246"
"52.6998","-0.78322","147.590067346803"
"52.69874","-0.77924","147.883013478222"
"52.69687","-0.77457","148.260198931068"
"52.69667","-0.77393","148.308723302581"
"52.69666","-0.77393","148.309835251847"
"52.69614","-0.77103","148.51363604768"
"52.69554","-0.76843","148.701120504884"
"52.69496","-0.7667","148.834354939981"
"52.69413","-0.76486","148.988930981558"
"52.6941","-0.76482","148.993219868835"
"52.69338","-0.76324","149.126440292733"
"52.69327","-0.76292","149.151233277811"
"52.69283","-0.7611","149.283287416736"
"52.69262","-0.76068","149.319981665869"
"52.69052","-0.75829","149.603657745207"
"52.69014","-0.75755","149.669024838435"
"52.69005","-0.75731","149.688045862329"
"52.68995","-0.75712","149.705005471614"
"52.68911","-0.75602","149.824256612156"
"52.68905","-0.75586","149.836937507929"
"52.68903","-0.75569","149.848609291509"
"52.68905","-0.75554","149.858960961897"
"52.68958","-0.75413","149.970784111293"
"52.68969","-0.75369","150.00286301605"
"52.68969","-0.75353","150.013646816225"
"52.68966","-0.75337","150.024934787993"
"52.68961","-0.75324","150.035311722586"
"52.68943","-0.75302","150.060220894537"
"52.68784","-0.75167","150.259061257092"
"52.68605","-0.7503","150.478477649888"
"52.68395","-0.74913","150.72494530339"
"52.68379","-0.749","150.744777515688"
"52.68374","-0.74894","150.75165272823"
"52.68369","-0.74895","150.757253189172"
"52.68367","-0.74894","150.759577002612"
"52.68365","-0.74894","150.761800901145"
"52.68362","-0.74892","150.765398875737"
"52.68356","-0.74885","150.773570561037"
"52.68356","-0.74883","150.774918725294"
"52.68354","-0.7488","150.777924587399"
"52.68354","-0.74878","150.779272752273"
"52.68353","-0.74876","150.781020316326"
"52.68353","-0.74874","150.782368481508"
"52.68352","-0.74872","150.784116045798"
"52.68352","-0.74867","150.787486459527"
"52.68326","-0.74864","150.816467780822"
"52.68321","-0.7486","150.822646864486"
"52.68298","-0.74849","150.849274933378"
"52.68287","-0.74837","150.863939235663"
"52.68244","-0.74764","150.932551832154"
"52.68218","-0.74728","150.970297644703"
"52.68204","-0.74713","150.988860626935"
"52.68143","-0.7467","151.062623704704"
"52.67991","-0.74605","151.237227667228"
"52.67843","-0.74523","151.410832675473"
"52.67699","-0.74421","151.585094956681"
"52.67602","-0.74318","151.713374834429"
"52.67573","-0.74277","151.755847549263"
"52.67553","-0.74239","151.789773132072"
"52.67541","-0.74206","151.815716465518"
"52.67434","-0.73713","152.168757628697"
"52.67424","-0.73588","152.25376615552"
"52.6741","-0.73552","152.282601531875"
"52.67402","-0.73542","152.293763522526"
"52.67399","-0.73536","152.299006895512"
"52.67387","-0.73526","152.313956972418"
"52.67246","-0.73475","152.474468375722"
"52.67165","-0.73459","152.565180057454"
"52.67158","-0.73461","152.573079656718"
"52.67149","-0.73461","152.583087200116"
"52.6714","-0.73467","152.593881546899"
"52.67121","-0.7347","152.615105199469"
"52.67113","-0.73467","152.62422788525"
"52.67107","-0.7346","152.632400349767"
"52.67108","-0.73445","152.642575412358"
"52.67105","-0.73399","152.673770930668"
"52.67074","-0.73264","152.771106491993"
"52.67023","-0.73182","152.850309290262"
"52.67013","-0.73157","152.870503567539"
"52.66978","-0.72997","152.98519522308"
"52.66978","-0.72982","152.995309645028"
"52.66959","-0.72874","153.071136329632"
"52.66959","-0.72711","153.181046859386"
"52.66951","-0.72678","153.205010920377"
"52.66949","-0.72678","153.20723481891"
"52.66949","-0.72677","153.207909118182"
"52.66948","-0.72677","153.209021067449"
"52.66944","-0.72668","153.216545161377"
"52.66944","-0.72665","153.218568061507"
"52.66922","-0.72632","153.251637417367"
"52.66921","-0.72624","153.257145255959"
"52.66882","-0.72564","153.316453717637"
"52.66877","-0.72562","153.322174692655"
"52.66873","-0.72556","153.328187338947"
"52.66871","-0.72547","153.334650779425"
"52.66834","-0.72531","153.377184029577"
"52.66786","-0.72521","153.430981875834"
"52.66705","-0.72517","153.521090146617"
"52.66572","-0.72492","153.66993720257"
"52.66532","-0.72473","153.716223906952"
"52.66454","-0.72408","153.813403478471"
"52.66329","-0.72318","153.965071144316"
"52.66319","-0.72313","153.976690669119"
"52.65956","-0.72057","154.415703474655"
"52.6593","-0.72018","154.454789449814"
"52.65922","-0.72001","154.469301358821"
"52.65917","-0.71994","154.476595231176"
"52.65913","-0.71983","154.485245384819"
"52.65909","-0.71941","154.513919739684"
"52.65866","-0.71941","154.561733558141"
"52.65858","-0.71943","154.570730847616"
"52.65791","-0.71925","154.646214167062"
"52.65754","-0.71909","154.688748093644"
"52.65721","-0.71889","154.727843441254"
"52.65715","-0.71883","154.735646594951"
"52.65327","-0.71613","155.203946815245"
"52.65327","-0.71612","155.204621364791"
"52.65026","-0.71394","155.570199839811"
"52.65025","-0.71394","155.571311789077"
"52.64682","-0.71144","155.988336511095"
"52.64681","-0.71144","155.989448460361"
"52.64484","-0.70993","156.231032887426"
"52.64484","-0.70992","156.231707567025"
"52.64302","-0.7083","156.46171216875"
"52.6429","-0.70824","156.475656143423"
"52.64264","-0.70804","156.50756102913"
"52.6418","-0.70758","156.605986438485"
"52.6418","-0.70757","156.60666116498"
"52.64","-0.70661","156.817032694546"
"52.63953","-0.70623","156.875245468616"
"52.63923","-0.70592","156.91461979186"
"52.63877","-0.7053","156.980699409546"
"52.63877","-0.70529","156.981374182781"
"52.63841","-0.70474","157.035961414433"
"52.63837","-0.7047","157.041164118344"
"52.63832","-0.70461","157.049397728018"
"52.63815","-0.70442","157.072238541453"
"52.63809","-0.70438","157.0794355437"
"52.63805","-0.70433","157.085018216536"
"52.63798","-0.70428","157.093501641155"
"52.63792","-0.70426","157.10030846612"
"52.6379","-0.70424","157.102909825758"
"52.63772","-0.70417","157.123474730467"
"52.63762","-0.70415","157.134675823467"
"52.63747","-0.70415","157.151355062463"
"52.63728","-0.70421","157.172866551935"
"52.63709","-0.70432","157.195259614126"
"52.63657","-0.70483","157.262547796115"
"52.63637","-0.70507","157.290058952835"
"52.63551","-0.70441","157.395549572204"
"52.6355","-0.70441","157.39666152147"
"52.63502","-0.70408","157.454494550897"
"52.63466","-0.70393","157.49578474298"
"52.63398","-0.70381","157.571829709937"
"52.63286","-0.7038","157.69636985624"
"52.63268","-0.70374","157.716790426191"
"52.63238","-0.70359","157.751651063575"
"52.63201","-0.7032","157.800491851219"
"52.63183","-0.70306","157.822624952163"
"52.63092","-0.70287","157.924621580701"
"52.63053","-0.70273","157.969004991402"
"52.62986","-0.70235","158.047796347652"
"52.62902","-0.70169","158.151278102704"
"52.62842","-0.70111","158.228631505221"
"52.628","-0.70077","158.280666756644"
"52.6272","-0.70052","158.371208896869"
"52.62719","-0.70051","158.372509662437"
"52.62714","-0.70049","158.378230940383"
"52.62706","-0.70043","158.388004978556"
"52.62694","-0.70028","158.404754545039"
"52.62664","-0.69979","158.451729087027"
"52.62664","-0.69978","158.452404047356"
"52.62612","-0.69899","158.53105876786"
"52.6261","-0.69898","158.533382839107"
"52.62601","-0.69885","158.546692405493"
"52.62571","-0.69856","158.585369754116"
"52.62566","-0.69853","158.591286772049"
"52.62564","-0.69853","158.593510670583"
"52.62443","-0.69805","158.731902514184"
"52.62442","-0.69804","158.733203301919"
"52.62198","-0.69717","159.010801804373"
"52.62176","-0.69702","159.037277427257"
"52.6215","-0.69679","159.070093276253"
"52.62113","-0.69637","159.120058242696"
"52.6187","-0.6948","159.410304441672"
"52.61751","-0.69413","159.550143491069"
"52.61685","-0.69366","159.630097769208"
"52.61647","-0.69344","159.674886202542"
"52.61621","-0.69314","159.710185420368"
"52.61572","-0.69238","159.785027491983"
"52.61554","-0.69215","159.810359729537"
"52.61525","-0.69188","159.847401879557"
"52.6152","-0.69187","159.853002467776"
"52.61477","-0.69123","159.917447605937"
"52.61477","-0.69121","159.918797892703"
"52.61465","-0.69088","159.944767757755"
"52.61462","-0.6904","159.977345977201"
"52.61467","-0.69006","160.000964615499"
"52.61463","-0.69","160.006980632274"
"52.61451","-0.68995","160.020744412911"
"52.6143","-0.68994","160.044105105809"
"52.61384","-0.69001","160.095472645979"
"52.61365","-0.69001","160.116599682042"
"52.61345","-0.68996","160.139093427133"
"52.61327","-0.68999","160.159210741341"
"52.61312","-0.69006","160.176546650063"
"52.61288","-0.69027","160.206766123996"
"52.61275","-0.69032","160.221610427627"
"52.61266","-0.69031","160.231640721065"
"52.61256","-0.69026","160.24326137966"
"52.61208","-0.68977","160.306056923547"
"52.61066","-0.68948","160.465163180828"
"52.60999","-0.68907","160.544641015212"
"52.60949","-0.68882","160.602744629605"
"52.60877","-0.68804","160.69857559524"
"52.60721","-0.6866","160.897433762428"
"52.60692","-0.68624","160.937816771639"
"52.60632","-0.68507","161.04122458544"
"52.60556","-0.68388","161.157839666703"
"52.60556","-0.68386","161.159190237494"
"52.6054","-0.6836","161.184186047408"
"52.6051","-0.68298","161.237718436806"
"52.60446","-0.68209","161.330866753172"
"52.60431","-0.68177","161.358164677698"
"52.60422","-0.68149","161.379558232656"
"52.60389","-0.67951","161.518212956982"
"52.60261","-0.68004","161.664973839194"
"52.60123","-0.68001","161.818436212429"
"52.60121","-0.68","161.820760395173"
"52.60079","-0.67993","161.867700929328"
"52.59993","-0.6797","161.964581947638"
"52.59833","-0.67947","162.14317068832"
"52.59692","-0.67934","162.300201200615"
"52.5959","-0.67918","162.414133712822"
"52.59441","-0.67882","162.581589016363"
"52.59432","-0.67877","162.592151071673"
"52.59424","-0.6787","162.602225177748"
"52.59256","-0.6779","162.796691422624"
"52.59156","-0.67749","162.911283471783"
"52.58992","-0.67642","163.107445264592"
"52.58942","-0.67601","163.169559575504"
"52.58917","-0.67576","163.202086297801"
"52.58857","-0.67493","163.289235606906"
"52.58832","-0.67472","163.32044501635"
"52.58811","-0.6746","163.345163099903"
"52.58747","-0.67434","163.418463408573"
"52.58704","-0.6741","163.468951454527"
"52.58675","-0.67387","163.504746338603"
"52.58551","-0.67256","163.668587431283"
"52.58481","-0.67198","163.755730766027"
"52.58409","-0.67159","163.840015519334"
"52.58401","-0.67149","163.851185901065"
"52.58394","-0.67129","163.866779780777"
"52.5839","-0.67101","163.886212957375"
"52.58379","-0.67066","163.912835783241"
"52.58371","-0.67055","163.924427323647"
"52.58365","-0.67051","163.931625585852"
"52.58358","-0.6705","163.939438497907"
"52.58319","-0.67057","163.983061644837"
"52.58308","-0.67056","163.995311732555"
"52.58276","-0.67047","164.031409939581"
"52.58121","-0.66966","164.212242359746"
"52.57844","-0.66842","164.531444464536"
"52.57843","-0.66841","164.532745620351"
"52.57815","-0.66829","164.564918735118"
"52.57792","-0.66811","164.593238431103"
"52.57761","-0.6678","164.633574427602"
"52.57654","-0.66643","164.784325525926"
"52.5753","-0.66508","164.949653699412"
"52.57515","-0.66495","164.968504947012"
"52.57492","-0.66456","165.005228656142"
"52.57456","-0.66417","165.053155505264"
"52.57312","-0.66294","165.233565073308"
"52.57292","-0.66272","165.260315951742"
"52.57191","-0.66119","165.412971579021"
"52.57161","-0.66085","165.453477749043"
"52.5716","-0.66085","165.454589698309"
"52.57157","-0.66082","165.458493330239"
"52.57138","-0.66073","165.480478461435"
"52.57132","-0.66072","165.487184298073"
"52.57123","-0.66039","165.511628598494"
"52.57122","-0.66029","165.518477611398"
"52.57121","-0.66027","165.520227849629"
"52.57108","-0.65853","165.638704967786"
"52.57107","-0.65851","165.640455209351"
"52.57103","-0.65738","165.716951986541"
"52.57075","-0.65604","165.812714452075"
"52.57027","-0.65425","165.944938335264"
"52.57012","-0.65346","166.00087360634"
"52.57014","-0.65278","166.046883928557"
"52.57011","-0.65241","166.072111223541"
"52.57005","-0.65225","166.084817101996"
"52.56987","-0.65208","166.107895337945"
"52.56917","-0.6517","166.189859205575"
"52.56861","-0.65148","166.253878943312"
"52.56835","-0.65134","166.284298622311"
"52.56833","-0.65134","166.286522520844"
"52.56818","-0.65122","166.30506906741"
"52.56817","-0.6512","166.306819378003"
"52.56778","-0.65081","166.357567720016"
"52.56751","-0.65059","166.391070698143"
"52.56711","-0.65034","166.43865004514"
"52.56692","-0.65014","166.463731450971"
"52.56662","-0.64952","166.517292607379"
"52.56591","-0.64898","166.604269398989"
"52.56595","-0.64864","166.627676343357"
"52.56598","-0.64855","166.634614031629"
"52.56588","-0.64803","166.671477659086"
"52.56573","-0.64778","166.695220468417"
"52.56545","-0.64751","166.73130925442"
"52.56369","-0.64605","166.95048545535"
"52.56342","-0.64565","166.990888112574"
"52.55901","-0.63807","167.700113175753"
"52.55848","-0.63652","167.820330522693"
"52.55676","-0.62791","168.433004058706"
"52.55595","-0.62052","168.940654298235"
"52.55484","-0.61445","169.369181559518"
"52.55467","-0.6129","169.475663487735"
"52.55458","-0.61241","169.510269543097"
"52.55434","-0.61167","169.56697161984"
"52.55428","-0.61129","169.593514640141"
"52.5543","-0.60997","169.682784328793"
"52.55425","-0.60889","169.756011886714"
"52.55393","-0.60584","169.965263405668"
"52.55428","-0.60355","170.12490197022"
"52.55478","-0.60152","170.272978335173"
"52.55486","-0.60039","170.349890121602"
"52.5548","-0.59973","170.395006586589"
"52.55469","-0.59937","170.422245700199"
"52.55436","-0.59903","170.465545242382"
"52.5542","-0.5989","170.485388947702"
"52.55396","-0.59877","170.513485768158"
"52.55328","-0.59858","170.590181713462"
"52.55316","-0.59851","170.604339538708"
"52.55244","-0.59765","170.703286188915"
"52.55215","-0.59721","170.747158989059"
"52.55195","-0.59683","170.781139290172"
"52.55195","-0.59682","170.781815401857"
"52.55175","-0.59644","170.815795791506"
"52.55114","-0.59556","170.906022358756"
"52.55112","-0.59555","170.908346765944"
"52.55044","-0.59466","171.004981924521"
"52.54963","-0.59397","171.106415629804"
"52.5488","-0.59287","171.224947063015"
"52.54873","-0.59281","171.233724539228"
"52.54812","-0.59207","171.318012083201"
"52.54688","-0.59009","171.510200032365"
"52.54636","-0.58905","171.601242861574"
"52.54444","-0.58649","171.876101039718"
"52.5442","-0.58594","171.921877392256"
"52.54406","-0.58576","171.941638527104"
"52.54343","-0.58632","172.021271948044"
"52.54327","-0.58582","172.0594791707"
"52.54299","-0.58549","172.097785481859"
"52.54286","-0.58541","172.113220022054"
"52.54275","-0.58537","172.125747003035"
"52.54197","-0.58528","172.212692334812"
"52.54196","-0.58527","172.213993782552"
"52.5415","-0.58523","172.265214928551"
"52.54116","-0.58529","172.303238328872"
"52.54097","-0.58537","172.325047095372"
"52.54078","-0.58549","172.347679178146"
"52.54057","-0.58567","172.374012643772"
"52.54056","-0.58567","172.375124593038"
"52.54024","-0.58592","172.414519520466"
"52.54013","-0.58598","172.427406473898"
"52.53992","-0.58599","172.450767199955"
"52.53978","-0.58596","172.466466146469"
"52.53965","-0.58585","172.482723455037"
"52.53941","-0.58555","172.51624705216"
"52.53925","-0.5853","172.540790790711"
"52.53882","-0.58439","172.618725753085"
"52.53875","-0.58415","172.636727094228"
"52.53874","-0.58414","172.638028567745"
"52.53857","-0.5837","172.673282826952"
"52.53845","-0.58349","172.692770325358"
"52.53832","-0.58334","172.710430281144"
"52.53824","-0.58331","172.71955433186"
"52.53822","-0.58325","172.724181705654"
"52.53775","-0.58295","172.78024374843"
"52.53774","-0.58295","172.781355697696"
"52.53764","-0.58284","172.794734465824"
"52.53751","-0.58262","172.815479376184"
"52.53733","-0.58199","172.86255529778"
"52.53727","-0.58202","172.869528705301"
"52.53697","-0.58136","172.925254635475"
"52.53686","-0.58104","172.950114784618"
"52.53671","-0.58037","172.998402035288"
"52.53654","-0.58007","173.026133430788"
"52.53646","-0.57998","173.036912343435"
"52.53629","-0.57992","173.056246170358"
"52.53555","-0.5799","173.138541534366"
"52.5353","-0.57993","173.166414222143"
"52.5349","-0.58004","173.211510172333"
"52.53483","-0.58009","173.219996761886"
"52.53439","-0.58023","173.269830469912"
"52.53387","-0.58033","173.328046101127"
"52.53288","-0.57788","173.526994693196"
"52.53275","-0.57766","173.54774076059"
"52.53275","-0.57764","173.54909357553"
"52.53267","-0.5775","173.562086152767"
"52.53253","-0.57712","173.592136345884"
"52.5323","-0.57619","173.660042781955"
"52.53217","-0.57583","173.688361077343"
"52.53148","-0.5744","173.811823678717"
"52.53087","-0.57333","173.911017244661"
"52.53006","-0.57213","174.032266163531"
"52.52934","-0.57133","174.128900728664"
"52.52789","-0.56888","174.360123996699"
"52.52745","-0.56789","174.443063679931"
"52.52732","-0.56746","174.475546461978"
"52.52732","-0.56742","174.478252426412"
"52.52671","-0.56515","174.646129854255"
"52.5266","-0.56431","174.704257432428"
"52.52655","-0.56157","174.889702501055"
"52.52601","-0.55992","175.016451380012"
"52.526","-0.55991","175.017752955516"
"52.52552","-0.55805","175.154436470061"
"52.5255","-0.55801","175.157939122157"
"52.52536","-0.55747","175.197649753487"
"52.52534","-0.55743","175.201152413199"
"52.5245","-0.55396","175.453806884234"
"52.52447","-0.55316","175.508032370833"
"52.52462","-0.55061","175.681352919671"
"52.5245","-0.54899","175.791760643511"
"52.52442","-0.54855","175.822828930353"
"52.52435","-0.54742","175.899672759591"
"52.52423","-0.54706","175.927443781309"
"52.52397","-0.54666","175.967043771058"
"52.52396","-0.54666","175.968155720324"
"52.52358","-0.54627","176.01797127923"
"52.52238","-0.5453","176.166670292931"
"52.5221","-0.54501","176.203471468125"
"52.52108","-0.54371","176.346998356443"
"52.52108","-0.5437","176.347674943658"
"52.51878","-0.54069","176.674605859311"
"52.51729","-0.53697","176.975947641749"
"52.51721","-0.53688","176.986728061565"
"52.51711","-0.53682","176.99856553543"
"52.51705","-0.53682","177.005237231029"
"52.51695","-0.53652","177.028382703117"
"52.51589","-0.53123","177.405241569906"
"52.51588","-0.53101","177.420169719113"
"52.51592","-0.53077","177.437007793553"
"52.51703","-0.52697","177.722226923853"
"52.51716","-0.5262","177.776296963096"
"52.51718","-0.52574","177.807502091224"
"52.51626","-0.51824","178.3252008804"
"52.51651","-0.51485","178.55626673734"
"52.51614","-0.50691","179.095108087356"
"52.51652","-0.50346","179.332349092495"
"52.51652","-0.5024","179.404074781349"
"52.51659","-0.50131","179.478239961972"
"52.51655","-0.50062","179.525140650682"
"52.51658","-0.49941","179.607084045268"
"52.51663","-0.49896","179.638036983933"
"52.51664","-0.49894","179.63978852119"
"52.5168","-0.49787","179.714344395583"
"52.51583","-0.49726","179.829831682959"
"52.51551","-0.4971","179.867024741042"
"52.51445","-0.49636","179.995087174035"
"52.51386","-0.49573","180.07332706086"
"52.51386","-0.49572","180.074003759265"
"52.51371","-0.49557","180.093528859264"
"52.51371","-0.49556","180.09420555998"
"52.51356","-0.49541","180.113730677993"
"52.51355","-0.49539","180.115482288545"
"52.51319","-0.49502","180.162697987853"
"52.51316","-0.49497","180.167449435608"
"52.51206","-0.49379","180.313522253747"
"52.51205","-0.49379","180.314634203013"
"52.51159","-0.49336","180.373481993177"
"52.51158","-0.49336","180.374593942443"
"52.51158","-0.49335","180.37527067596"
"52.51125","-0.49317","180.413934048463"
"52.51124","-0.49317","180.415045997729"
"52.51119","-0.49314","180.420964828865"
"52.51117","-0.49314","180.423188727397"
"52.51093","-0.49303","180.450894319787"
"52.5109","-0.49303","180.454230167587"
"52.51073","-0.49298","180.473433766556"
"52.50992","-0.49289","180.563707364363"
"52.50978","-0.49284","180.579638171539"
"52.50961","-0.49273","180.599954360178"
"52.50663","-0.49015","180.974506135886"
"52.50662","-0.49015","180.975618085152"
"52.50582","-0.48949","181.075159814295"
"52.50551","-0.48932","181.111499858457"
"52.5054","-0.48928","181.124027336509"
"52.50532","-0.48927","181.132948642067"
"52.50531","-0.48926","181.13425038321"
"52.50517","-0.48925","181.14983237955"
"52.50494","-0.48928","181.175487691433"
"52.50493","-0.48929","181.176789435618"
"52.50475","-0.48929","181.196804522414"
"52.50424","-0.48922","181.2537115093"
"52.50422","-0.48921","181.256036126717"
"52.50382","-0.48916","181.30064266233"
"52.50377","-0.48918","181.306364838606"
"52.50308","-0.48923","181.383163941866"
"52.50308","-0.48924","181.383840806268"
"52.50239","-0.48929","181.460639911868"
"52.50236","-0.48928","181.464043739221"
"52.50217","-0.48928","181.485170775284"
"52.50208","-0.48926","181.495269467584"
"52.502","-0.48922","181.504567976522"
"52.50199","-0.48922","181.505679925789"
"52.50166","-0.48903","181.544562743135"
"52.50165","-0.48903","181.545674692401"
"52.50135","-0.48886","181.580962106554"
"52.50125","-0.48878","181.593330081264"
"52.50092","-0.4887","181.630421825811"
"52.50079","-0.48869","181.644893006126"
"52.50079","-0.48868","181.645569905787"
"52.50051","-0.48866","181.676733904607"
"52.49979","-0.48883","181.757617035526"
"52.49889","-0.48843","181.861290802154"
"52.49872","-0.4883","181.882141947053"
"52.49872","-0.48829","181.882818878585"
"52.49871","-0.48829","181.883930827851"
"52.49867","-0.48825","181.889138004585"
"52.49712","-0.48593","182.122312392223"
"52.49712","-0.48592","182.122989348389"
"52.4966","-0.48515","182.20083806566"
"52.49659","-0.48512","182.203153439609"
"52.49658","-0.48512","182.204265388875"
"52.49658","-0.48511","182.204942353355"
"52.49618","-0.48452","182.264721783133"
"52.49618","-0.48451","182.265398753771"
"52.49494","-0.48267","182.451214910045"
"52.49468","-0.48234","182.487751680014"
"52.4944","-0.48208","182.523517427288"
"52.49439","-0.48208","182.524629376554"
"52.49439","-0.48207","182.525306374751"
"52.49352","-0.48131","182.634877785771"
"52.49343","-0.48126","182.645442328623"
"52.49332","-0.4811","182.661780785933"
"52.49308","-0.48026","182.724600461085"
"52.49294","-0.4799","182.753520506238"
"52.49271","-0.47965","182.784188838087"
"52.49223","-0.47939","182.84039020131"
"52.49176","-0.47908","182.896708726314"
"52.49163","-0.47893","182.914374879942"
"52.49162","-0.47893","182.915486829208"
"52.4915","-0.47872","182.934985396265"
"52.49134","-0.47825","182.971442309353"
"52.49118","-0.47795","182.998443772378"
"52.49052","-0.47704","183.094266042786"
"52.48966","-0.47629","183.202539936437"
"52.48919","-0.47567","183.269573372908"
"52.48891","-0.47514","183.317082467133"
"52.48794","-0.47372","183.461573937316"
"52.48779","-0.47354","183.482231596658"
"52.4876","-0.47337","183.506290864366"
"52.48669","-0.4728","183.614588972465"
"52.4866","-0.47276","183.624956553334"
"52.48612","-0.47241","183.683355119353"
"52.48603","-0.47232","183.695072176"
"52.48594","-0.47229","183.705283808623"
"52.48544","-0.47187","183.767732875095"
"52.48538","-0.47178","183.776768976948"
"52.48489","-0.47144","183.835918953918"
"52.4848","-0.47133","183.848394230068"
"52.48347","-0.47012","184.017464393333"
"52.48289","-0.46944","184.096709185304"
"52.4826","-0.46901","184.140157238022"
"52.48212","-0.46866","184.198556678652"
"52.48206","-0.46865","184.205262653983"
"52.48131","-0.46879","184.289196015976"
"52.48106","-0.46877","184.317027722523"
"52.48086","-0.46886","184.340086768418"
"52.48079","-0.46934","184.373511625372"
"52.48081","-0.47033","184.440592032652"
"52.48092","-0.47148","184.519425437717"
"52.48096","-0.47163","184.530514597393"
"52.48101","-0.47228","184.574882617137"
"52.481","-0.47244","184.585774791542"
"52.48107","-0.47315","184.634482211659"
"52.481","-0.47317","184.642382815893"
"52.481","-0.47368","184.676920236489"
"52.48093","-0.47423","184.714971117848"
"52.48075","-0.47465","184.749750278785"
"52.47978","-0.47426","184.860795960662"
"52.47867","-0.47425","184.984224187184"
"52.47523","-0.47442","185.366907973773"
"52.47488","-0.4744","185.405849764991"
"52.47441","-0.47432","185.458391516973"
"52.47398","-0.4742","185.50689121683"
"52.47195","-0.47328","185.74106027683"
"52.47133","-0.47308","185.811319523625"
"52.47092","-0.47301","185.857155345493"
"52.4709","-0.473","185.85948011231"
"52.46987","-0.47291","185.974173020908"
"52.46971","-0.47287","185.992169348603"
"52.46932","-0.47269","186.03721685287"
"52.46866","-0.47221","186.117485767362"
"52.46783","-0.47135","186.22662599337"
"52.4672","-0.47084","186.304734635817"
"52.46658","-0.4702","186.386174769368"
"52.46515","-0.46828","186.591604694796"
"52.46478","-0.46788","186.640869066421"
"52.46231","-0.46591","186.9462304618"
"52.46222","-0.46586","186.956795774523"
"52.46189","-0.4656","186.997499067019"
"52.46085","-0.46497","187.120767351766"
"52.46026","-0.46469","187.189060089148"
"52.45999","-0.4646","187.219695699807"
"52.45966","-0.46444","187.257957817222"
"52.45821","-0.46394","187.422711056264"
"52.45814","-0.46395","187.430524135619"
"52.45707","-0.4636","187.551843095429"
"52.457","-0.46356","187.560085110563"
"52.45657","-0.46342","187.608830847935"
"52.45656","-0.46352","187.615697284371"
"52.456","-0.46333","187.679283374664"
"52.4543","-0.46261","187.874509056662"
"52.45373","-0.46245","187.938810782724"
"52.45368","-0.46241","187.94499605365"
"52.45339","-0.46232","187.977814220306"
"52.45311","-0.46227","188.009132611802"
"52.4531","-0.46226","188.010434770973"
"52.45291","-0.46226","188.031561807035"
"52.45288","-0.46225","188.034965785921"
"52.45287","-0.46204","188.049239543682"
"52.45294","-0.46172","188.072278580731"
"52.45303","-0.46078","188.136757665084"
"52.45275","-0.46042","188.176311105308"
"52.45257","-0.46008","188.206830525109"
"52.45239","-0.45935","188.260194206182"
"52.45207","-0.45707","188.418742143522"
"52.45197","-0.45671","188.445552201812"
"52.45196","-0.4567","188.446854370111"
"52.4519","-0.45655","188.459013078328"
"52.45168","-0.45628","188.489561404704"
"52.45129","-0.45508","188.581721026535"
"52.45117","-0.45331","188.702407194188"
"52.45107","-0.45283","188.736783146655"
"52.45051","-0.45098","188.876764527279"
"52.45039","-0.44994","188.948494682316"
"52.45035","-0.4488","189.025877643757"
"52.45044","-0.44745","189.117909540686"
"52.45038","-0.44741","189.125110889082"
"52.45007","-0.44652","189.19457965153"
"52.44927","-0.44224","189.497963985513"
"52.44895","-0.44106","189.58549106697"
"52.44838","-0.43981","189.691289997566"
"52.44749","-0.43819","189.839099040629"
"52.44714","-0.43738","189.906390559368"
"52.4459","-0.43404","190.171441096687"
"52.4458","-0.43387","190.18745334143"
"52.44569","-0.43375","190.202141882884"
"52.44551","-0.43362","190.224010417571"
"52.4445","-0.43309","190.341922105267"
"52.4442","-0.43287","190.378461441504"
"52.44418","-0.43284","190.381474759268"
"52.44414","-0.43281","190.386365287219"
"52.44401","-0.43259","190.407132922675"
"52.44372","-0.43137","190.49588680131"
"52.44309","-0.4293","190.652704470176"
"52.44304","-0.42921","190.660958070184"
"52.44196","-0.42628","190.893038860524"
"52.44183","-0.42609","190.912398816371"
"52.44178","-0.42598","190.92169940567"
"52.44172","-0.42593","190.92918252839"
"52.44163","-0.42592","190.939212999493"
"52.44139","-0.42567","190.970825142253"
"52.44117","-0.4253","191.005859379113"
"52.44107","-0.42505","191.026127369047"
"52.4377","-0.4131","191.918629381228"
"52.43769","-0.41309","191.919931663794"
"52.43636","-0.40924","192.219904964114"
"52.43635","-0.40923","192.221207257411"
"52.43579","-0.40724","192.369786511594"
"52.43504","-0.40521","192.530698846212"
"52.43428","-0.40365","192.666071557323"
"52.43406","-0.40398","192.699221485482"
"52.43385","-0.40423","192.728074697502"
"52.43371","-0.40433","192.745054083419"
"52.4334","-0.4044","192.779849636488"
"52.43327","-0.40433","192.795064012934"
"52.43312","-0.40417","192.814960124884"
"52.43286","-0.40331","192.880037614724"
"52.43278","-0.40287","192.911165372561"
"52.43269","-0.40192","192.976343211476"
"52.4327","-0.40181","192.983883079094"
"52.43263","-0.4013","193.019323735943"
"52.43253","-0.40098","193.043701785114"
"52.43236","-0.4007","193.070491135339"
"52.43115","-0.39931","193.234756622537"
"52.42865","-0.39592","193.595454325448"
"52.42814","-0.39548","193.659531949272"
"52.4273","-0.39444","193.776564230594"
"52.42698","-0.39387","193.829097692259"
"52.42685","-0.39369","193.848016215987"
"52.42601","-0.39274","193.961477420754"
"52.42538","-0.39222","194.03990307768"
"52.42325","-0.39085","194.294314953999"
"52.4217","-0.3897","194.483488049305"
"52.41896","-0.38632","194.864754097213"
"52.41772","-0.38497","195.030263219775"
"52.41741","-0.38455","195.074979261566"
"52.41693","-0.38373","195.152059432051"
"52.4159","-0.38161","195.33587838418"
"52.41574","-0.38137","195.359991994793"
"52.41501","-0.38051","195.45994654181"
"52.4149","-0.38033","195.47722782291"
"52.4149","-0.38032","195.477906044251"
"52.41488","-0.38029","195.480920274541"
"52.41482","-0.38006","195.497886231889"
"52.41467","-0.37857","195.600308776913"
"52.41442","-0.37783","195.657681971368"
"52.41441","-0.37783","195.658793920634"
"52.4141","-0.37684","195.734270057564"
"52.41431","-0.37659","195.763127731149"
"52.41429","-0.37655","195.766635675267"
"52.41423","-0.37626","195.787405110779"
"52.41418","-0.37612","195.798408315838"
"52.41416","-0.37598","195.808160526361"
"52.41404","-0.37561","195.836582125319"
"52.41367","-0.37492","195.898893944225"
"52.41347","-0.37435","195.943493845969"
"52.41334","-0.37325","196.01948820691"
"52.41335","-0.37308","196.031071869372"
"52.41342","-0.37275","196.054768753644"
"52.41369","-0.37193","196.11797065756"
"52.41371","-0.37181","196.126407899549"
"52.4136","-0.37119","196.170201588846"
"52.41357","-0.37073","196.201578530484"
"52.4135","-0.3704","196.225275342854"
"52.41305","-0.36948","196.305258879923"
"52.41293","-0.36916","196.330736530854"
"52.4122","-0.36785","196.451084219935"
"52.41035","-0.36329","196.822540614697"
"52.40897","-0.36048","197.06723642205"
"52.40846","-0.3592","197.170940097973"
"52.40607","-0.35093","197.791690969769"
"52.40595","-0.35018","197.844288501663"
"52.40594","-0.35017","197.845591038486"
"52.4051","-0.34413","198.265835298565"
"52.40483","-0.34268","198.368679275354"
"52.40404","-0.33959","198.595961396392"
"52.40379","-0.33805","198.704068701595"
"52.40313","-0.33495","198.926809155844"
"52.40316","-0.3345","198.957518966293"
"52.40354","-0.3339","199.016189377313"
"52.4039","-0.33318","199.079341431331"
"52.40424","-0.33271","199.128797660406"
"52.40492","-0.33213","199.214034793123"
"52.40502","-0.3319","199.233194238288"
"52.40504","-0.33188","199.23579932659"
"52.40503","-0.33126","199.277873151607"
"52.40462","-0.32839","199.477833625027"
"52.40461","-0.32837","199.479587827462"
"52.40458","-0.32766","199.527868174327"
"52.40472","-0.32676","199.59087566981"
"52.40473","-0.3265","199.608548508751"
"52.40471","-0.32629","199.6229669833"
"52.40466","-0.32608","199.638259392689"
"52.40444","-0.32553","199.682874838604"
"52.40419","-0.32462","199.750578067317"
"52.40405","-0.32391","199.801196783998"
"52.404","-0.32341","199.835568842891"
"52.40397","-0.32189","199.938737944474"
"52.4036","-0.31913","200.130441083465"
"52.40327","-0.31749","200.247593297781"
"52.40246","-0.31491","200.444436699824"
"52.40099","-0.30785","200.950527323346"
"52.40077","-0.30728","200.996286165215"
"52.40065","-0.30709","201.014838988432"
"52.40037","-0.30639","201.071625919847"
"52.39993","-0.30496","201.180282442691"
"52.39906","-0.30262","201.366193818044"
"52.39869","-0.30101","201.482918238525"
"52.39858","-0.30076","201.503830205655"
"52.39609","-0.29658","201.900181406102"
"52.39608","-0.29658","201.901293355369"
"52.39517","-0.29494","202.051697600433"
"52.39349","-0.29095","202.380628135846"
"52.39296","-0.29005","202.465496680955"
"52.39264","-0.28965","202.510249534915"
"52.39164","-0.28872","202.638104225417"
"52.39129","-0.28833","202.685168094735"
"52.39098","-0.28783","202.733535546201"
"52.39068","-0.28713","202.791580108815"
"52.39011","-0.28621","202.880545261002"
"52.38896","-0.28381","203.087613784321"
"52.38817","-0.28266","203.205117504097"
"52.38811","-0.28262","203.212320295369"
"52.38761","-0.28207","203.279284738549"
"52.38639","-0.28055","203.449707638865"
"52.38571","-0.27984","203.539368512698"
"52.38427","-0.27849","203.72384946472"
"52.38379","-0.2781","203.783425911385"
"52.3823","-0.27731","203.957566422636"
"52.38198","-0.27707","203.996700169097"
"52.38147","-0.2766","204.061766224347"
"52.38084","-0.27582","204.149574097753"
"52.37985","-0.27427","204.301845904743"
"52.37977","-0.2742","204.311930878441"
"52.3794","-0.27409","204.353745009017"
"52.37913","-0.27405","204.383890157329"
"52.37897","-0.27398","204.402304886664"
"52.37886","-0.27381","204.419120373124"
"52.37864","-0.27278","204.493190655725"
"52.37794","-0.27092","204.641509743501"
"52.37786","-0.27056","204.667514966005"
"52.37752","-0.26962","204.741680960343"
"52.37737","-0.26906","204.783191900515"
"52.3773","-0.26896","204.793519626495"
"52.37727","-0.26888","204.799892780902"
"52.37725","-0.2689","204.802498314016"
"52.37708","-0.26879","204.82282273188"
"52.37696","-0.26874","204.836591008901"
"52.37685","-0.26865","204.850263283903"
"52.37676","-0.26852","204.863605794168"
"52.37642","-0.26735","204.951565898372"
"52.37634","-0.2672","204.965086581462"
"52.37526","-0.2662","205.103034880334"
"52.37408","-0.26486","205.262692688858"
"52.37408","-0.26485","205.263371537805"
"52.37359","-0.26427","205.330594602175"
"52.37344","-0.26415","205.349156904831"
"52.37343","-0.26415","205.350268854097"
"52.37269","-0.2637","205.438040904773"
"52.3723","-0.26326","205.490698801964"
"52.37224","-0.26316","205.500217146814"
"52.37158","-0.26154","205.632433862168"
"52.37145","-0.26134","205.652265973415"
"52.37125","-0.26116","205.677641192758"
"52.37121","-0.26114","205.682291620719"
"52.37102","-0.26114","205.703418656781"
"52.37091","-0.26116","205.715725231256"
"52.37082","-0.2612","205.726094675438"
"52.37075","-0.26121","205.733907871458"
"52.37066","-0.26115","205.744712664496"
"52.36991","-0.25913","205.905218442287"
"52.37029","-0.25885","205.951551660061"
"52.37017","-0.2584","205.984889348524"
"52.37007","-0.25814","206.005751372548"
"52.36986","-0.25783","206.037187211436"
"52.36941","-0.25735","206.096901135653"
"52.36932","-0.25722","206.1102446292"
"52.36927","-0.25711","206.119555053747"
"52.36915","-0.25666","206.152893388714"
"52.36908","-0.25622","206.183763503967"
"52.36914","-0.25577","206.215035124296"
"52.36954","-0.25459","206.306666702946"
"52.36931","-0.25423","206.342042419304"
"52.36924","-0.25406","206.355963470999"
"52.36934","-0.25396","206.368991774908"
"52.36959","-0.2536","206.406007144937"
"52.36965","-0.25345","206.418181730771"
"52.36966","-0.25344","206.419484558238"
"52.36966","-0.25342","206.420842392005"
"52.36988","-0.25283","206.467777618983"
"52.36989","-0.25275","206.47332158248"
"52.36993","-0.25276","206.477820895945"
"52.36998","-0.25274","206.483544047803"
"52.37002","-0.2527","206.488755346619"
"52.37007","-0.25258","206.498618574977"
"52.37007","-0.25242","206.509481144283"
"52.37003","-0.25229","206.519364381502"
"52.36998","-0.25224","206.525878504823"
"52.37022","-0.25065","206.6370750712"
"52.3705","-0.24966","206.711147842873"
"52.37084","-0.24877","206.782423078582"
"52.37252","-0.24567","207.063827015726"
"52.37261","-0.24561","207.074631744098"
"52.37262","-0.24559","207.076386707639"
"52.37265","-0.2456","207.079790932454"
"52.37266","-0.24561","207.081093735894"
"52.37273","-0.24561","207.088877380758"
"52.37282","-0.24554","207.099955883277"
"52.37284","-0.24551","207.102971423442"
"52.37284","-0.24549","207.104329159455"
"52.37286","-0.24546","207.107344698998"
"52.37286","-0.24544","207.108702434396"
"52.37287","-0.24543","207.110005236153"
"52.37287","-0.24539","207.112720706333"
"52.37288","-0.24537","207.114475663691"
"52.37288","-0.24524","207.123300939779"
"52.37287","-0.24522","207.125055897137"
"52.37287","-0.2452","207.126413632227"
"52.37286","-0.24519","207.127716433984"
"52.37286","-0.24517","207.129074169382"
"52.37284","-0.24512","207.133132157026"
"52.37286","-0.24502","207.140275817208"
"52.37282","-0.24492","207.14839179378"
"52.37307","-0.24409","207.211221970596"
"52.37308","-0.24361","207.243826428105"
"52.37309","-0.24359","207.245581380468"
"52.37309","-0.24357","207.246939108796"
"52.3731","-0.24355","207.248694060922"
"52.37304","-0.24331","207.266299887708"
"52.37306","-0.2432","207.274091515815"
"52.37216","-0.2414","207.432038245259"
"52.37212","-0.24122","207.445042354043"
"52.37066","-0.23842","207.69502175718"
"52.37019","-0.23735","207.78451063851"
"52.36926","-0.23561","207.941510359287"
"52.36919","-0.23542","207.95657632959"
"52.36824","-0.23365","208.116575788054"
"52.36816","-0.23357","208.126998501022"
"52.36715","-0.23157","208.303213237957"
"52.36712","-0.23143","208.31328697229"
"52.36582","-0.22887","208.539356510428"
"52.36534","-0.2276","208.640768643233"
"52.36514","-0.22717","208.677470130282"
"52.36473","-0.22658","208.738160120401"
"52.36465","-0.22653","208.747681537913"
"52.36455","-0.22639","208.762310472585"
"52.36328","-0.22387","208.984168068111"
"52.36322","-0.22367","208.99929870879"
"52.36323","-0.22355","209.007522419739"
"52.36321","-0.22348","209.012770065792"
"52.36294","-0.22311","209.051917953127"
"52.36143","-0.22015","209.313815290221"
"52.36142","-0.22011","209.316750257208"
"52.36051","-0.21866","209.457937069412"
"52.35969","-0.21712","209.596680958334"
"52.35968","-0.21708","209.599616024309"
"52.35964","-0.21702","209.605647924922"
"52.35841","-0.21411","209.845973991561"
"52.35727","-0.21195","210.039843102666"
"52.35638","-0.21062","210.173827682265"
"52.35525","-0.20911","210.336013380062"
"52.35352","-0.20724","210.566522583338"
"52.35325","-0.20678","210.609851569222"
"52.35325","-0.20677","210.610530738296"
"52.35274","-0.20579","210.697972443105"
"52.35252","-0.20548","210.730248226601"
"52.35264","-0.20532","210.747456798606"
"52.35278","-0.20519","210.765353646126"
"52.35295","-0.20485","210.795196011117"
"52.35295","-0.20484","210.795875184801"
"52.35328","-0.20416","210.854861640666"
"52.35364","-0.20362","210.909152221597"
"52.35434","-0.20274","211.007287194451"
"52.35487","-0.20221","211.076343439051"
"52.35529","-0.20187","211.128441896613"
"52.35539","-0.20184","211.139746504532"
"52.35543","-0.20186","211.144397074488"
"52.35552","-0.20134","211.181102675352"
"52.35554","-0.20132","211.183708556557"
"52.35549","-0.19996","211.276238000281"
"52.35574","-0.19895","211.350249402348"
"52.35575","-0.19866","211.369975558474"
"52.35558","-0.19793","211.423033745248"
"52.35523","-0.19678","211.510293916119"
"52.35467","-0.19588","211.597549018274"
"52.35441","-0.19536","211.643189246715"
"52.35426","-0.19515","211.665134801499"
"52.35392","-0.19478","211.710530505323"
"52.35366","-0.19433","211.75260041947"
"52.35347","-0.19388","211.78975430712"
"52.3534","-0.19327","211.831908296006"
"52.35329","-0.19291","211.859247139076"
"52.35311","-0.19175","211.940533517771"
"52.3526","-0.18985","212.081487854036"
"52.3526","-0.18938","212.113409269974"
"52.35281","-0.18916","212.141131582973"
"52.353","-0.18901","212.164586628596"
"52.35309","-0.1889","212.177075230961"
"52.35324","-0.1886","212.203406622468"
"52.35333","-0.18831","212.225499130511"
"52.35337","-0.18802","212.245690954216"
"52.35342","-0.1859","212.389781627123"
"52.35349","-0.18517","212.439968014926"
"52.35358","-0.18278","212.602596582133"
"52.3536","-0.18275","212.60561272147"
"52.35364","-0.18252","212.62185436478"
"52.35361","-0.18239","212.631292653527"
"52.35357","-0.1824","212.635792004844"
"52.35356","-0.18239","212.637094961186"
"52.35354","-0.18239","212.639318859718"
"52.35353","-0.18238","212.6406218163"
"52.3535","-0.18237","212.644026099726"
"52.35345","-0.18231","212.650919310367"
"52.35344","-0.18223","212.656465254029"
"52.35343","-0.18221","212.658220673708"
"52.35343","-0.1821","212.665691503101"
"52.35344","-0.18209","212.666994460483"
"52.35344","-0.18206","212.669031958948"
"52.35346","-0.18203","212.672048102644"
"52.35338","-0.18194","212.682841351862"
"52.3534","-0.18189","212.686900590389"
"52.35341","-0.18188","212.688203548012"
"52.35341","-0.18187","212.688882714628"
"52.35342","-0.18187","212.689994663895"
"52.35344","-0.18185","212.69260057874"
"52.35346","-0.18154","212.713771851491"
"52.35348","-0.18148","212.718414189492"
"52.35296","-0.17624","213.078965609824"
"52.35264","-0.17461","213.195249118914"
"52.35221","-0.17322","213.301073047297"
"52.35166","-0.17196","213.406257516696"
"52.34434","-0.15724","214.695528921515"
"52.34434","-0.15723","214.696208227496"
"52.34203","-0.15264","215.100191425771"
"52.34161","-0.15198","215.164932438659"
"52.34151","-0.1519","215.177309031672"
"52.34145","-0.15183","215.185502066624"
"52.3411","-0.15161","215.227191443614"
"52.34102","-0.15165","215.23649284116"
"52.34095","-0.15165","215.244276486025"
"52.34092","-0.15164","215.247680808019"
"52.34081","-0.15153","215.262014446762"
"52.34072","-0.15134","215.278347349254"
"52.34071","-0.15124","215.285231364064"
"52.3407","-0.15122","215.286987086467"
"52.3407","-0.15117","215.290383896001"
"52.34065","-0.15111","215.297277804304"
"52.34028","-0.15085","215.342051386107"
"52.33997","-0.1507","215.377996592899"
"52.33983","-0.15058","215.395569401692"
"52.3397","-0.1505","215.411012723987"
"52.33935","-0.1502","215.454944826154"
"52.33903","-0.14985","215.497741106005"
"52.33873","-0.14942","215.542083321577"
"52.33833","-0.14861","215.612841377492"
"52.33802","-0.14774","215.681266150599"
"52.33785","-0.147","215.734978320611"
"52.33776","-0.14637","215.778935273202"
"52.3377","-0.14549","215.839094230227"
"52.33781","-0.14269","216.029721048775"
"52.33775","-0.14111","216.137274445178"
"52.3376","-0.14004","216.211860011763"
"52.33638","-0.13494","216.583972649536"
"52.33605","-0.13173","216.805135263181"
"52.33598","-0.13144","216.826320548081"
"52.33584","-0.13049","216.892717646506"
"52.3355","-0.12907","216.99634088283"
"52.33438","-0.12542","217.273853932707"
"52.33434","-0.12498","217.304079191154"
"52.33438","-0.1238","217.384378666292"
"52.33426","-0.12324","217.424700248611"
"52.33384","-0.1222","217.509402684926"
"52.33375","-0.1216","217.551381098655"
"52.33374","-0.12088","217.60031548438"
"52.33366","-0.12055","217.62443808237"
"52.33364","-0.12051","217.627949862701"
"52.33361","-0.12048","217.631859210884"
"52.33348","-0.12047","217.646330511789"
"52.33321","-0.1205","217.676422263135"
"52.33317","-0.12048","217.681073032561"
"52.33311","-0.1204","217.689678827656"
"52.33308","-0.12026","217.699759471856"
"52.33308","-0.12009","217.711310614403"
"52.33294","-0.12026","217.730695397766"
"52.33273","-0.11948","217.788611107352"
"52.33265","-0.11883","217.833664556967"
"52.33247","-0.11801","217.892868370346"
"52.33247","-0.1177","217.913932509019"
"52.33244","-0.11748","217.929248937015"
"52.33216","-0.11638","218.010218241956"
"52.33203","-0.11612","218.033045294796"
"52.33182","-0.11583","218.063599658218"
"52.33151","-0.11549","218.105096165071"
"52.3315","-0.11545","218.108032833945"
"52.33147","-0.1154","218.112794241812"
"52.33119","-0.11438","218.188775702258"
"52.33059","-0.11104","218.42533590412"
"52.33059","-0.11089","218.435528662491"
"52.33062","-0.11074","218.446253406464"
"52.33072","-0.11048","218.467128767572"
"52.33068","-0.10995","218.503416704758"
"52.33066","-0.10989","218.508060887815"
"52.33066","-0.10985","218.510778952413"
"52.33008","-0.10799","218.652673268625"
"52.32963","-0.10625","218.781063255421"
"52.3291","-0.10472","218.90057346897"
"52.32909","-0.10471","218.901876621318"
"52.3286","-0.10279","219.04326874438"
"52.32797","-0.09941","219.283402739346"
"52.32791","-0.0988","219.325389231708"
"52.32813","-0.09241","219.760314482126"
"52.32809","-0.09017","219.912599841318"
"52.32798","-0.08904","219.99035776098"
"52.32794","-0.08801","220.060493371679"
"52.32822","-0.0834","220.375311926837"
"52.3283","-0.08317","220.393295800814"
"52.32778","-0.08261","220.462516498245"
"52.32751","-0.08207","220.509929388053"
"52.32721","-0.08116","220.580193502038"
"52.32721","-0.08096","220.593784884963"
"52.32683","-0.07995","220.67438521983"
"52.32682","-0.07981","220.683964029497"
"52.32694","-0.07957","220.705036643251"
"52.32696","-0.07938","220.718138651469"
"52.32702","-0.07921","220.731479459558"
"52.32697","-0.07909","220.741349245472"
"52.32677","-0.0782","220.805790374946"
"52.32644","-0.07841","220.845162181976"
"52.32619","-0.0785","220.873625806968"
"52.32614","-0.07849","220.879226933222"
"52.32609","-0.07845","220.88541564655"
"52.32528","-0.07693","221.02246569712"
"52.32509","-0.07666","221.050448639122"
"52.32441","-0.07545","221.162160016149"
"52.32443","-0.0754","221.166221116559"
"52.32444","-0.07539","221.167524306236"
"52.32444","-0.07529","221.174320423191"
"52.32443","-0.07529","221.175432372458"
"52.32443","-0.07526","221.177471208006"
"52.32442","-0.07526","221.178583157272"
"52.32442","-0.07524","221.179942381277"
"52.32441","-0.07524","221.181054330544"
"52.32441","-0.07522","221.182413554857"
"52.3244","-0.07522","221.183525504124"
"52.3244","-0.07521","221.184205116434"
"52.32439","-0.07521","221.1853170657"
"52.32437","-0.07519","221.187923445933"
"52.32323","-0.07258","221.405943527836"
"52.32323","-0.07246","221.414099091215"
"52.32295","-0.07215","221.451692284367"
"52.32272","-0.07144","221.506304902426"
"52.32246","-0.07012","221.600560720252"
"52.32229","-0.06957","221.642448928621"
"52.32161","-0.06833","221.755673492391"
"52.3216","-0.06827","221.759900306331"
"52.32158","-0.06827","221.762124204864"
"52.32158","-0.06817","221.768920761121"
"52.32066","-0.0663","221.932073393127"
"52.31973","-0.06474","222.080182030534"
"52.31914","-0.06405","222.160826232344"
"52.31907","-0.064","222.169319448078"
"52.31841","-0.06289","222.2745719355"
"52.31798","-0.06203","222.350091014697"
"52.31365","-0.05475","223.040523838328"
"52.3129","-0.05314","223.178121634743"
"52.31219","-0.05132","223.324887183328"
"52.31218","-0.05119","223.333794262095"
"52.30995","-0.04533","223.803035565291"
"52.3092","-0.0428","223.994186711635"
"52.30842","-0.03914","224.257695150177"
"52.30813","-0.03702","224.405388704403"
"52.30776","-0.03223","224.733632643326"
"52.30773","-0.03213","224.741205617987"
"52.30769","-0.03014","224.876572569913"
"52.30771","-0.03003","224.884374783487"
"52.3073","-0.01315","226.03290355591"
"52.30727","-0.01304","226.041092435019"
"52.3071","-0.00767","226.406675266034"
"52.30684","-0.00393","226.662588662109"
"52.30645","-0.00128","226.847903717566"
"52.30608","0.00049","226.975082934157"
"52.29473","0.0436","230.166617277058"
"52.29472","0.0436","230.167729226325"
"52.28945","0.06332","231.631334627026"
"52.28905","0.06446","231.720723266788"
"52.28782","0.06721","231.952438393409"
"52.2866","0.06937","232.152409431491"
"52.28623","0.06988","232.206224566715"
"52.28628","0.07001","232.21666975286"
"52.28594","0.0705","232.267070060557"
"52.28594","0.07051","232.267750263478"
"52.28499","0.07167","232.399601290175"
"52.28378","0.07289","232.55768209845"
"52.28271","0.07377","232.690871059749"
"52.28","0.07525","233.008583657233"
"52.27916","0.07554","233.104048208695"
"52.27714","0.07588","233.329849845236"
"52.27346","0.07602","233.739158021282"
"52.27322","0.076","233.765879475422"
"52.26999","0.07616","234.12520404926"
"52.26834","0.07616","234.308675678224"
"52.26819","0.07613","234.325479380801"
"52.26749","0.07633","234.404496685032"
"52.26572","0.07701","234.606678369386"
"52.26537","0.0772","234.647688222007"
"52.26453","0.07776","234.748567284453"
"52.26284","0.07909","234.957148706246"
"52.2622","0.07976","235.041668353004"
"52.26117","0.08098","235.183129686415"
"52.25462","0.09088","236.17535082816"
"52.25508","0.0923","236.284707046563"
"52.25519","0.09277","236.318957315368"
"52.25519","0.093","236.33461283834"
"52.25516","0.09317","236.346655552739"
"52.2549","0.09395","236.40710947372"
"52.25488","0.09406","236.414920235632"
"52.25473","0.09446","236.446850146681"
"52.25458","0.09433","236.465731346356"
"52.25412","0.09402","236.521062658857"
"52.25404","0.09399","236.530189633639"
"52.25392","0.09398","236.543550375844"
"52.25385","0.09399","236.551363728069"
"52.2537","0.09396","236.568167511707"
"52.25364","0.09392","236.575373420645"
"52.25348","0.09373","236.597368797255"
"52.25342","0.09369","236.604574711295"
"52.25338","0.09368","236.609074295106"
"52.25326","0.09369","236.622435037827"
"52.25315","0.0938","236.636776401366"
"52.25294","0.0943","236.678051987575"
"52.25279","0.09449","236.69915820627"
"52.25249","0.09465","236.734249675119"
"52.25244","0.0948","236.745875947695"
"52.2522","0.09465","236.774449440147"
"52.25132","0.09605","236.911041412378"
"52.25124","0.09609","236.920344422391"
"52.25108","0.09648","236.952303171231"
"52.25089","0.09719","237.005051462534"
"52.25076","0.09795","237.058769339492"
"52.25048","0.09911","237.143651954233"
"52.25033","0.09941","237.170019993344"
"52.24972","0.10177","237.34440963863"
"52.24923","0.10409","237.511480712716"
"52.24915","0.10422","237.524028763487"
"52.2484","0.10767","237.773262272967"
"52.2484","0.10781","237.782793180468"
"52.2482","0.108","237.808520254774"
"52.24795","0.10847","237.850906196398"
"52.24792","0.1086","237.86036422447"
"52.24779","0.1086","237.874819564933"
"52.24717","0.10871","237.94416595944"
"52.24691","0.1088","237.97371879431"
"52.24654","0.10898","238.01664718485"
"52.24574","0.1095","238.112388939244"
"52.24524","0.10971","238.169795303744"
"52.24517","0.10978","238.178922074681"
"52.24513","0.10986","238.185954051418"
"52.2451","0.1098","238.191228036467"
"52.24503","0.10978","238.199129887319"
"52.24431","0.11006","238.28142856945"
"52.24314","0.1106","238.416621916349"
"52.24291","0.11065","238.442422331111"
"52.24214","0.11067","238.528053252778"
"52.23587","0.12978","240.004303162739"
"52.23574","0.13","240.02512139922"
"52.23363","0.13631","240.514705940847"
"52.2336","0.1363","240.518110592026"
"52.23354","0.13634","240.525316967191"
"52.23342","0.13657","240.54589320206"
"52.23341","0.13657","240.547005151327"
"52.2334","0.13658","240.548309070293"
"52.23339","0.13657","240.54961298934"
"52.23315","0.13701","240.58973848389"
"52.2314","0.1396","240.852374503337"
"52.23135","0.13971","240.861703624704"
"52.22868","0.14375","241.266488455269"
"52.22862","0.14388","241.277574754727"
"52.22805","0.14474","241.36387665064"
"52.22798","0.14489","241.376720306923"
"52.22782","0.14514","241.401346648779"
"52.22769","0.14523","241.417047988994"
"52.22628","0.14709","241.618618912743"
"52.22534","0.14805","241.74191005214"
"52.22502","0.14831","241.781655902128"
"52.2244","0.14871","241.855785314193"
"52.22436","0.14877","241.861825639847"
"52.22435","0.14894","241.873458422245"
"52.22401","0.14929","241.918153758854"
"52.22377","0.14959","241.951765653353"
"52.2237","0.14974","241.964610093025"
"52.22348","0.14991","241.991675245936"
"52.22189","0.1521","242.223001857214"
"52.22194","0.15227","242.235847506691"
"52.22193","0.15233","242.240083177338"
"52.22128","0.15354","242.349708173146"
"52.22093","0.1543","242.414475977851"
"52.22076","0.15436","242.433815933982"
"52.22058","0.15457","242.458417665063"
"52.2204","0.15491","242.48902873903"
"52.22038","0.15516","242.506203550375"
"52.22012","0.15534","242.537607039872"
"52.22017","0.1556","242.556170686592"
"52.22023","0.15577","242.569535633696"
"52.22038","0.15707","242.659649980566"
"52.22059","0.15694","242.684623756727"
"52.22051","0.15692","242.693623076895"
"52.22","0.15664","242.75345426724"
"52.21985","0.15653","242.771739444063"
"52.21996","0.15676","242.791616405303"
"52.22","0.1568","242.796832511455"
"52.22004","0.15682","242.8014842973"
"52.22002","0.15688","242.806137428775"
"52.22009","0.15776","242.866587469948"
"52.2201","0.15778","242.868346059644"
"52.22012","0.15828","242.902479240474"
"52.22045","0.16032","243.046209130296"
"52.22044","0.16041","243.052440022793"
"52.22099","0.16255","243.210526453872"
"52.22103","0.16264","243.218100721658"
"52.22166","0.16571","243.438648530611"
"52.22166","0.16618","243.470664430104"
"52.22158","0.16666","243.504550019072"
"52.22145","0.16711","243.538441040611"
"52.22144","0.16723","243.546690634803"
"52.22145","0.16729","243.550926348965"
"52.22149","0.16736","243.557447086727"
"52.22157","0.16741","243.566972428514"
"52.22161","0.16745","243.572188483063"
"52.22161","0.16747","243.573550863298"
"52.22162","0.16749","243.575309416869"
"52.22118","0.1699","243.746612452161"
"52.21931","0.17709","244.278713701082"
"52.21889","0.17899","244.416314861441"
"52.21779","0.18304","244.718114302696"
"52.21693","0.18665","244.981985041986"
"52.21679","0.18757","245.046565579178"
"52.21593","0.19115","245.30853764418"
"52.21574","0.19229","245.389025678867"
"52.21556","0.19295","245.438243737294"
"52.21555","0.19296","245.439547799289"
"52.21332","0.20166","246.082055931347"
"52.21302","0.20237","246.140816478551"
"52.21274","0.20286","246.186466364114"
"52.21238","0.20606","246.40813600022"
"52.21239","0.20669","246.45107429201"
"52.21246","0.20729","246.49268856934"
"52.21283","0.20907","246.620753472429"
"52.21277","0.2091","246.627731248507"
"52.21294","0.21054","246.727646416786"
"52.21288","0.21183","246.815790013165"
"52.21275","0.21263","246.872180269937"
"52.21232","0.21405","246.980099148028"
"52.21224","0.21424","246.995806254569"
"52.21217","0.21449","247.014533786647"
"52.21212","0.21495","247.046364520334"
"52.21218","0.21551","247.085098202838"
"52.21232","0.21588","247.114726764221"
"52.21243","0.21606","247.132047652645"
"52.21266","0.21627","247.16135274512"
"52.21283","0.21636","247.18122557162"
"52.21305","0.21644","247.206288324094"
"52.2134","0.21652","247.245586373386"
"52.21365","0.21666","247.274976006158"
"52.21375","0.2168","247.289626037993"
"52.21393","0.21693","247.311513260703"
"52.21403","0.21695","247.322715931583"
"52.21441","0.21692","247.365019408756"
"52.21448","0.21689","247.373066933519"
"52.2145","0.21689","247.375290832051"
"52.21462","0.21681","247.389704464367"
"52.2147","0.21672","247.400508582926"
"52.21483","0.21646","247.423371895759"
"52.21494","0.21635","247.437716636762"
"52.21499","0.21627","247.445502325264"
"52.21509","0.21621","247.457349383092"
"52.21517","0.21619","247.466348728432"
"52.21531","0.21621","247.481975536229"
"52.21552","0.21638","247.508040941179"
"52.21576","0.21673","247.543828671769"
"52.21584","0.21689","247.557898205958"
"52.21597","0.21726","247.586956138348"
"52.21609","0.21775","247.622906632632"
"52.21655","0.22125","247.866776019987"
"52.21662","0.22144","247.881880133629"
"52.21722","0.22421","248.082036226243"
"52.21896","0.23432","248.797433975963"
"52.21908","0.23541","248.872877401791"
"52.21909","0.23832","249.071118115252"
"52.21904","0.23837","249.077638284601"
"52.21896","0.23853","249.091707210366"
"52.21811","0.24111","249.291268024249"
"52.21765","0.24203","249.372165571859"
"52.21711","0.24277","249.45056768128"
"52.21705","0.24282","249.458058635044"
"52.21597","0.2442","249.610572763388"
"52.21054","0.25306","250.464359261318"
"52.2103","0.25339","250.499255633341"
"52.2085","0.25526","250.736522587936"
"52.20797","0.256","250.814083139946"
"52.20742","0.25692","250.901662422865"
"52.20649","0.25894","251.073825896491"
"52.20646","0.25907","251.083291661799"
"52.20496","0.26249","251.369878822735"
"52.1981","0.28409","253.027814021887"
"52.19778","0.28494","253.095800962387"
"52.19256","0.29693","254.098186971673"
"52.19253","0.29704","254.10639354233"
"52.19211","0.29795","254.184038139334"
"52.19113","0.29966","254.343604494222"
"52.19054","0.30114","254.463945673862"
"52.19053","0.30115","254.465249936349"
"52.19012","0.30245","254.56490649134"
"52.18745","0.30864","255.080853363775"
"52.18729","0.30893","255.107449774088"
"52.1863","0.31128","255.301830716232"
"52.18357","0.31843","255.876078460137"
"52.18357","0.31845","255.877442007076"
"52.18242","0.32085","256.08510963158"
"52.18242","0.32087","256.086473213781"
"52.17835","0.33111","256.918505257983"
"52.17834","0.33111","256.91961720725"
"52.17711","0.33423","257.172529878769"
"52.17706","0.3345","257.191761617972"
"52.17697","0.33554","257.26337916352"
"52.17696","0.33556","257.265138778179"
"52.17627","0.34","257.577464080313"
"52.1758","0.34227","257.74083742241"
"52.17561","0.34429","257.880190838644"
"52.1754","0.34567","257.977146576557"
"52.17517","0.34674","258.054462310789"
"52.17505","0.34712","258.08360839851"
"52.17504","0.34713","258.08491278513"
"52.17495","0.34739","258.105271741192"
"52.17495","0.34741","258.106635552427"
"52.17376","0.35091","258.37953213777"
"52.17376","0.35093","258.380895985489"
"52.17318","0.3526","258.51177176821"
"52.17183","0.35742","258.873123944099"
"52.17158","0.35881","258.971907818774"
"52.17143","0.36016","259.065470890879"
"52.17143","0.36067","259.100250829239"
"52.17171","0.3651","259.403958067972"
"52.17169","0.36699","259.532866830017"
"52.17162","0.3677","259.581907359702"
"52.17144","0.36831","259.628071384208"
"52.17132","0.36855","259.649188352641"
"52.17111","0.36885","259.680233999173"
"52.17109","0.36886","259.682560111906"
"52.17069","0.36933","259.737383938216"
"52.17066","0.36935","259.740987855409"
"52.17041","0.36964","259.775103953258"
"52.1704","0.36967","259.777432524452"
"52.16992","0.37033","259.847251526497"
"52.16962","0.37088","259.897448402399"
"52.16953","0.37113","259.917218157168"
"52.16951","0.37125","259.925698805214"
"52.16919","0.37216","259.997236913179"
"52.16919","0.37219","259.999282894913"
"52.16913","0.37241","260.015703242727"
"52.16912","0.37242","260.01700767679"
"52.1689","0.37349","260.093972508825"
"52.16874","0.37522","260.213292270609"
"52.16828","0.37756","260.380877896035"
"52.16806","0.37827","260.435129056492"
"52.16795","0.37846","260.452948256298"
"52.16793","0.37863","260.464753836062"
"52.16787","0.37881","260.47872587049"
"52.16735","0.37994","260.575073127924"
"52.16714","0.3805","260.619839147342"
"52.16687","0.38178","260.712156872377"
"52.16666","0.38247","260.764691845127"
"52.16636","0.38322","260.82576048705"
"52.16606","0.38379","260.876986958514"
"52.16523","0.38489","260.995926317375"
"52.16472","0.38573","261.076539192574"
"52.16423","0.38633","261.144682003186"
"52.16414","0.38641","261.156080469163"
"52.16335","0.38734","261.264433305905"
"52.16333","0.38738","261.267953182722"
"52.16274","0.38803","261.3471344585"
"52.16268","0.38974","261.463963056411"
"52.16267","0.38976","261.465723010621"
"52.16254","0.39147","261.58325356338"
"52.16255","0.39164","261.594902383894"
"52.16265","0.39209","261.627548691725"
"52.16276","0.39241","261.65256919307"
"52.16283","0.39286","261.68423487116"
"52.16282","0.39386","261.752453081271"
"52.16266","0.39546","261.863028578292"
"52.16234","0.39701","261.974580676522"
"52.16195","0.39983","262.171761269224"
"52.16193","0.40048","262.216153835989"
"52.16194","0.4005","262.217913807781"
"52.16202","0.40226","262.338293311692"
"52.16195","0.40325","262.406268752255"
"52.16212","0.40534","262.5500761996"
"52.16208","0.40583","262.583793874585"
"52.16151","0.40829","262.763163501551"
"52.16031","0.4111","262.996710668306"
"52.1603","0.41111","262.998015173055"
"52.16021","0.41154","263.029007031175"
"52.16021","0.41172","263.041285399096"
"52.16037","0.41311","263.137756234464"
"52.16053","0.4155","263.301752692574"
"52.16052","0.41566","263.312723218042"
"52.16023","0.41646","263.376109010094"
"52.16013","0.41699","263.41393337101"
"52.16011","0.41887","263.542193643424"
"52.16001","0.41948","263.585263922461"
"52.15976","0.42034","263.650180823806"
"52.15942","0.42251","263.802957128197"
"52.15915","0.4233","263.864645359507"
"52.15743","0.42704","264.183501096479"
"52.15706","0.42821","264.273295650409"
"52.15626","0.43022","264.436742532381"
"52.15614","0.43044","264.456824702138"
"52.15613","0.43048","264.459771335765"
"52.15497","0.43192","264.62190699112"
"52.15397","0.43284","264.749592761688"
"52.15339","0.43348","264.827475986306"
"52.15314","0.43381","264.863248085576"
"52.15212","0.43545","265.022568186395"
"52.15174","0.43629","265.093770780566"
"52.15169","0.4368","265.129007509678"
"52.15174","0.43863","265.253985134867"
"52.15168","0.43889","265.272937095335"
"52.15167","0.43889","265.274049044601"
"52.15157","0.43909","265.291651213368"
"52.15108","0.43967","265.358990481573"
"52.15009","0.44056","265.484710506795"
"52.14989","0.44069","265.508653039404"
"52.14972","0.44077","265.528328454367"
"52.14894","0.44101","265.616592790746"
"52.14865","0.44115","265.650224396048"
"52.14804","0.44162","265.725252149391"
"52.1475","0.44195","265.789380396149"
"52.14716","0.44223","265.83173985192"
"52.14681","0.44259","265.877761801652"
"52.14679","0.4426","265.880088023599"
"52.14648","0.44299","265.923635338777"
"52.14545","0.44481","266.092572831829"
"52.14544","0.44481","266.093684781095"
"52.14544","0.44482","266.094367138995"
"52.14513","0.44518","266.136695003353"
"52.14489","0.44537","266.166364409181"
"52.14465","0.44549","266.194279182041"
"52.14443","0.44554","266.218978847321"
"52.14395","0.44556","266.272369857539"
"52.1434","0.44564","266.333770230847"
"52.14321","0.44571","266.355430536554"
"52.14272","0.44596","266.412524417838"
"52.14193","0.44619","266.501759558379"
"52.14099","0.44633","266.60671851299"
"52.13986","0.44665","266.734252367381"
"52.13915","0.44675","266.813495178889"
"52.13906","0.44678","266.823710002819"
"52.13897","0.44679","266.833740789006"
"52.13861","0.44689","266.874348546086"
"52.1386","0.4469","266.875653224748"
"52.13844","0.44695","266.893768696182"
"52.13844","0.44696","266.89445116134"
"52.13734","0.4473","267.018947135231"
"52.13631","0.44755","267.134741861305"
"52.1363","0.44756","267.136046558402"
"52.13595","0.44765","267.175446540131"
"52.13594","0.44766","267.176751240113"
"52.1356","0.44776","267.215168630536"
"52.13532","0.44779","267.246370464253"
"52.13479","0.44778","267.305307727417"
"52.13447","0.44788","267.341538782557"
"52.13436","0.44796","267.354933636619"
"52.13434","0.44796","267.357157535151"
"52.13407","0.44825","267.393117733573"
"52.13349","0.44864","267.462888226358"
"52.13193","0.44936","267.643179388842"
"52.13172","0.44941","267.666778405185"
"52.13157","0.44942","267.683471604828"
"52.13155","0.44943","267.68579789528"
"52.13082","0.44951","267.76715365708"
"52.13016","0.44966","267.841253099029"
"52.12924","0.44995","267.945450076999"
"52.12894","0.44999","267.978920113179"
"52.12859","0.44998","268.017844323456"
"52.12802","0.44989","268.08152248689"
"52.12667","0.45004","268.231984462186"
"52.12575","0.44998","268.33436575908"
"52.12551","0.44999","268.361061271459"
"52.12544","0.45001","268.368963755042"
"52.12509","0.45026","268.411459632313"
"52.12369","0.45102","268.575550980155"
"52.12363","0.45104","268.582360957645"
"52.12062","0.45266","268.934858087766"
"52.11988","0.45323","269.025881069175"
"52.11904","0.45374","269.12556421326"
"52.11868","0.45402","269.169925127073"
"52.11867","0.45402","269.171037076339"
"52.11732","0.45494","269.333763100573"
"52.11659","0.45528","269.418189863065"
"52.11602","0.45571","269.488041195995"
"52.11583","0.45591","269.513197576767"
"52.1155","0.45637","269.561498993838"
"52.11533","0.45671","269.591437303082"
"52.11502","0.45759","269.660710774786"
"52.11491","0.45782","269.680616910873"
"52.11467","0.45815","269.715544467982"
"52.11442","0.45839","269.747814180712"
"52.11419","0.45854","269.775363797305"
"52.11391","0.45865","269.807391606561"
"52.1139","0.45866","269.808696483194"
"52.11069","0.45922","270.167674809082"
"52.11044","0.45931","270.196144848799"
"52.11022","0.45943","270.221943813947"
"52.11009","0.45954","270.238234463231"
"52.10907","0.46075","270.378562082518"
"52.10843","0.46139","270.46207683143"
"52.10842","0.46139","270.463188780696"
"52.10782","0.46182","270.536082625636"
"52.10704","0.46226","270.627872667487"
"52.10677","0.46249","270.66175619736"
"52.10673","0.46254","270.667363642137"
"52.1066","0.46289","270.695297947525"
"52.10658","0.46305","270.706449202729"
"52.10665","0.46613","270.916942587009"
"52.10659","0.4667","270.95643845896"
"52.10647","0.46731","271.000183375441"
"52.10628","0.46787","271.0438763287"
"52.10612","0.46813","271.069012659186"
"52.1058","0.46839","271.108779701365"
"52.1057","0.46844","271.120411733788"
"52.10567","0.46844","271.123747581587"
"52.1052","0.46859","271.177003825261"
"52.10514","0.46863","271.184213179979"
"52.105","0.46878","271.202848985859"
"52.10491","0.46892","271.216690116742"
"52.10456","0.46979","271.287720334115"
"52.10328","0.47167","271.479410143999"
"52.10273","0.4726","271.567585887145"
"52.10244","0.47296","271.608137506536"
"52.10204","0.47327","271.657398156448"
"52.10193","0.47338","271.671752850387"
"52.10193","0.47339","271.672435874809"
"52.10133","0.47421","271.759545522762"
"52.10047","0.47505","271.871064932537"
"52.1001","0.47534","271.916727264062"
"52.09998","0.47503","271.94175548961"
"52.09951","0.47552","272.003815995536"
"52.09906","0.47645","272.084681337935"
"52.09862","0.47697","272.1451410932"
"52.0984","0.47716","272.172833566683"
"52.09718","0.478","272.320127268007"
"52.09536","0.47966","272.552106360143"
"52.09529","0.4797","272.560355705332"
"52.09482","0.48008","272.618709303641"
"52.09475","0.48012","272.626958659786"
"52.09425","0.48055","272.689839222624"
"52.09418","0.48059","272.698088590334"
"52.0941","0.48068","272.708902151586"
"52.09324","0.48127","272.812676959781"
"52.09457","0.48653","273.201255423489"
"52.0946","0.4866","273.207085947108"
"52.09479","0.48688","273.235585488346"
"52.09489","0.48712","273.255395723921"
"52.09495","0.48822","273.330835810069"
"52.09497","0.48832","273.338019997041"
"52.09503","0.48973","273.434572184614"
"52.09482","0.4902","273.474272786228"
"52.09447","0.4905","273.518257277538"
"52.0944","0.49063","273.530066337859"
"52.09401","0.49172","273.616236426049"
"52.094","0.49183","273.623832852726"
"52.0939","0.49216","273.648969832933"
"52.09386","0.49296","273.703802340126"
"52.09401","0.4944","273.803579456835"
"52.09401","0.49529","273.864379424502"
"52.09391","0.49646","273.945077319116"
"52.09371","0.49754","274.022136197418"
"52.09361","0.49841","274.082601562836"
"52.09364","0.49909","274.129175489912"
"52.09375","0.49993","274.187849211247"
"52.09379","0.50131","274.282228688912"
"52.09375","0.50143","274.291555355059"
"52.09336","0.50188","274.344712427923"
"52.09316","0.50224","274.377869938701"
"52.09306","0.50264","274.40737204251"
"52.09298","0.50375","274.483722879404"
"52.09303","0.5043","274.521705845904"
"52.09308","0.50442","274.531611235148"
"52.09323","0.50459","274.551935482501"
"52.09323","0.5046","274.552618640148"
"52.09324","0.5046","274.553730589415"
"52.09343","0.50484","274.580473291329"
"52.09389","0.50556","274.651435514979"
"52.09389","0.50557","274.65211866252"
"52.09394","0.50565","274.659914747556"
"52.09399","0.50579","274.670977379349"
"52.094","0.5058","274.672282415571"
"52.09407","0.50598","274.686835486969"
"52.09414","0.50627","274.70812088357"
"52.09416","0.50646","274.721289750434"
"52.0941","0.50795","274.823296599471"
"52.09405","0.50827","274.845853149586"
"52.09381","0.50906","274.906059419521"
"52.0938","0.50907","274.907364457264"
"52.09365","0.5097","274.953521857125"
"52.09366","0.51051","275.008868270531"
"52.09382","0.51217","275.123658244085"
"52.09399","0.51261","275.159166566097"
"52.09423","0.51295","275.194545561637"
"52.09431","0.51299","275.203851394042"
"52.09481","0.51311","275.260049964759"
"52.0949","0.51317","275.27086435602"
"52.09494","0.51322","275.276472352462"
"52.09537","0.51519","275.419290167227"
"52.09567","0.51704","275.549996347098"
"52.09584","0.51866","275.662264471523"
"52.09604","0.51954","275.726360431321"
"52.09607","0.52022","275.772931834606"
"52.09582","0.52223","275.9130239399"
"52.09557","0.52325","275.988042772327"
"52.09543","0.52423","276.056774956831"
"52.09553","0.5263","276.198617974649"
"52.09545","0.52839","276.341667546181"
"52.09573","0.53015","276.465862824805"
"52.09588","0.5306","276.500836590322"
"52.09628","0.53133","276.567657543058"
"52.09638","0.53157","276.587467325442"
"52.0964","0.53166","276.594005170941"
"52.09653","0.53198","276.620211903659"
"52.0965","0.53233","276.644352254649"
"52.09558","0.53451","276.825023276403"
"52.09546","0.53499","276.860424160241"
"52.0954","0.53575","276.912768502064"
"52.09531","0.5401","277.21009639023"
"52.09518","0.54231","277.3617578755"
"52.0948","0.54456","277.521164435371"
"52.09409","0.5472","277.718036235742"
"52.09402","0.54736","277.731454768745"
"52.09377","0.54749","277.760637643339"
"52.09365","0.54759","277.775628157726"
"52.09359","0.54769","277.785177039515"
"52.09356","0.54783","277.795306231127"
"52.0936","0.54868","277.853544269214"
"52.09357","0.54894","277.871616762545"
"52.09335","0.54977","277.933370515104"
"52.09329","0.55048","277.982331303181"
"52.09328","0.55174","278.068416242463"
"52.09318","0.55264","278.130897827988"
"52.09313","0.55447","278.256039451912"
"52.09319","0.55482","278.280863355146"
"52.09334","0.5553","278.3176530575"
"52.0937","0.5559","278.37494641396"
"52.09387","0.55631","278.408737524311"
"52.09391","0.55699","278.455404001198"
"52.09381","0.55828","278.54422883574"
"52.09387","0.55931","278.614908697156"
"52.09378","0.56063","278.705637915165"
"52.09373","0.56096","278.728857301007"
"52.09323","0.56287","278.870690757243"
"52.09267","0.56434","278.988854158988"
"52.09266","0.5645","278.999841232143"
"52.09261","0.56454","279.006036250174"
"52.09251","0.56476","279.024732100452"
"52.09221","0.56572","279.098312690927"
"52.09164","0.56696","279.204112648902"
"52.09072","0.56838","279.345097205564"
"52.09063","0.56867","279.367293922838"
"52.09034","0.57021","279.477337375736"
"52.09011","0.57311","279.677110239686"
"52.08998","0.57396","279.736954850168"
"52.08946","0.576","279.887847975092"
"52.089","0.57745","279.999340160117"
"52.08846","0.57878","280.108255872202"
"52.08817","0.57975","280.181958162528"
"52.08786","0.58022","280.229068685079"
"52.0865","0.58202","280.423990089148"
"52.08632","0.58221","280.447846649857"
"52.08607","0.58241","280.478822609991"
"52.08586","0.58252","280.503353320694"
"52.08555","0.58263","280.538633635812"
"52.08529","0.58268","280.567745474745"
"52.08468","0.58263","280.635660364937"
"52.08462","0.5826","280.642639869013"
"52.08452","0.58259","280.65378033591"
"52.08424","0.5825","280.685516436656"
"52.08332","0.58208","280.79176505415"
"52.0829","0.58198","280.838964166395"
"52.08283","0.58198","280.846747811261"
"52.08282","0.58197","280.848052937019"
"52.08174","0.58179","280.968771699546"
"52.08165","0.58176","280.978987052516"
"52.08162","0.58176","280.982322900316"
"52.08031","0.58112","281.134411912226"
"52.08023","0.58105","281.144512080345"
"52.07997","0.58092","281.174756863991"
"52.07992","0.58092","281.180316610323"
"52.07986","0.58096","281.187526551925"
"52.07982","0.58111","281.198700379289"
"52.07968","0.58134","281.220822230974"
"52.07957","0.58141","281.233955799953"
"52.07867","0.58156","281.334554842667"
"52.07865","0.58165","281.34109498575"
"52.07873","0.58188","281.35915541599"
"52.07889","0.58317","281.449088583321"
"52.079","0.58487","281.565904687938"
"52.07897","0.58762","281.753862624427"
"52.07904","0.58872","281.829435829637"
"52.07903","0.59046","281.948348276518"
"52.07901","0.59059","281.957506279024"
"52.07902","0.59313","282.131087165238"
"52.07913","0.59533","282.281926265447"
"52.07912","0.59543","282.288849875794"
"52.07942","0.5985","282.501280422287"
"52.08039","0.6024","282.788789936872"
"52.08107","0.60477","282.967525120264"
"52.08109","0.60517","282.994949187414"
"52.08102","0.60596","283.049491619654"
"52.08101","0.60786","283.17933186923"
"52.08071","0.61017","283.340671296173"
"52.08053","0.6125","283.501145097137"
"52.08055","0.61312","283.543571244201"
"52.08101","0.6162","283.760168665561"
"52.08148","0.61839","283.918683369984"
"52.08172","0.62001","284.032555051654"
"52.08171","0.62014","284.041507715303"
"52.08175","0.62049","284.065834459917"
"52.08176","0.62108","284.106166458351"
"52.08173","0.6215","284.135059680355"
"52.08157","0.62254","284.208319638217"
"52.08154","0.6233","284.260360230593"
"52.08202","0.62689","284.511415879772"
"52.08231","0.6285","284.626060040557"
"52.08241","0.62887","284.653680191776"
"52.08259","0.62931","284.68979913412"
"52.08325","0.63058","284.803451446987"
"52.08359","0.63108","284.854408178535"
"52.08482","0.63221","285.011467805516"
"52.08536","0.6326","285.077160648993"
"52.08543","0.63268","285.086671942203"
"52.08565","0.63284","285.113466534842"
"52.0858","0.63291","285.130817996505"
"52.08589","0.63293","285.140918410377"
"52.08616","0.6329","285.171010934695"
"52.08628","0.63295","285.184784727368"
"52.08642","0.63304","285.201522565437"
"52.08673","0.6333","285.24030138228"
"52.08686","0.63344","285.257635086825"
"52.08703","0.63369","285.283112547966"
"52.0872","0.63413","285.31862474254"
"52.08727","0.63443","285.340550342829"
"52.08735","0.63733","285.53889193166"
"52.08741","0.63767","285.563061401343"
"52.08746","0.63926","285.671839750205"
"52.08741","0.63957","285.69373792813"
"52.08723","0.64009","285.734516680829"
"52.08713","0.6405","285.764656122538"
"52.08705","0.64111","285.807273215028"
"52.08679","0.64121","285.836980303589"
"52.08638","0.64143","285.884984397213"
"52.08628","0.64144","285.896124862456"
"52.08627","0.64145","285.897429960559"
"52.08585","0.64147","285.944151818436"
"52.08551","0.64156","285.982454955162"
"52.08484","0.64203","286.063582396684"
"52.08468","0.64209","286.081839836726"
"52.08454","0.64211","286.097466994127"
"52.08423","0.64221","286.132608128124"
"52.08412","0.64232","286.146964392421"
"52.08411","0.64232","286.148076341687"
"52.08365","0.64275","286.207064361267"
"52.08346","0.64299","286.233809266732"
"52.0834","0.6431","286.243859518529"
"52.08328","0.64352","286.275508809444"
"52.08311","0.64477","286.362989464558"
"52.08301","0.64625","286.464729311616"
"52.08302","0.64637","286.473004131074"
"52.08296","0.64747","286.548464231919"
"52.08239","0.65012","286.740315705151"
"52.08236","0.65058","286.771925116857"
"52.08242","0.65146","286.832426575782"
"52.08238","0.65167","286.847449872827"
"52.08229","0.65186","286.863842355679"
"52.08194","0.65225","286.911010557382"
"52.08164","0.65248","286.94788604092"
"52.08077","0.65298","287.05048203234"
"52.08063","0.65313","287.069120915889"
"52.08058","0.65332","287.083244881905"
"52.08058","0.65341","287.089395043913"
"52.08064","0.65363","287.105842664914"
"52.08119","0.65484","287.208687185758"
"52.08121","0.65506","287.223884306014"
"52.0812","0.65519","287.232837070383"
"52.08096","0.65588","287.287016163887"
"52.08083","0.6561","287.307872019086"
"52.08042","0.65665","287.36695686752"
"52.08024","0.65681","287.389763645336"
"52.07954","0.65774","287.490249728391"
"52.07938","0.6579","287.511132172093"
"52.07922","0.65802","287.530722317043"
"52.07887","0.65818","287.571147315284"
"52.07836","0.65835","287.629034476321"
"52.07826","0.65841","287.640885877618"
"52.07653","0.65907","287.838470178578"
"52.07612","0.6593","287.886693767438"
"52.07538","0.65999","287.981532672388"
"52.07509","0.66015","288.015582801934"
"52.07499","0.66015","288.026702294599"
"52.07495","0.66017","288.031355384375"
"52.07487","0.66029","288.043454649727"
"52.07473","0.66125","288.110886406755"
"52.0744","0.66265","288.213363397964"
"52.07417","0.6653","288.396273822486"
"52.07417","0.66597","288.442064936713"
"52.07437","0.66717","288.527040392127"
"52.07437","0.66734","288.538658981001"
"52.07411","0.66804","288.594557333754"
"52.0739","0.66844","288.630510591562"
"52.07356","0.66888","288.678818396327"
"52.07332","0.66929","288.717514784606"
"52.07278","0.6709","288.842869569623"
"52.07235","0.67176","288.918639647467"
"52.072","0.67226","288.970432412229"
"52.07151","0.67277","289.03511423375"
"52.07126","0.67326","289.078639216502"
"52.07126","0.67329","289.080689698541"
"52.0707","0.67473","289.197157220696"
"52.07047","0.675","289.228695213507"
"52.07033","0.67511","289.245983057186"
"52.06976","0.67543","289.313032046093"
"52.06967","0.67556","289.326415136761"
"52.06964","0.67563","289.332247851865"
"52.06961","0.67583","289.346319354712"
"52.06962","0.67596","289.355274407799"
"52.0699","0.67728","289.450719552457"
"52.06991","0.67754","289.468525689245"
"52.06981","0.67794","289.498040981829"
"52.06981","0.67815","289.512394822223"
"52.06988","0.6785","289.537552274009"
"52.06993","0.67863","289.548033986575"
"52.07007","0.67927","289.594466222365"
"52.07005","0.68065","289.688817143969"
"52.07013","0.68214","289.791048179234"
"52.0701","0.68276","289.833556985993"
"52.06975","0.68501","289.992195642296"
"52.06963","0.68619","290.073947070385"
"52.06951","0.68677","290.115776545315"
"52.06935","0.68722","290.151309785516"
"52.06907","0.68776","290.199597853866"
"52.06881","0.68817","290.239862129295"
"52.06802","0.68923","290.353731753475"
"52.06769","0.68981","290.407752612024"
"52.06758","0.68995","290.423282814746"
"52.0674","0.69026","290.452431128269"
"52.06728","0.69064","290.481633002376"
"52.06712","0.69144","290.539138829427"
"52.06711","0.69145","290.540444081117"
"52.06694","0.69227","290.599597573677"
"52.06682","0.69267","290.630022156571"
"52.06634","0.69365","290.715674486769"
"52.06578","0.69542","290.851750348972"
"52.06561","0.69572","290.87964086845"
"52.06561","0.69573","290.880324448949"
"52.06531","0.69619","290.92616726781"
"52.06514","0.6964","290.949903393345"
"52.06478","0.69668","290.994274271009"
"52.06422","0.69692","291.058668495414"
"52.06412","0.697","291.071060069684"
"52.06401","0.69714","291.086590743829"
"52.06385","0.69749","291.116406683591"
"52.06358","0.69787","291.156107706597"
"52.06343","0.6982","291.184163283745"
"52.06331","0.69886","291.231213596998"
"52.06324","0.69952","291.276998743893"
"52.06318","0.70094","291.374301387915"
"52.06313","0.70119","291.392273430817"
"52.06302","0.70137","291.409623497815"
"52.06203","0.70227","291.535733653894"
"52.06174","0.70247","291.570759112006"
"52.06173","0.70247","291.571871061273"
"52.06131","0.70277","291.622877881287"
"52.0608","0.70333","291.691300492317"
"52.06078","0.70334","291.693627100976"
"52.05989","0.70422","291.809442731616"
"52.05977","0.70437","291.826271630032"
"52.05966","0.70456","291.844113760426"
"52.05962","0.70468","291.853445938125"
"52.05958","0.70491","291.869787350825"
"52.0596","0.7054","291.903361046016"
"52.05974","0.70657","291.984851349475"
"52.05987","0.7072","292.030283523968"
"52.05997","0.70747","292.051832972216"
"52.06005","0.70759","292.063934092899"
"52.06032","0.70781","292.097513519715"
"52.06086","0.70838","292.169095464419"
"52.06109","0.70854","292.196911308636"
"52.0612","0.70871","292.213783764304"
"52.06128","0.70899","292.234891881597"
"52.0613","0.70914","292.245384954702"
"52.06133","0.70923","292.252383885136"
"52.06166","0.71118","292.390652310668"
"52.06156","0.7112","292.40185555043"
"52.05823","0.71252","292.782973152759"
"52.0578","0.7128","292.834476892139"
"52.0561","0.71442","293.053568137446"
"52.05593","0.71471","293.080963062077"
"52.0558","0.71505","293.108337702905"
"52.05574","0.71509","293.115548204538"
"52.0557","0.71516","293.122081953321"
"52.05566","0.71529","293.132021205179"
"52.05566","0.71534","293.135439869135"
"52.05565","0.71537","293.137773074415"
"52.05568","0.71557","293.151848728948"
"52.05571","0.71563","293.157136215423"
"52.05573","0.71575","293.165637049507"
"52.05569","0.71631","293.20418351391"
"52.05309","0.72691","293.984494329831"
"52.05308","0.72691","293.985606279097"
"52.05234","0.72986","294.203458140141"
"52.05233","0.72997","294.211061508176"
"52.05226","0.73022","294.229844764669"
"52.05209","0.73063","294.263657525518"
"52.05208","0.73064","294.264962897696"
"52.05207","0.73064","294.266074846962"
"52.05207","0.73065","294.266758634696"
"52.05206","0.73065","294.267870583962"
"52.05206","0.73066","294.268554371849"
"52.05205","0.73066","294.269666321115"
"52.05205","0.73067","294.270350109155"
"52.05201","0.73071","294.275571599628"
"52.05201","0.73073","294.276939176931"
"52.052","0.73074","294.27824454975"
"52.052","0.73086","294.286450015407"
"52.05201","0.73086","294.287561964674"
"52.05201","0.73091","294.290980907933"
"52.05202","0.73093","294.292743490819"
"52.05196","0.73145","294.328921019843"
"52.0514","0.73357","294.486693280476"
"52.05138","0.73358","294.489019931412"
"52.05136","0.73358","294.491243829945"
"52.05135","0.73359","294.492549207975"
"52.05134","0.73359","294.493661157241"
"52.05134","0.7336","294.494344956146"
"52.05133","0.7336","294.495456905413"
"52.0513","0.73363","294.499373040464"
"52.0513","0.73364","294.500056839981"
"52.05129","0.73365","294.501362218492"
"52.05129","0.73366","294.502046018162"
"52.05128","0.73367","294.503351396753"
"52.05128","0.73369","294.5047189964"
"52.05127","0.7337","294.506024375071"
"52.05127","0.73372","294.507391975024"
"52.05126","0.73373","294.508697353775"
"52.05124","0.73391","294.521205053822"
"52.05125","0.73394","294.523538437107"
"52.05126","0.73395","294.524843815938"
"52.05127","0.73399","294.527796399784"
"52.05131","0.73403","294.533017913987"
"52.05126","0.7342","294.545903642699"
"52.05125","0.73436","294.556900806332"
"52.0502","0.73838","294.855558946056"
"52.04987","0.73931","294.928981131738"
"52.0472","0.74487","295.411379507087"
"52.04708","0.74485","295.424792812572"
"52.04701","0.74488","295.432842294848"
"52.04688","0.74502","295.45018071352"
"52.04686","0.74506","295.453706123662"
"52.04681","0.74535","295.47430286246"
"52.04684","0.74552","295.486397740837"
"52.04691","0.74569","295.500388560233"
"52.04636","0.74697","295.607171816746"
"52.04529","0.75018","295.856867235711"
"52.0452","0.75037","295.873268263036"
"52.04492","0.75078","295.915167983251"
"52.04473","0.75097","295.939971160441"
"52.04451","0.75113","295.966769843515"
"52.04453","0.75122","295.973314409446"
"52.04451","0.75124","295.975925275093"
"52.04422","0.75136","296.009199759203"
"52.04308","0.7516","296.137020253772"
"52.04299","0.75166","296.1478364498"
"52.04275","0.75168","296.174558264624"
"52.04211","0.75188","296.24702569903"
"52.04093","0.75242","296.383334660575"
"52.04083","0.75241","296.394475168508"
"52.04078","0.75249","296.402275814104"
"52.04039","0.75272","296.448406944712"
"52.04052","0.75357","296.508314166584"
"52.04046","0.7536","296.515294266475"
"52.0406","0.75601","296.680863135858"
"52.04096","0.75863","296.86447744099"
"52.04141","0.76084","297.023698278129"
"52.04142","0.76085","297.025003735845"
"52.04169","0.76243","297.137160597784"
"52.04183","0.76667","297.427571030301"
"52.04174","0.76741","297.479162883401"
"52.04122","0.76966","297.643555835609"
"52.04104","0.77012","297.680844669875"
"52.04055","0.77101","297.762540007191"
"52.04053","0.77103","297.765150936652"
"52.03998","0.77203","297.856902415424"
"52.03888","0.77436","298.057797542906"
"52.03839","0.77566","298.162082169147"
"52.03762","0.77823","298.357613468492"
"52.03761","0.77837","298.367253935364"
"52.03737","0.77959","298.454866570446"
"52.03736","0.7796","298.45617206063"
"52.03694","0.7808","298.550609908218"
"52.03694","0.78084","298.55334598525"
"52.0369","0.78098","298.563904769291"
"52.03654","0.78376","298.758230757906"
"52.03643","0.78429","298.796491918792"
"52.03605","0.78561","298.896181656965"
"52.03584","0.78609","298.93647204113"
"52.03543","0.78676","299.001116354643"
"52.03539","0.7868","299.006338378071"
"52.03371","0.78934","299.261458268219"
"52.03366","0.78939","299.26798586665"
"52.03358","0.78955","299.28209002441"
"52.03275","0.79069","299.402918002276"
"52.03269","0.79075","299.410751166811"
"52.03261","0.79087","299.422855694224"
"52.03255","0.79092","299.430353084598"
"52.0324","0.79112","299.45192592254"
"52.03093","0.79434","299.726227586613"
"52.03054","0.79491","299.78454725356"
"52.03035","0.79528","299.81751797859"
"52.02976","0.79688","299.94513261117"
"52.02933","0.79766","300.016782448648"
"52.02917","0.7981","300.051748978977"
"52.02874","0.80015","300.199924352059"
"52.02841","0.80214","300.340927956773"
"52.02819","0.80307","300.409094747401"
"52.02796","0.80373","300.460988638433"
"52.02779","0.80403","300.488891926767"
"52.02665","0.80561","300.65548710598"
"52.02578","0.80638","300.765641329948"
"52.02577","0.8064","300.767404535955"
"52.0256","0.80656","300.789248683978"
"52.02502","0.80734","300.872959088402"
"52.0246","0.80799","300.937448934905"
"52.02455","0.80802","300.943375489548"
"52.02461","0.80812","300.952931933974"
"52.02458","0.80818","300.958221636053"
"52.02309","0.81002","301.166307966259"
"52.02248","0.81113","301.268137184134"
"52.02194","0.8124","301.373763321978"
"52.02131","0.81477","301.550415200797"
"52.0211","0.8153","301.593548400371"
"52.02083","0.81579","301.638554475061"
"52.0202","0.81652","301.724592679501"
"52.01987","0.81682","301.766638917739"
"52.01684","0.82048","302.186452296231"
"52.01539","0.8221","302.382121687522"
"52.01459","0.82288","302.485864404347"
"52.01396","0.8236","302.571511103384"
"52.01379","0.82389","302.59891956438"
"52.01343","0.82489","302.678204633532"
"52.01309","0.82561","302.74031249401"
"52.01295","0.82579","302.760164361209"
"52.0127","0.82603","302.792453066577"
"52.01203","0.82647","302.872809495952"
"52.01156","0.82671","302.927591608823"
"52.01091","0.82689","303.000910705437"
"52.01041","0.82708","303.058008709441"
"52.00971","0.82749","303.140749079827"
"52.00907","0.82799","303.219714704039"
"52.00873","0.82833","303.264109129409"
"52.00835","0.82886","303.31979896862"
"52.00779","0.82987","303.412839181844"
"52.00741","0.83072","303.48474394057"
"52.00629","0.83287","303.67753079805"
"52.00612","0.83338","303.717229213081"
"52.00575","0.83517","303.846476610908"
"52.00528","0.83653","303.953235200496"
"52.00527","0.83654","303.954540947953"
"52.00485","0.83771","304.047250398018"
"52.00352","0.84239","304.400094392339"
"52.0033","0.84296","304.446147221507"
"52.00305","0.84345","304.489711566997"
"52.00259","0.84414","304.559333955789"
"52.00241","0.84434","304.583583595798"
"52.00255","0.84467","304.611018063477"
"52.00262","0.845","304.634911414863"
"52.00261","0.84603","304.705428248711"
"52.00245","0.84851","304.876125256171"
"52.00249","0.84882","304.897807306915"
"52.00325","0.85","305.014710479058"
"52.00327","0.85006","305.01938111847"
"52.00333","0.85014","305.028012518397"
"52.00347","0.85043","305.053239886098"
"52.00399","0.85201","305.175881155918"
"52.00439","0.85301","305.257514295922"
"52.0053","0.85469","305.410691845718"
"52.00536","0.85489","305.425921066362"
"52.0054","0.85529","305.453660060227"
"52.00536","0.85569","305.481399054093"
"52.00522","0.8563","305.525961327542"
"52.00522","0.85638","305.531437363488"
"52.00381","0.86018","305.835150583384"
"52.00311","0.86172","305.966190398497"
"52.00252","0.86332","306.093862219553"
"52.00227","0.86425","306.163329757983"
"52.00213","0.86499","306.216324539492"
"52.00193","0.86681","306.342882494206"
"52.00136","0.86916","306.515789329492"
"52.00135","0.86917","306.517095108377"
"52.00101","0.87082","306.63620763156"
"52.001","0.87082","306.637319580827"
"52.0008","0.87186","306.711907439661"
"52.00068","0.87227","306.742985249631"
"52.00037","0.87293","306.79981505428"
"52.00007","0.87333","306.842973249357"
"51.99996","0.87344","306.857336935281"
"51.99879","0.87411","306.995283883351"
"51.99844","0.87441","307.039288933223"
"51.99817","0.87479","307.079014849237"
"51.99802","0.87512","307.107096987845"
"51.99766","0.87631","307.1978697185"
"51.9975","0.87671","307.230526365211"
"51.99738","0.87693","307.250648526908"
"51.99658","0.87809","307.369897180931"
"51.99619","0.87895","307.443022752396"
"51.99597","0.87971","307.500519379322"
"51.99575","0.88099","307.591504586696"
"51.99557","0.88281","307.71770825248"
"51.99536","0.88333","307.760284864921"
"51.99508","0.88375","307.802667022127"
"51.9947","0.88412","307.851933062619"
"51.99469","0.88412","307.853045011885"
"51.99458","0.88426","307.86858485446"
"51.99428","0.88488","307.922573268908"
"51.9913","0.88919","308.36629168174"
"51.99127","0.88928","308.37329909023"
"51.99126","0.88944","308.384310861859"
"51.99177","0.89094","308.501633955625"
"51.99188","0.89145","308.538634318951"
"51.99199","0.89266","308.622381968441"
"51.99197","0.89299","308.645086475972"
"51.99181","0.89331","308.673310644888"
"51.99139","0.89354","308.722596307081"
"51.99072","0.89408","308.805767730819"
"51.99049","0.89421","308.832847393847"
"51.99035","0.89423","308.848474803573"
"51.99","0.89433","308.887990804482"
"51.98988","0.89439","308.901952368769"
"51.98971","0.89452","308.92284656737"
"51.98966","0.89458","308.929759610131"
"51.98963","0.8946","308.933365628803"
"51.98915","0.89533","309.006491462728"
"51.98914","0.89533","309.007603411994"
"51.9887","0.89594","309.071934290459"
"51.98866","0.89588","309.077989291475"
"51.98856","0.8963","309.108823890428"
"51.9885","0.89686","309.1477464931"
"51.98843","0.89715","309.169075527453"
"51.98787","0.89836","309.272722376048"
"51.98543","0.90476","309.788171736871"
"51.9848","0.90607","309.901993284708"
"51.98345","0.90827","310.114673757138"
"51.98323","0.90879","310.157878166977"
"51.98307","0.90945","310.206453135794"
"51.98302","0.9098","310.231059007833"
"51.98276","0.91069","310.298519272242"
"51.98194","0.91192","310.422654871139"
"51.98173","0.91231","310.458132611028"
"51.98144","0.91302","310.516478783977"
"51.9804","0.91471","310.680093961689"
"51.98022","0.91506","310.711322346581"
"51.9796","0.91702","310.862229206109"
"51.97955","0.91743","310.890855068447"
"51.97956","0.91806","310.934017901477"
"51.97993","0.9207","311.119451619034"
"51.98004","0.922","311.209323598656"
"51.98009","0.92451","311.381320657648"
"51.98003","0.92591","311.47743697944"
"51.98023","0.92746","311.585899056653"
"51.98038","0.92807","311.630883492877"
"51.98039","0.92808","311.632189439897"
"51.9807","0.92913","311.711936734569"
"51.98093","0.93028","311.794745893342"
"51.98097","0.93039","311.803494522222"
"51.98109","0.93145","311.877307291647"
"51.98103","0.93306","311.987773650834"
"51.98116","0.93454","312.0901604794"
"51.98166","0.93714","312.276704090255"
"51.98169","0.9375","312.301583860867"
"51.98168","0.93801","312.336529639606"
"51.98112","0.94075","312.534245306631"
"51.98109","0.94137","312.576838279607"
"51.9811","0.94137","312.577950228873"
"51.98111","0.94166","312.597842655406"
"51.98112","0.94168","312.599606921772"
"51.98124","0.94248","312.655998098427"
"51.98131","0.94275","312.676061023956"
"51.98164","0.94349","312.738630636518"
"51.98193","0.94399","312.785667127015"
"51.98203","0.94427","312.807833881963"
"51.98205","0.94456","312.827818912845"
"51.98181","0.94747","313.028892183961"
"51.98143","0.94857","313.115268093143"
"51.98123","0.94942","313.177585302425"
"51.98115","0.95043","313.247327014921"
"51.98078","0.95172","313.344785759585"
"51.98064","0.95241","313.394540492688"
"51.98018","0.95581","313.632952550408"
"51.98021","0.95619","313.659191178"
"51.98026","0.95636","313.672093576643"
"51.9814","0.95901","313.893471525825"
"51.98157","0.9596","313.938081712169"
"51.98174","0.96072","314.017081487546"
"51.98161","0.96097","314.039489220888"
"51.98138","0.96123","314.070652425064"
"51.98138","0.96132","314.076816246483"
"51.98122","0.9613","314.094660084886"
"51.98096","0.96131","314.123578876759"
"51.98087","0.96133","314.133679725548"
"51.98059","0.96145","314.16588075917"
"51.98033","0.96166","314.198171393769"
"51.98014","0.96192","314.225801860568"
"51.9795","0.96333","314.345760884319"
"51.97939","0.96421","314.40726056884"
"51.97902","0.96571","314.517927751806"
"51.97873","0.96656","314.584479026643"
"51.9783","0.9675","314.664673654979"
"51.97784","0.96869","314.760899560476"
"51.97743","0.96951","314.833237868776"
"51.97682","0.97097","314.954071788313"
"51.97664","0.9715","314.995525694878"
"51.97652","0.97209","315.038083229888"
"51.9763","0.97277","315.090692933175"
"51.97601","0.97344","315.146781038622"
"51.97595","0.97351","315.154996895153"
"51.97554","0.97459","315.241892034812"
"51.97525","0.9757","315.324478316527"
"51.9746","0.97698","315.438104809327"
"51.97439","0.97701","315.461545987939"
"51.97415","0.97698","315.488311770296"
"51.97398","0.97699","315.507227314362"
"51.97383","0.97704","315.52425455922"
"51.97367","0.97716","315.543852823381"
"51.97331","0.97758","315.593148895616"
"51.9731","0.97803","315.631819688282"
"51.97309","0.97803","315.632931637549"
"51.97266","0.97928","315.731001928803"
"51.97213","0.98047","315.831589973668"
"51.97199","0.98099","315.870463713292"
"51.97191","0.98112","315.883050757403"
"51.97191","0.98113","315.883735771229"
"51.97155","0.98155","315.933032502973"
"51.97236","0.98335","316.085727290303"
"51.97243","0.98359","316.103916951839"
"51.97243","0.984","316.132002192769"
"51.97214","0.98551","316.240348353962"
"51.9722","0.9864","316.301678197017"
"51.97232","0.98712","316.352771921489"
"51.97232","0.98722","316.359621997069"
"51.97223","0.98722","316.369629540467"
"51.97203","0.98729","316.392379599716"
"51.97173","0.98749","316.428441849811"
"51.97169","0.98754","316.434055592056"
"51.97165","0.98763","316.441657701312"
"51.97165","0.98765","316.443027736913"
"51.97163","0.9877","316.447111480856"
"51.97163","0.98831","316.48889758533"
"51.97152","0.98873","316.520160452457"
"51.97146","0.98887","316.53184313446"
"51.97088","0.9896","316.613452190423"
"51.9708","0.98974","316.626533008434"
"51.97058","0.99027","316.670312120954"
"51.97038","0.99058","316.701061831165"
"51.96983","0.99116","316.773992401465"
"51.96931","0.99133","316.832974903527"
"51.96867","0.99142","316.904406239718"
"51.96857","0.99148","316.916261128146"
"51.9685","0.99157","316.926190861892"
"51.9683","0.99198","316.962016761899"
"51.96824","0.99204","316.969853026863"
"51.96817","0.99207","316.977903431899"
"51.96808","0.99206","316.987934396363"
"51.96776","0.99184","317.02657711927"
"51.96721","0.99154","317.091095389942"
"51.96684","0.99145","317.132696968277"
"51.96666","0.99143","317.152758900076"
"51.96665","0.99142","317.154064957186"
"51.96634","0.9914","317.188562606162"
"51.96622","0.99142","317.201976164083"
"51.96608","0.99149","317.218265405134"
"51.96493","0.99247","317.362694312979"
"51.96344","0.9939","317.555175185722"
"51.96324","0.99403","317.579131500743"
"51.96408","0.99781","317.854442958994"
"51.96409","0.99866","317.912689916203"
"51.9639","1.00053","318.04254036896"
"51.96395","1.00372","318.261169420749"
"51.9639","1.00417","318.292497817249"
"51.96382","1.00655","318.455802856448"
"51.96369","1.00825","318.573169985556"
"51.96338","1.0078","318.61941698054"
"51.96324","1.00769","318.636712668485"
"51.9631","1.00764","318.652652435876"
"51.96295","1.00764","318.669331674873"
"51.96292","1.00763","318.672737157579"
"51.96283","1.00763","318.682744700977"
"51.9626","1.00768","318.708547956638"
"51.9624","1.00797","318.73837030356"
"51.96245","1.00806","318.746673051904"
"51.96243","1.0081","318.750202471304"
"51.96245","1.0082","318.757405939462"
"51.96242","1.00851","318.778906218999"
"51.96207","1.00971","318.869871354903"
"51.96187","1.01023","318.911871010083"
"51.96182","1.01026","318.917798562025"
"51.96175","1.01025","318.925612305264"
"51.9615","1.0101","318.95525008247"
"51.96139","1.01007","318.96765303937"
"51.96122","1.01008","318.9865685905"
"51.96113","1.01016","318.997978977307"
"51.96108","1.01032","319.010271054571"
"51.96104","1.0109","319.050259602846"
"51.96107","1.01156","319.095604336331"
"51.96103","1.01176","319.110011676817"
"51.9608","1.01247","319.164972496365"
"51.96033","1.01318","319.23637230735"
"51.96012","1.01343","319.265332565869"
"51.95996","1.01371","319.291497591102"
"51.95932","1.0154","319.427416089942"
"51.9593","1.01543","319.430444504597"
"51.95897","1.01632","319.501616649789"
"51.95895","1.01644","319.510134625524"
"51.95896","1.01667","319.52593367666"
"51.95943","1.01884","319.683540925791"
"51.95953","1.01956","319.734113184453"
"51.95956","1.01958","319.737719552744"
"51.9594","1.01987","319.764391250966"
"51.95894","1.02051","319.831766354071"
"51.95855","1.02091","319.883067848249"
"51.95848","1.02095","319.891319970364"
"51.95788","1.02101","319.958163484266"
"51.95787","1.02102","319.959469611779"
"51.95782","1.02102","319.965029358111"
"51.95771","1.02106","319.977564142317"
"51.95757","1.02115","319.99430849894"
"51.95729","1.02151","320.034031228524"
"51.95718","1.02172","320.052917210112"
"51.95707","1.02187","320.068893997507"
"51.95684","1.02208","320.098239300451"
"51.95663","1.02222","320.123484106977"
"51.95629","1.02234","320.162174314529"
"51.95594","1.02236","320.201116662735"
"51.95532","1.02226","320.270397251034"
"51.95492","1.02226","320.314875221692"
"51.95479","1.02222","320.32958815772"
"51.95467","1.02222","320.342931548918"
"51.95455","1.02227","320.356707841819"
"51.95429","1.02231","320.385748179905"
"51.95423","1.0223","320.392454977635"
"51.95358","1.02234","320.464783641629"
"51.95354","1.02236","320.469437823825"
"51.95352","1.0224","320.472967666231"
"51.95337","1.02419","320.596764412204"
"51.95336","1.02478","320.637212239535"
"51.9534","1.02521","320.667013792901"
"51.95358","1.02593","320.720260054445"
"51.95358","1.026","320.725057112481"
"51.95374","1.02676","320.780094257187"
"51.95375","1.0272","320.81026757823"
"51.95373","1.02729","320.81682389663"
"51.95302","1.02901","320.958691608174"
"51.95295","1.02937","320.984561262293"
"51.95296","1.02945","320.990155317437"
"51.95323","1.03015","321.046746700922"
"51.95323","1.03017","321.048117299631"
"51.95363","1.03122","321.132710276997"
"51.95367","1.03127","321.13832486148"
"51.95372","1.03138","321.147691582384"
"51.95422","1.03203","321.218932168971"
"51.95497","1.03373","321.362203088651"
"51.9552","1.03443","321.416563866746"
"51.95522","1.03464","321.431125341928"
"51.95516","1.03482","321.445148894485"
"51.95471","1.03579","321.528348862778"
"51.9544","1.03678","321.604446385554"
"51.95408","1.03761","321.67153794015"
"51.95402","1.03789","321.691852763711"
"51.95408","1.0389","321.761387539387"
"51.95429","1.04016","321.850835161311"
"51.95474","1.04131","321.944185805274"
"51.9549","1.0416","321.970859042365"
"51.95551","1.0424","322.058072349424"
"51.95554","1.04249","322.065084085171"
"51.95555","1.0426","322.072703561753"
"51.95545","1.04317","322.113315547774"
"51.95538","1.0434","322.130893884977"
"51.95496","1.04434","322.210457709577"
"51.95458","1.04484","322.264858205687"
"51.95403","1.04569","322.349316218654"
"51.95395","1.04589","322.365655720146"
"51.9537","1.04677","322.432059997049"
"51.95344","1.04804","322.523768550743"
"51.95306","1.05118","322.743061774455"
"51.95309","1.05148","322.763889700112"
"51.95302","1.05175","322.783963361067"
"51.9528","1.05225","322.826064874782"
"51.95271","1.0524","322.840411340714"
"51.95253","1.05181","322.885527283879"
"51.95233","1.05048","322.97934756974"
"51.95227","1.05025","322.996463610494"
"51.95213","1.0499","323.025058541268"
"51.952","1.0497","323.044978900486"
"51.95182","1.04951","323.068856756134"
"51.95147","1.04924","323.111949869888"
"51.95081","1.04894","323.18816407636"
"51.9508","1.04904","323.195107060693"
"51.95067","1.04905","323.209578638194"
"51.95035","1.04893","323.24609905979"
"51.95026","1.04892","323.256130042859"
"51.95005","1.04884","323.280116016304"
"51.95","1.0488","323.286314888519"
"51.94999","1.04878","323.288079893634"
"51.94945","1.04854","323.350337307041"
"51.94877","1.04839","323.426645531204"
"51.94874","1.04836","323.43056413313"
"51.94872","1.04831","323.434649345661"
"51.94859","1.04841","323.450647157135"
"51.9485","1.04858","323.466006319273"
"51.94841","1.0487","323.478959805214"
"51.94848","1.0489","323.494723031511"
"51.94853","1.04929","323.522024615191"
"51.94851","1.04954","323.539302618333"
"51.94768","1.05261","323.769064583876"
"51.94706","1.05554","323.981387668931"
"51.94701","1.05599","324.012727497542"
"51.94701","1.05719","324.094974827028"
"51.94687","1.05813","324.16125605687"
"51.94669","1.05865","324.202132243594"
"51.94587","1.05995","324.329619727663"
"51.94581","1.06008","324.340751036386"
"51.94561","1.06035","324.369682876481"
"51.94549","1.06081","324.403919327894"
"51.94538","1.06219","324.499294642838"
"51.94547","1.06381","324.610782526089"
"51.94545","1.0644","324.651283297205"
"51.94547","1.06456","324.662473203603"
"51.94543","1.06563","324.735947704381"
"51.9454","1.06578","324.746756619039"
"51.94538","1.06617","324.773580315068"
"51.9454","1.06623","324.778255623017"
"51.94544","1.06628","324.783870591312"
"51.94572","1.06642","324.816450369516"
"51.94578","1.06652","324.826015447232"
"51.9458","1.06661","324.832572794284"
"51.94595","1.06945","325.027943009368"
"51.94614","1.07112","325.144339768262"
"51.9466","1.07303","325.284889733339"
"51.94668","1.07359","325.324289486023"
"51.94672","1.07456","325.39092181748"
"51.94658","1.07564","325.466564221402"
"51.94651","1.0759","325.486010382737"
"51.9465","1.07591","325.487316601422"
"51.94629","1.07647","325.53224422275"
"51.94601","1.07702","325.581136524544"
"51.94578","1.0777","325.634300194183"
"51.94571","1.07784","325.646655936146"
"51.94566","1.07805","325.662086088633"
"51.94475","1.07932","325.795563967541"
"51.94426","1.08052","325.894225257358"
"51.94401","1.08154","325.969463787084"
"51.94388","1.08266","326.047582291474"
"51.94374","1.08314","326.083980569913"
"51.94372","1.08317","326.087009469481"
"51.94357","1.08414","326.155557874794"
"51.94347","1.08571","326.263746113773"
"51.94341","1.0859","326.278379085649"
"51.94339","1.08603","326.287563250004"
"51.94335","1.08613","326.295734362176"
"51.94324","1.08626","326.31086749449"
"51.94313","1.08632","326.323771858651"
"51.943","1.08635","326.338372731954"
"51.94234","1.08635","326.411761383539"
"51.94198","1.0864","326.451938012011"
"51.94151","1.08654","326.505073424997"
"51.94125","1.08668","326.535535280267"
"51.94105","1.08687","326.56130739952"
"51.94098","1.08709","326.578278328036"
"51.94093","1.08766","326.617744655618"
"51.94094","1.0888","326.695898112423"
"51.9408","1.08988","326.771549851388"
"51.94071","1.09031","326.802678449503"
"51.94064","1.09095","326.847235022586"
"51.94061","1.09105","326.854858526146"
"51.94051","1.09176","326.904782589984"
"51.94051","1.09187","326.912323021135"
"51.94022","1.09406","327.065870858143"
"51.94022","1.09419","327.074782334384"
"51.94003","1.09564","327.176400264997"
"51.94002","1.0962","327.214804430509"
"51.94003","1.09626","327.219065094428"
"51.94002","1.09636","327.226009704866"
"51.94009","1.09769","327.317512952692"
"51.94046","1.09902","327.417537209656"
"51.94073","1.10042","327.518092647766"
"51.94073","1.10056","327.527689513076"
"51.9407","1.1007","327.537849619665"
"51.94063","1.10088","327.552438389869"
"51.94019","1.1015","327.617246111753"
"51.94006","1.10176","327.640194223844"
"51.94003","1.10196","327.654304236061"
"51.94003","1.10218","327.669385259726"
"51.94015","1.10286","327.717871464897"
"51.94016","1.10345","327.75833119833"
"51.94011","1.10377","327.780960783677"
"51.93974","1.10503","327.876632240959"
"51.93871","1.10787","328.102508000141"
"51.9387","1.10809","328.117630405408"
"51.939","1.10916","328.198210120094"
"51.93912","1.10947","328.223302963395"
"51.93945","1.1099","328.270370671889"
"51.93963","1.11029","328.303767603581"
"51.93971","1.1107","328.333247526957"
"51.93972","1.1111","328.360690299221"
"51.93963","1.11162","328.397714782185"
"51.93954","1.11192","328.420585721552"
"51.93943","1.11211","328.438453301861"
"51.93924","1.11236","328.465657264456"
"51.93908","1.11252","328.486557705774"
"51.93892","1.11264","328.5061586439"
"51.93876","1.1127","328.524419095685"
"51.93863","1.11272","328.538939310102"
"51.93844","1.11272","328.560066346164"
"51.93842","1.11273","328.562393505362"
"51.93838","1.11273","328.566841302427"
"51.93817","1.11279","328.590551728239"
"51.93799","1.11291","328.612191434119"
"51.93782","1.11313","328.636373812624"
"51.93735","1.11391","328.711143666363"
"51.93717","1.11414","328.736623417155"
"51.93686","1.11468","328.787206587591"
"51.93652","1.11546","328.852694625297"
"51.93578","1.11648","328.960678440648"
"51.93563","1.11662","328.979922075204"
"51.93545","1.11671","329.000866625056"
"51.93511","1.11682","329.039417705373"
"51.93491","1.11693","329.062900561091"
"51.93451","1.11728","329.113438351593"
"51.93451","1.11979","329.285520292296"
"51.93458","1.12023","329.316674051226"
"51.93465","1.1204","329.330689128875"
"51.93486","1.12068","329.3609176515"
"51.93493","1.12083","329.373814917518"
"51.93498","1.121","329.386727934004"
"51.935","1.12137","329.4121916224"
"51.93489","1.12206","329.46105229257"
"51.93474","1.12251","329.496123498673"
"51.93433","1.12342","329.573394017694"
"51.93407","1.12564","329.728316502969"
"51.93384","1.12682","329.813162805708"
"51.93345","1.12815","329.91413431912"
"51.93272","1.12972","330.048950424383"
"51.93261","1.13008","330.076496998377"
"51.9326","1.13035","330.095041956696"
"51.93269","1.13102","330.142055563105"
"51.93269","1.1313","330.161252733526"
"51.93266","1.13143","330.170769508357"
"51.93256","1.13163","330.188423685982"
"51.93249","1.13172","330.198356495902"
"51.93241","1.13178","330.208157216998"
"51.93222","1.13199","330.233723875034"
"51.93179","1.13262","330.298159177212"
"51.93159","1.13302","330.333467969184"
"51.93118","1.13423","330.428130897986"
"51.93085","1.13492","330.488002614768"
"51.93076","1.13527","330.514003182867"
"51.93074","1.13565","330.54015235109"
"51.9308","1.13617","330.576424618822"
"51.93077","1.13675","330.616331541619"
"51.93054","1.13774","330.688868442083"
"51.93045","1.13796","330.706970510614"
"51.93026","1.13829","330.737927032666"
"51.92996","1.1387","330.781551097411"
"51.92988","1.13894","330.80025731967"
"51.92984","1.13932","330.826689177318"
"51.92989","1.13996","330.87092198753"
"51.93002","1.14061","330.917775223338"
"51.93006","1.14072","330.926531223696"
"51.93022","1.1416","330.989436925675"
"51.93028","1.14236","331.041971724865"
"51.9302","1.14341","331.114512538572"
"51.93019","1.14342","331.115818888044"
"51.92991","1.14567","331.273201314369"
"51.92991","1.14617","331.307484099578"
"51.92992","1.14621","331.310443560578"
"51.92991","1.14634","331.319426173022"
"51.93038","1.1488","331.496007562271"
"51.93062","1.15076","331.63301844963"
"51.93139","1.15356","331.843224784817"
"51.93199","1.15713","332.096923819761"
"51.93196","1.15776","332.140246761796"
"51.93169","1.15908","332.23559924141"
"51.93157","1.15992","332.294717639213"
"51.93152","1.16093","332.364189170496"
"51.93153","1.16099","332.368450586677"
"51.9316","1.16117","332.383041473769"
"51.93163","1.16121","332.387359956014"
"51.93183","1.16133","332.411072079427"
"51.93193","1.16135","332.42227580412"
"51.93269","1.16138","332.506808975749"
"51.93282","1.1616","332.527700790197"
"51.93287","1.16184","332.5450693433"
"51.93298","1.16574","332.812736715006"
"51.93293","1.1663","332.851531286493"
"51.93294","1.16654","332.868023442286"
"51.93297","1.16664","332.875647999673"
"51.93307","1.16682","332.892259504696"
"51.93342","1.16716","332.937624804884"
"51.93348","1.16725","332.946712463435"
"51.93352","1.16737","332.956064997159"
"51.93354","1.16769","332.978116636004"
"51.93313","1.16944","333.10646687128"
"51.9331","1.16973","333.126627364275"
"51.93314","1.17004","333.148341580515"
"51.93367","1.17133","333.254620674731"
"51.93377","1.17176","333.286128678899"
"51.93388","1.17276","333.355770802511"
"51.93388","1.17312","333.380452224208"
"51.93383","1.17347","333.405083730811"
"51.93355","1.17428","333.468749454133"
"51.93302","1.17711","333.671528182371"
"51.9327","1.17837","333.764956276943"
"51.93238","1.1792","333.832071166497"
"51.93232","1.17946","333.851104837076"
"51.93232","1.17963","333.862760358079"
"51.93234","1.17974","333.87062321779"
"51.93335","1.18198","334.060882719441"
"51.9334","1.1829","334.124202729729"
"51.93472","1.18665","334.420247492132"
"51.9348","1.18701","334.446482588436"
"51.93484","1.1875","334.480369208504"
"51.93433","1.19098","334.725599634336"
"51.93431","1.1918","334.78186184656"
"51.93439","1.19217","334.808743134719"
"51.93448","1.19242","334.828590527822"
"51.93476","1.19292","334.874898461278"
"51.93513","1.19427","334.976183983402"
"51.93523","1.19448","334.994375162497"
"51.93524","1.19448","334.995487111764"
"51.93533","1.19472","335.014745287625"
"51.93533","1.19474","335.016116433409"
"51.93577","1.19563","335.094325415982"
"51.93619","1.19635","335.162277802381"
"51.93632","1.19668","335.189125090162"
"51.93657","1.19754","335.254307849235"
"51.93657","1.19766","335.262534496577"
"51.93665","1.19823","335.302610768561"
"51.93663","1.19889","335.347911878512"
"51.93654","1.19936","335.38165125246"
"51.93616","1.20051","335.471099610555"
"51.93582","1.2027","335.625924705401"
"51.93535","1.20391","335.723968662043"
"51.93463","1.2074","335.97627450416"
"51.93438","1.21078","336.209663853241"
"51.9343","1.211","336.227174608956"
"51.93421","1.21113","336.24057559598"
"51.93405","1.21126","336.260474398726"
"51.93268","1.21194","336.419785710728"
"51.93267","1.21194","336.420897659994"
"51.93222","1.21217","336.473361366368"
"51.93201","1.21237","336.500440826579"
"51.93187","1.21261","336.523092698213"
"51.93177","1.21298","336.550790852308"
"51.93174","1.21347","336.584551808757"
"51.93187","1.2145","336.656635638209"
"51.93186","1.21519","336.703956886817"
"51.93183","1.21545","336.722092600929"
"51.93138","1.21722","336.853360142024"
"51.93128","1.21744","336.872099635349"
"51.93101","1.21777","336.909693450051"
"51.93076","1.21789","336.938684213402"
"51.9305","1.21788","336.967603023549"
"51.93027","1.21781","336.993624316088"
"51.92985","1.21752","337.044382921389"
"51.92907","1.21684","337.142852932236"
"51.92895","1.21678","337.156816141835"
"51.92883","1.21678","337.170159533033"
"51.92877","1.21681","337.177141140667"
"51.92864","1.21694","337.194123839141"
"51.92814","1.21781","337.275669443542"
"51.92802","1.21797","337.292943921326"
"51.92784","1.21829","337.322643296638"
"51.92786","1.21835","337.32732001913"
"51.92785","1.21841","337.331581760087"
"51.92794","1.21863","337.349684556849"
"51.92842","1.21943","337.426220570338"
"51.92928","1.22055","337.54886703698"
"51.92931","1.22061","337.55416352631"
"51.93352","1.22593","338.147622602616"
"51.93405","1.22671","338.227201959791"
"51.93456","1.22762","338.311512633436"
"51.9349","1.22841","338.37756357198"
"51.93499","1.22854","338.390964467851"
"51.93519","1.22909","338.434740814249"
"51.9355","1.23022","338.519533304845"
"51.93568","1.23036","338.54173070625"
"51.93588","1.23025","338.565213520406"
"51.93609","1.23004","338.592645884299"
"51.93742","1.22824","338.785255836964"
"51.93887","1.23199","339.088707406381"
"51.93974","1.23379","339.24550083585"
"51.94021","1.23536","339.365142630229"
"51.94163","1.24089","339.775787161209"
"51.94176","1.24128","339.806178599929"
"51.94214","1.24196","339.869091972397"
"51.94236","1.24213","339.896188535547"
"51.94258","1.24245","339.929045345337"
"51.94294","1.24333","340.001439877591"
"51.94325","1.24437","340.080623721125"
"51.94324","1.24442","340.084226850388"
"51.94325","1.24455","340.093206835362"
"51.94416","1.24786","340.34163076743"
"51.94467","1.24946","340.465094713378"
"51.94472","1.24972","340.483763003095"
"51.94475","1.24978","340.489058393"
"51.94449","1.25049","340.54566376155"
"51.94441","1.25081","340.569332863415"
"51.94435","1.25122","340.598216767984"
"51.94437","1.25141","340.611428547232"
"51.94445","1.25156","340.625024174747"
"51.94451","1.25162","340.63286158428"
"51.94457","1.25165","340.639842979366"
"51.94463","1.25174","340.648929596838"
"51.94493","1.25188","340.683640852194"
"51.94497","1.25182","340.689698575389"
"51.9451","1.25173","340.705415166136"
"51.94519","1.25175","340.715516163272"
"51.94528","1.25179","340.725892471276"
"51.94534","1.25177","340.732703545099"
"51.94535","1.25178","340.734009773085"
"51.94535","1.25179","340.734695192865"
"51.94536","1.2518","340.736001420771"
"51.94536","1.25181","340.736686840399"
"51.94537","1.25182","340.737993068224"
"51.94537","1.25184","340.739363907173"
"51.94538","1.25185","340.740670134919"
"51.94539","1.2519","340.744273108651"
"51.94546","1.25198","340.753794255874"
"51.94599","1.25223","340.815168154413"
"51.946","1.25223","340.816280103679"
"51.94629","1.25237","340.84992406606"
"51.94635","1.25243","340.857761387065"
"51.94658","1.25258","340.885325347157"
"51.94663","1.25256","340.891051591582"
"51.94673","1.25258","340.902255260927"
"51.9473","1.25286","340.968478073803"
"51.9475","1.25288","340.990759265373"
"51.9475","1.25284","340.99350081307"
"51.94751","1.25284","340.994612762337"
"51.94751","1.25282","340.99598353588"
"51.94752","1.25282","340.997095485146"
"51.94752","1.25281","340.997780871764"
"51.94753","1.2528","340.99908708227"
"51.94753","1.25279","340.999772468735"
"51.94754","1.25279","341.000884418001"
"51.94754","1.25278","341.001569804314"
"51.94756","1.25278","341.003793702848"
"51.94756","1.25277","341.004479088855"
"51.94761","1.25277","341.010038835187"
"51.94761","1.25278","341.01072422043"
"51.94762","1.25278","341.011836169697"
"51.94765","1.25282","341.01615403017"
"51.94765","1.25283","341.016839414802"
"51.94766","1.25284","341.018145624264"
"51.94766","1.25286","341.019516393222"
"51.94767","1.25287","341.020822602605"
"51.94767","1.2529","341.022878755583"
"51.94776","1.25296","341.033698272727"
"51.9478","1.25304","341.040758503491"
"51.94785","1.25328","341.058121852062"
"51.94791","1.25431","341.12903066934"
"51.94825","1.25367","341.186939063494"
"51.94854","1.25324","341.230624088156"
"51.94858","1.2532","341.235848896978"
"51.9487","1.25315","341.24962530335"
"51.94877","1.25319","341.257877624068"
"51.9488","1.25324","341.26265999675"
"51.94884","1.25343","341.276420612893"
"51.94883","1.25415","341.325779528996"
"51.9488","1.25426","341.334023613597"
"51.94921","1.26158","341.83777720132"
"51.95121","1.28763","343.636899972988"
"51.9512","1.28872","343.711609251373"
"51.95114","1.28936","343.755974937115"
"51.95101","1.29014","343.811350853339"
"51.95087","1.2907","343.852766634696"
"51.95048","1.29168","343.932713506644"
"51.9501","1.29236","343.995620458339"
"51.9498","1.29271","344.036707869397"
"51.92517","1.3132","347.11465348924"
"51.92484","1.31364","347.162159615963"
"51.92463","1.31415","347.204211251168"
"51.92445","1.315","347.265839659023"
"51.92426","1.34728","349.479511028772"
"51.91162","1.97366","392.461920239159"
"51.91173","1.98032","392.91891617983"
"51.91201","1.98664","393.353541361441"
"51.91952","2.32648","416.67714144649"
"51.93012","2.90943","456.669239701268"
"51.93618","3.3468","486.663123101834"
"51.97989","3.82969","520.106987641348"
"51.99881","3.99108","531.356589070019"
"51.99843","3.99592","531.690621381382"
"51.99705","4.00432","532.285821722962"
"51.98475","4.06774","536.838627805555"
"51.98473","4.06819","536.869524740652"
"51.98528","4.07828","537.563202865819"
"51.98502","4.08115","537.761858704652"
"51.98169","4.0943","538.735573492271"
"51.98106","4.0977","538.978738210173"
"51.97524","4.12063","540.677365755631"
"51.97516","4.12136","540.728153208482"
"51.9751","4.12515","540.987840508095"
"51.97507","4.12539","541.004614717142"
"51.97412","4.12873","541.256605778943"
"51.97406","4.12881","541.265239446319"
"51.97397","4.12925","541.296996679259"
"51.97398","4.1295","541.314157298831"
"51.97404","4.12977","541.333818384578"
"51.97412","4.1298","541.342948246647"
"51.97416","4.12984","541.348172235021"
"51.97417","4.12973","541.355788614311"
"51.97505","4.1274","541.542996085836"
"51.97514","4.12728","541.555946469879"
"51.97544","4.12653","541.617199119083"
"51.97549","4.12647","541.62411293719"
"51.97551","4.12646","541.626439929549"
"51.97556","4.12646","541.631999675882"
"51.97562","4.12649","541.638980651743"
"51.97575","4.12662","541.655958452913"
"51.97583","4.12664","541.664958910995"
"51.97594","4.12675","541.679324725114"
"51.97597","4.12676","541.682730167782"
"51.97629","4.12701","541.722218491931"
"51.97634","4.12701","541.727778238264"
"51.97637","4.127","541.731183679702"
"51.97678","4.12672","541.780643273826"
"51.97682","4.12692","541.795046034323"
"51.97698","4.12683","541.813874913046"
"51.97702","4.12683","541.818322710112"
"51.97709","4.12676","541.827464526155"
"51.97747","4.12702","541.873317982824"
"51.97755","4.12704","541.882318432901"
"51.97762","4.12704","541.890102077766"
"51.97777","4.12699","541.907129264354"
"51.97801","4.12679","541.937126461467"
"51.9781","4.12674","541.947703739283"
"51.97816","4.12694","541.962940438129"
"51.97821","4.1269","541.969138549102"
"51.97853","4.12785","542.043299260159"
"51.97855","4.12796","542.051154668503"
"51.97872","4.12837","542.085005679064"
"51.97884","4.12852","542.101845916663"
"51.97889","4.12844","542.109651880362"
"51.97924","4.12898","542.163340860223"
"51.98015","4.1309","542.329265797397"
"51.9802","4.1311","542.344048866017"
"51.98048","4.13117","542.375550395191"
"51.98054","4.1312","542.382531304633"
"51.98169","4.13139","542.51106585138"
"51.98179","4.13137","542.522269389633"
"51.98192","4.13143","542.537297435142"
"51.98269","4.13154","542.623248308254"
"51.98305","4.13148","542.663488826597"
"51.98308","4.13146","542.667094921692"
"51.98312","4.13145","542.671595133723"
"51.98321","4.13137","542.683004228847"
"51.98328","4.13133","542.691255848825"
"51.98345","4.13117","542.713105188471"
"51.98493","4.12919","542.926339673175"
"51.98503","4.12913","542.938194041359"
"51.98507","4.12921","542.945250733149"
"51.98521","4.12929","542.961753896155"
"51.98645","4.13069","543.129690887667"
"51.98657","4.13078","543.144388849473"
"51.98663","4.13087","543.153471545222"
"51.98671","4.13094","543.163576464895"
"51.98679","4.13098","543.172884231835"
"51.98682","4.13098","543.176220079635"
"51.98693","4.13107","543.189916485921"
"51.98697","4.13108","543.194416688994"
"51.98759","4.13196","543.285981823285"
"51.98764","4.13199","543.291908965484"
"51.9877","4.13206","543.300124091939"
"51.98776","4.13219","543.311248738313"
"51.98856","4.13338","543.431885812876"
"51.98874","4.13376","543.464713936796"
"51.98893","4.13438","543.512135059309"
"51.98911","4.1354","543.584791027194"
"51.98929","4.13584","543.620962272107"
"51.98944","4.13607","543.64390205597"
"51.99094","4.13745","543.835601540758"
"51.99098","4.13744","543.840101734502"
"51.99167","4.13807","543.928121415528"
"51.99173","4.13818","543.938183219111"
"51.99303","4.13937","544.10411868747"
"51.99327","4.13967","544.137795141787"
"51.99394","4.14077","544.243732357934"
"51.99402","4.14082","544.253263944308"
"51.99445","4.14156","544.32292871934"
"51.9945","4.14171","544.334607090021"
"51.99476","4.14212","544.37490382339"
"51.99482","4.14225","544.386027346759"
"51.99497","4.14244","544.407179658925"
"51.99524","4.14271","544.442437041828"
"51.99555","4.14293","544.480054675773"
"51.99571","4.143","544.498480065668"
"51.99594","4.14305","544.524282985416"
"51.99613","4.14303","544.545454348332"
"51.99641","4.14295","544.577067019865"
"51.99685","4.14271","544.628678230618"
"51.99687","4.14271","544.630902129151"
"51.99756","4.14228","544.71308059968"
"51.99758","4.14237","544.719631245278"
"51.99905","4.14141","544.895805866775"
"51.99907","4.14141","544.898029765309"
"51.99908","4.1414","544.899335562474"
"51.9991","4.1414","544.901559461007"
"51.99912","4.14139","544.903886347128"
"51.99926","4.14139","544.919453636858"
"51.99928","4.1414","544.921780522259"
"51.9993","4.1414","544.924004420792"
"51.99933","4.14142","544.927610327157"
"51.99935","4.14142","544.92983422569"
"51.99944","4.14147","544.940410975381"
"51.99951","4.14154","544.949551533094"
"51.99953","4.14155","544.95187841737"
"52.00014","4.14233","545.038203863685"
"52.00041","4.14274","545.079303241718"
"52.00071","4.14333","545.131687759715"
"52.00261","4.1484","545.538005011935"
"52.00324","4.15113","545.737582744609"
"52.00329","4.15125","545.747501784659"
"52.00362","4.15268","545.852041416419"
"52.00434","4.15677","546.14323364303"
"52.00432","4.15684","546.148516200313"
"52.00432","4.15691","546.153307828118"
"52.00437","4.15716","546.17130126388"
"52.00436","4.1573","546.180948804219"
"52.00462","4.15856","546.271914252589"
"52.00466","4.15863","546.278452009655"
"52.00483","4.15872","546.298333701548"
"52.00483","4.15918","546.329821182613"
"52.00488","4.15926","546.33762491493"
"52.00491","4.15939","546.347128249733"
"52.00502","4.15945","546.36003080895"
"52.00498","4.15962","546.372488502955"
"52.0049","4.15977","546.386073636533"
"52.00446","4.16006","546.438873142019"
"52.00498","4.16218","546.595084952899"
"52.00505","4.16237","546.61024186313"
"52.00522","4.16323","546.672069938912"
"52.00535","4.16359","546.700638999802"
"52.0058","4.1654","546.8342562826"
"52.00578","4.1656","546.848125655743"
"52.00581","4.16583","546.864218590778"
"52.00656","4.16858","547.070100156074"
"52.00658","4.16877","547.083294123315"
"52.00676","4.16948","547.135852596134"
"52.00681","4.1696","547.14577110119"
"52.00765","4.17272","547.378859802172"
"52.00749","4.17291","547.400897358031"
"52.00739","4.17312","547.419070183395"
"52.00765","4.17409","547.491485150469"
"52.00767","4.1743","547.506029983157"
"52.00791","4.17512","547.568177618194"
"52.00792","4.17511","547.569483344484"
"52.00804","4.17547","547.597504895687"
"52.0081","4.17557","547.607063148408"
"52.00826","4.1761","547.647467345376"
"52.0083","4.17638","547.667141517463"
"52.00825","4.17668","547.688414621905"
"52.00821","4.17675","547.694952097283"
"52.00807","4.17689","547.713232240095"
"52.00803","4.17696","547.719769729597"
"52.00802","4.17706","547.726704078759"
"52.0081","4.17728","547.744193483358"
"52.00832","4.17755","547.774852207655"
"52.00822","4.17778","547.794125774571"
"52.0086","4.17818","547.844474299753"
"52.00867","4.17834","547.857909875724"
"52.00876","4.1791","547.910882059656"
"52.00883","4.17927","547.924881109811"
"52.00879","4.17931","547.930103986271"
"52.00868","4.17949","547.947464670612"
"52.0092","4.18028","548.026629194746"
"52.00925","4.1806","548.049226018131"
"52.00926","4.18116","548.087570939671"
"52.00966","4.18153","548.13875304948"
"52.00968","4.1816","548.14403508819"
"52.00966","4.18179","548.15722816746"
"52.0099","4.18553","548.414594105679"
"52.01093","4.18526","548.530606128022"
"52.01106","4.18526","548.545061468486"
"52.01115","4.18528","548.555162192104"
"52.01135","4.1854","548.578869257928"
"52.01142","4.18541","548.5866829347"
"52.01168","4.18557","548.61759800258"
"52.01176","4.1856","548.626727476154"
"52.0118","4.1856","548.63117527322"
"52.012","4.18555","548.653675998363"
"52.01207","4.18557","548.661579082713"
"52.01206","4.18565","548.667166052257"
"52.01207","4.18572","548.672084200525"
"52.01399","4.19071","549.074834252883"
"52.01441","4.19207","549.178967923275"
"52.01438","4.1921","549.182884946287"
"52.0146","4.19273","549.232456339516"
"52.01459","4.19276","549.234791201873"
"52.01458","4.19277","549.236096874687"
"52.01458","4.19279","549.237465597348"
"52.01457","4.1928","549.238771270243"
"52.01458","4.19294","549.248416638883"
"52.01463","4.19301","549.255755571009"
"52.01464","4.19301","549.256867520276"
"52.01465","4.19302","549.258173192609"
"52.01467","4.19302","549.260397091142"
"52.01477","4.19338","549.287427101819"
"52.01475","4.19364","549.305358863268"
"52.01452","4.19409","549.345389843531"
"52.01449","4.1942","549.353623826328"
"52.0145","4.19441","549.368038393824"
"52.01511","4.19634","549.51651792147"
"52.01518","4.1965","549.529952198881"
"52.0153","4.19664","549.546379008215"
"52.01542","4.1967","549.560339886277"
"52.0155","4.19669","549.569261765393"
"52.01569","4.19656","549.592185536557"
"52.01645","4.19589","549.688330799036"
"52.01653","4.19585","549.697638030744"
"52.01664","4.19582","549.710040568702"
"52.01673","4.19582","549.7200481121"
"52.01685","4.19586","549.733669380588"
"52.01697","4.19598","549.749337230674"
"52.01706","4.19613","549.763673140189"
"52.01749","4.19758","549.873818692861"
"52.0179","4.19867","549.961238012521"
"52.01822","4.2006","550.098018774664"
"52.01824","4.20164","550.169221284988"
"52.01839","4.20254","550.233027257476"
"52.01839","4.20262","550.238501681885"
"52.01924","4.20749","550.584897972983"
"52.01933","4.20763","550.598751792055"
"52.01943","4.20769","550.610605066495"
"52.01954","4.2077","550.622855634623"
"52.02107","4.20725","550.795748041047"
"52.02132","4.20992","550.980548286341"
"52.02167","4.20983","551.019950733515"
"52.0217","4.20986","551.023867581189"
"52.02178","4.21081","551.089477347283"
"52.0218","4.21089","551.095385857402"
"52.0219","4.21091","551.10658924573"
"52.02198","4.21098","551.116692374746"
"52.02205","4.21114","551.130125281732"
"52.02206","4.21115","551.131430894657"
"52.02206","4.21116","551.132115141567"
"52.02246","4.21118","551.176614159898"
"52.02243","4.21127","551.183617796686"
"52.02237","4.21258","551.273501408983"
"52.02239","4.21277","551.286690847197"
"52.02235","4.2129","551.296636024919"
"52.02232","4.21358","551.343283956799"
"52.02234","4.21371","551.352452900434"
"52.02231","4.21466","551.417541510535"
"52.02234","4.21483","551.429642514431"
"52.0224","4.21501","551.443649806165"
"52.02244","4.21508","551.450186168098"
"52.02243","4.21511","551.452520714098"
"52.02228","4.2153","551.473668119569"
"52.02225","4.21541","551.481900908597"
"52.02226","4.21558","551.493586081656"
"52.02233","4.21574","551.507018932786"
"52.02243","4.21616","551.537833299941"
"52.02242","4.21635","551.550881351397"
"52.02248","4.2167","551.575741740922"
"52.02245","4.21691","551.590492931461"
"52.02236","4.2172","551.612716699486"
"52.02232","4.21747","551.631719118557"
"52.02241","4.21803","551.671321981646"
"52.0224","4.21811","551.67690771117"
"52.02242","4.21827","551.688079169018"
"52.02234","4.21879","551.724754904973"
"52.02225","4.21892","551.738144260872"
"52.02222","4.21908","551.749589109678"
"52.02223","4.21912","551.752543340076"
"52.02213","4.22064","551.857141310505"
"52.0221","4.22077","551.86664143913"
"52.0221","4.22082","551.870062670622"
"52.02208","4.2209","551.875971146726"
"52.02197","4.22215","551.962372236287"
"52.02199","4.22225","551.969567045219"
"52.02202","4.22232","551.975403948065"
"52.02204","4.22233","551.977730731068"
"52.02197","4.22265","552.00096899246"
"52.0214","4.23207","552.648643666918"
"52.02141","4.2335","552.746498725788"
"52.0215","4.23476","552.833293871463"
"52.02174","4.2362","552.935376400345"
"52.02217","4.23786","553.05861507568"
"52.0224","4.23917","553.151828087871"
"52.02243","4.23923","553.157117945244"
"52.02242","4.23925","553.158881230798"
"52.02241","4.23925","553.159993180064"
"52.02241","4.23926","553.16067742162"
"52.0224","4.23927","553.161983031739"
"52.0224","4.23928","553.162667273448"
"52.02239","4.23929","553.163972883647"
"52.02238","4.23945","553.174977078798"
"52.02239","4.23946","553.176282689077"
"52.02239","4.23948","553.177651172801"
"52.0224","4.23949","553.178956783"
"52.02241","4.23952","553.18129133021"
"52.02237","4.23957","553.186902708996"
"52.02239","4.23959","553.189513929634"
"52.02239","4.2396","553.190198171496"
"52.02243","4.23964","553.195420611812"
"52.02244","4.23964","553.196532561078"
"52.02245","4.23965","553.197838170876"
"52.02247","4.23965","553.200062069409"
"52.02248","4.23966","553.201367678967"
"52.02277","4.2416","553.337970521506"
"52.02277","4.24171","553.345497118043"
"52.02295","4.24286","553.426689763435"
"52.02295","4.24304","553.439005962748"
"52.02313","4.24379","553.494088433768"
"52.02319","4.24381","553.500899028851"
"52.02337","4.24437","553.544128410859"
"52.02787","4.25419","554.381861061034"
"52.02791","4.25432","554.39180525687"
"52.02799","4.25446","554.404877112865"
"52.02813","4.25482","554.434013978415"
"52.02814","4.25494","554.442298785597"
"52.02854","4.25588","554.520491425608"
"52.02859","4.25609","554.535896756055"
"52.02858","4.25617","554.541481744367"
"52.02823","4.25658","554.589455057124"
"52.02802","4.25712","554.633160310057"
"52.02793","4.25787","554.685438840266"
"52.02796","4.25794","554.691275221141"
"52.02794","4.25849","554.728969505622"
"52.02738","4.26397","555.109025717325"
"52.02737","4.26516","555.190449016708"
"52.0274","4.26545","555.21056828967"
"52.02745","4.26565","555.225337967661"
"52.02746","4.26577","555.233622898552"
"52.02902","4.27051","555.601389998346"
"52.02902","4.27053","555.602758279213"
"52.02901","4.27054","555.604063836339"
"52.02901","4.27058","555.606800398684"
"52.029","4.27059","555.60810595589"
"52.029","4.27063","555.610842518847"
"52.02905","4.27063","555.616402265179"
"52.02905","4.27068","555.619822965051"
"52.02906","4.27068","555.620934914318"
"52.02906","4.2707","555.622303193961"
"52.02907","4.27072","555.624066321844"
"52.0291","4.27074","555.627671882498"
"52.02912","4.27074","555.629895781031"
"52.0297","4.272","555.737552443619"
"52.02972","4.27208","555.743460055722"
"52.02984","4.27233","555.765152594258"
"52.02982","4.27238","555.769232607015"
"52.02984","4.27256","555.781746112754"
"52.0299","4.27263","555.789958603775"
"52.02995","4.27263","555.795518350108"
"52.03017","4.27311","555.836466676381"
"52.0302","4.27314","555.840383319618"
"52.03032","4.27343","555.864292580125"
"52.03037","4.2735","555.87163041214"
"52.03192","4.27707","556.170548220172"
"52.03238","4.27796","556.250066637065"
"52.03338","4.27905","556.383948045657"
"52.03377","4.27964","556.44318954671"
"52.03438","4.28133","556.577225589916"
"52.03445","4.28146","556.589043634426"
"52.03483","4.28252","556.67296665623"
"52.03517","4.28328","556.73724758197"
"52.03675","4.28616","557.001209705089"
"52.03677","4.28623","557.006489112653"
"52.03753","4.2875","557.127683295227"
"52.03753","4.28764","557.137259438452"
"52.03756","4.28772","557.143668146601"
"52.03757","4.28772","557.144780095868"
"52.03757","4.28774","557.146148115105"
"52.03762","4.28778","557.152344620364"
"52.03768","4.28778","557.159016315963"
"52.03779","4.28801","557.17894391314"
"52.03783","4.28805","557.184165859606"
"52.03813","4.28871","557.240297746468"
"52.03834","4.28908","557.27473261205"
"52.03873","4.28964","557.332592668618"
"52.03993","4.29105","557.497230401773"
"52.04022","4.2915","557.541808058522"
"52.04063","4.2925","557.624006201929"
"52.04101","4.29382","557.723687561791"
"52.04115","4.29409","557.747840482239"
"52.04131","4.29431","557.771141511685"
"52.04146","4.29447","557.791090222804"
"52.04208","4.29497","557.86804666851"
"52.04235","4.2953","557.905606779757"
"52.0418","4.29706","558.040625291091"
"52.04232","4.29761","558.109605939048"
"52.04246","4.29794","558.137023819231"
"52.0426","4.29871","558.191939401702"
"52.04273","4.30099","558.348544393009"
"52.0422","4.3049","558.622379700749"
"52.04219","4.30592","558.692150324644"
"52.04227","4.30642","558.727485302189"
"52.04239","4.30684","558.759158501099"
"52.04248","4.307","558.773987505125"
"52.04249","4.30722","558.78907509309"
"52.04254","4.30736","558.800147258509"
"52.04259","4.30742","558.807057418063"
"52.04345","4.31023","559.021717740303"
"52.04349","4.3102","559.026615965461"
"52.04367","4.31062","559.061626006697"
"52.04414","4.31136","559.134376277132"
"52.04454","4.31219","559.206490521898"
"52.04526","4.31401","559.354484694399"
"52.04527","4.31402","559.355790121251"
"52.04527","4.31403","559.356474013046"
"52.04607","4.31573","559.502862804899"
"52.04606","4.31579","559.507114077615"
"52.04652","4.31671","559.588199144473"
"52.04668","4.31715","559.623155619562"
"52.04802","4.31985","559.860419389848"
"52.04807","4.31986","559.86602103507"
"52.04875","4.32102","559.975610505715"
"52.04879","4.32102","559.980058302781"
"52.04893","4.32132","560.005811168117"
"52.04897","4.32137","560.011421308298"
"52.05062","4.32457","560.296982927526"
"52.05064","4.32467","560.30417356762"
"52.0522","4.32757","560.567637427461"
"52.05232","4.3277","560.583670643418"
"52.05255","4.32812","560.622126390012"
"52.05273","4.32836","560.648009099505"
"52.05274","4.32843","560.652923004953"
"52.05314","4.32908","560.715801283202"
"52.05329","4.3294","560.743314184083"
"52.05337","4.32947","560.753415719627"
"52.05366","4.33005","560.804529590289"
"52.05378","4.3302","560.821359343503"
"52.05382","4.33019","560.825859391079"
"52.0539","4.33025","560.835655441824"
"52.05432","4.33093","560.901556054835"
"52.05438","4.33097","560.908766589441"
"52.05477","4.33172","560.975925905776"
"52.05472","4.3318","560.983725354394"
"52.05484","4.3323","561.020424379663"
"52.05483","4.33244","561.030061181993"
"52.05487","4.33243","561.034561227128"
"52.05487","4.33258","561.044817400354"
"52.05492","4.3326","561.050542852776"
"52.05508","4.33261","561.068347174839"
"52.0552","4.33255","561.082306979261"
"52.05536","4.33304","561.120241004044"
"52.05546","4.3338","561.173381371345"
"52.05545","4.33432","561.208953023322"
"52.0555","4.33456","561.226278944783"
"52.05554","4.33465","561.233871695863"
"52.05568","4.33486","561.255049615841"
"52.05607","4.33573","561.328663565414"
"52.05603","4.33583","561.336820227445"
"52.05654","4.33726","561.449848559447"
"52.05657","4.33742","561.461285371108"
"52.05665","4.33755","561.473860510645"
"52.05682","4.33813","561.517791036095"
"52.05724","4.33915","561.601722780697"
"52.05726","4.33929","561.61154964929"
"52.05729","4.33932","561.615465641005"
"52.05874","4.34297","561.912569705218"
"52.05912","4.34372","561.979012582113"
"52.05922","4.34385","561.993247630486"
"52.05922","4.34392","561.998033378622"
"52.05958","4.34458","562.058353048658"
"52.06028","4.3453","562.15044821891"
"52.06069","4.34584","562.209111228806"
"52.06083","4.34595","562.226399778452"
"52.0611","4.34623","562.262005730995"
"52.06115","4.34642","562.276134905498"
"52.06116","4.34641","562.277440204966"
"52.06128","4.34672","562.30248401988"
"52.06133","4.34693","562.317879538823"
"52.06174","4.34781","562.393362883454"
"52.06186","4.34801","562.412467618501"
"52.06191","4.34816","562.424132387514"
"52.06257","4.34949","562.540978004777"
"52.06259","4.34958","562.547520231235"
"52.06353","4.3515","562.715308692415"
"52.06357","4.35162","562.724640238781"
"52.06371","4.35185","562.746766120784"
"52.064","4.35249","562.801116625334"
"52.06398","4.35257","562.807020349712"
"52.06395","4.35261","562.811333695064"
"52.06394","4.35266","562.81492804615"
"52.06389","4.35274","562.822726707355"
"52.06355","4.35594","563.044724617191"
"52.06349","4.35615","563.060555040567"
"52.06346","4.35637","563.075960044234"
"52.06348","4.3566","563.091839645977"
"52.06361","4.35684","563.113705975426"
"52.06366","4.35687","563.119631909272"
"52.06539","4.3602","563.417665687832"
"52.06547","4.36029","563.428481498772"
"52.0658","4.36097","563.487702985391"
"52.06588","4.36121","563.506365338588"
"52.06625","4.36186","563.566920286841"
"52.0663","4.3619","563.573116017098"
"52.06631","4.36188","563.574878260609"
"52.06668","4.36252","563.634933124791"
"52.06735","4.36397","563.75892639755"
"52.06887","4.36634","563.99304249411"
"52.06888","4.36644","563.999967653212"
"52.06917","4.36692","564.045970831139"
"52.0693","4.36708","564.064097102591"
"52.0707","4.3704","564.339287307989"
"52.07103","4.37107","564.397969589313"
"52.07112","4.37117","564.410088488543"
"52.07332","4.3749","564.763410640442"
"52.07449","4.37659","564.937383622223"
"52.07625","4.37946","565.214462031472"
"52.07663","4.37987","565.265162398308"
"52.07668","4.3801","565.281835156041"
"52.07755","4.38156","565.420809992565"
"52.07761","4.38155","565.427516597815"
"52.07763","4.38156","565.429843130786"
"52.07767","4.38155","565.434343122907"
"52.07776","4.3817","565.448669059125"
"52.07779","4.38173","565.45258455784"
"52.07782","4.3818","565.458416556552"
"52.07781","4.38185","565.462009898132"
"52.07782","4.38201","565.473000590466"
"52.07786","4.38207","565.479050040719"
"52.07793","4.3821","565.487099162064"
"52.07796","4.38214","565.4914119648"
"52.07844","4.38349","565.597995996811"
"52.07942","4.38583","565.791505512047"
"52.07941","4.38598","565.801816183764"
"52.07942","4.38603","565.80540940888"
"52.07947","4.38613","565.814219066011"
"52.0795","4.38615","565.817824041513"
"52.07952","4.38615","565.820047940046"
"52.07956","4.38619","565.825268548406"
"52.07969","4.38652","565.852054886714"
"52.07971","4.38665","565.861212757934"
"52.08129","4.39146","566.233912476744"
"52.08132","4.39161","566.244691739365"
"52.08148","4.392","566.276734838497"
"52.08151","4.39199","566.280139956769"
"52.08163","4.39227","566.303466627777"
"52.08165","4.39238","566.31130539653"
"52.0821","4.39322","566.387453380857"
"52.08212","4.39335","566.396610786777"
"52.08217","4.3934","566.403136442818"
"52.08247","4.39385","566.448505227758"
"52.08253","4.39388","566.455484760838"
"52.08275","4.39416","566.486541203423"
"52.08282","4.39435","566.501678716347"
"52.08289","4.39444","566.511598684309"
"52.08293","4.39438","566.517647818901"
"52.08299","4.39446","566.526273035072"
"52.08301","4.39447","566.52859954385"
"52.08577","4.39819","566.927092195482"
"52.087","4.40007","567.11472542344"
"52.08714","4.40036","567.139923583597"
"52.0873","4.40061","567.164587224882"
"52.08741","4.40071","567.178597610341"
"52.08786","4.40141","567.247816091518"
"52.08794","4.40162","567.264697957563"
"52.08826","4.40213","567.314500394829"
"52.08839","4.40227","567.331833918387"
"52.08944","4.40409","567.502402847763"
"52.09009","4.40536","567.615330106562"
"52.09014","4.4054","567.621525192677"
"52.09084","4.40676","567.74273466881"
"52.09113","4.40724","567.788726338772"
"52.09169","4.40801","567.870241761465"
"52.09173","4.4081","567.877830472077"
"52.09238","4.40895","567.970545295045"
"52.09243","4.40897","567.976270473279"
"52.09279","4.40943","568.027162404825"
"52.09283","4.40954","568.035894826653"
"52.09314","4.40995","568.080310466028"
"52.09319","4.40998","568.08623593064"
"52.09336","4.41019","568.109966603224"
"52.09336","4.4102","568.110649758881"
"52.09347","4.4104","568.128987925973"
"52.09354","4.41048","568.138498648288"
"52.09417","4.41153","568.23876163675"
"52.09426","4.41164","568.251276414428"
"52.09432","4.41168","568.258486021719"
"52.09433","4.41172","568.261436163169"
"52.09693","4.4151","568.631429656367"
"52.09696","4.41518","568.637832154792"
"52.0972","4.41543","568.669515340318"
"52.09726","4.41555","568.680084394251"
"52.09789","4.41609","568.759255349744"
"52.09793","4.41608","568.763755294766"
"52.09809","4.41621","568.783639522638"
"52.0988","4.41657","568.866329044349"
"52.09977","4.41688","568.976247023105"
"52.10057","4.41724","569.06853906064"
"52.10061","4.41718","569.074587094445"
"52.10144","4.41768","569.172995059419"
"52.10207","4.41814","569.249771125868"
"52.10295","4.41891","569.360860558862"
"52.103","4.41901","569.36966742148"
"52.10322","4.41922","569.398025104061"
"52.1033","4.41925","569.407153633284"
"52.10383","4.4198","569.477041127389"
"52.10473","4.42093","569.603419482967"
"52.10557","4.42219","569.730422230576"
"52.10642","4.42372","569.871319521088"
"52.10646","4.42388","569.88311733741"
"52.10693","4.42474","569.961736282869"
"52.10703","4.42482","569.974125543822"
"52.10705","4.42488","569.978787805214"
"52.10733","4.42537","570.024495769796"
"52.10778","4.42603","570.091841385403"
"52.1087","4.42719","570.221228023402"
"52.10875","4.42722","570.227153240799"
"52.10954","4.42802","570.33060054173"
"52.10959","4.42805","570.336525745781"
"52.11013","4.42859","570.406990834735"
"52.11018","4.42862","570.412916029412"
"52.11026","4.42871","570.423728330695"
"52.1103","4.42879","570.430773126684"
"52.11103","4.42952","570.526031016654"
"52.11108","4.42955","570.531956197034"
"52.11218","4.43073","570.678427522253"
"52.11358","4.43265","570.881955129795"
"52.11439","4.43354","570.990608482375"
"52.11442","4.4336","570.995891785397"
"52.11495","4.43411","571.064345169671"
"52.11503","4.43416","571.073873434148"
"52.11579","4.43495","571.174130267438"
"52.11626","4.43537","571.233743200473"
"52.11629","4.43543","571.239026370228"
"52.11727","4.43642","571.367260632462"
"52.11756","4.43678","571.407807294307"
"52.11761","4.43681","571.413732370947"
"52.11801","4.43729","571.468980828228"
"52.11805","4.4374","571.477709594054"
"52.11904","4.43857","571.61372330192"
"52.11911","4.43859","571.621625819383"
"52.12044","4.44018","571.805081387972"
"52.12046","4.44019","571.807407728368"
"52.12077","4.44059","571.851385231219"
"52.12081","4.44062","571.856281969858"
"52.12084","4.4407","571.862681971068"
"52.12324","4.44347","572.189762927983"
"52.12328","4.44346","572.194262814083"
"52.12383","4.44405","572.26749254839"
"52.12389","4.44414","572.276562425788"
"52.12452","4.4446","572.353332020582"
"52.12444","4.44482","572.370787681962"
"52.12455","4.44497","572.386739782122"
"52.12456","4.44512","572.397040145059"
"52.1246","4.44524","572.40636183442"
"52.1256","4.44687","572.563671933087"
"52.12639","4.44792","572.677049294617"
"52.12646","4.44797","572.685548434389"
"52.1267","4.44829","572.720035754564"
"52.12691","4.44848","572.746747042058"
"52.12689","4.44859","572.754578499774"
"52.1269","4.44864","572.758168267856"
"52.12687","4.44866","572.761772693187"
"52.12687","4.44867","572.762455335605"
"52.12686","4.44867","572.763567284871"
"52.12686","4.44868","572.764249927443"
"52.12685","4.44869","572.76555470028"
"52.12685","4.4487","572.766237343005"
"52.12684","4.44871","572.767542115921"
"52.12684","4.44872","572.768224758799"
"52.12683","4.44873","572.769529531797"
"52.12683","4.44874","572.770212174828"
"52.12682","4.44875","572.771516947905"
"52.12682","4.44878","572.773564877457"
"52.12681","4.44879","572.774869650615"
"52.12681","4.44889","572.781696083989"
"52.12684","4.44897","572.788095457687"
"52.12685","4.44898","572.789400230604"
"52.12685","4.449","572.790765516053"
"52.12686","4.44901","572.79207028889"
"52.12688","4.44907","572.796730948591"
"52.12691","4.4491","572.80064526614"
"52.12693","4.4491","572.802869164673"
"52.12694","4.44911","572.804173936869"
"52.12697","4.44911","572.807509784668"
"52.12698","4.4491","572.808814556544"
"52.127","4.4491","572.811038455077"
"52.127","4.44909","572.811721095503"
"52.12701","4.44909","572.812833044769"
"52.12703","4.44907","572.815442587798"
"52.1271","4.44918","572.826257887845"
"52.12717","4.44923","572.834757005776"
"52.12735","4.44951","572.862432659888"
"52.1274","4.44963","572.872332829329"
"52.12812","4.45088","572.989339789903"
"52.12819","4.45096","572.998848073147"
"52.12827","4.45112","573.012934253783"
"52.12829","4.4512","573.018830683231"
"52.12936","4.4532","573.199922626027"
"52.12937","4.45327","573.204828531353"
"52.13054","4.45515","573.387567562507"
"52.13057","4.45523","573.393966546088"
"52.13083","4.45563","573.43373211383"
"52.13106","4.45611","573.475295815161"
"52.13111","4.45627","573.487550788963"
"52.13115","4.4563","573.492447328853"
"52.13119","4.45644","573.502987793884"
"52.13205","4.45845","573.67022273151"
"52.1325","4.45972","573.7703130639"
"52.13332","4.46165","573.93052266622"
"52.13334","4.46179","573.94033364857"
"52.13353","4.46229","573.980471038442"
"52.13353","4.46232","573.982518659599"
"52.13386","4.46325","574.055837680051"
"52.13388","4.46337","574.06432465473"
"52.13438","4.46479","574.17605850695"
"52.13445","4.4649","574.186872947045"
"52.13467","4.46553","574.236343655539"
"52.13473","4.4656","574.244549600378"
"52.13495","4.46623","574.294020073964"
"52.13496","4.46624","574.29532478188"
"52.13513","4.46674","574.334336355062"
"52.13514","4.46686","574.342601682399"
"52.13658","4.47096","574.665001655979"
"52.13661","4.47112","574.676419711132"
"52.13686","4.47182","574.73169322914"
"52.13693","4.47193","574.742507379072"
"52.1371","4.47242","574.780922047899"
"52.1371","4.47251","574.7870644191"
"52.13946","4.47908","575.306593040144"
"52.1395","4.47927","575.32030121051"
"52.13953","4.47932","575.325073137353"
"52.13965","4.47926","575.339030663486"
"52.13976","4.47918","575.352425253246"
"52.14022","4.48048","575.454831612558"
"52.14024","4.48064","575.465974788341"
"52.14052","4.48139","575.525883272419"
"52.14059","4.48149","575.536234918348"
"52.1414","4.48305","575.675682500225"
"52.14155","4.48345","575.707671707258"
"52.14165","4.48494","575.809957995077"
"52.14191","4.48533","575.849253544455"
"52.14209","4.48593","575.894828394635"
"52.14233","4.48647","575.940326820946"
"52.1426","4.48693","575.983763275705"
"52.14263","4.48695","575.987367518491"
"52.14264","4.48694","575.988672164855"
"52.14335","4.48793","576.09257989722"
"52.1439","4.48844","576.162945802427"
"52.14401","4.48848","576.175478099321"
"52.14515","4.48952","576.32075341274"
"52.14524","4.48952","576.330760956138"
"52.14566","4.48993","576.385201368663"
"52.14569","4.49001","576.391598770747"
"52.14644","4.49066","576.486055544445"
"52.14665","4.49089","576.514190270868"
"52.14685","4.4912","576.544882282297"
"52.14707","4.49146","576.57510090431"
"52.14715","4.49153","576.58519768036"
"52.14717","4.49156","576.58822024743"
"52.14735","4.49162","576.608649745031"
"52.14761","4.49175","576.63889059061"
"52.14921","4.49325","576.844140480672"
"52.1493","4.49329","576.854513495917"
"52.14958","4.49356","576.890689902992"
"52.14985","4.49377","576.923956311354"
"52.14994","4.4939","576.937328807749"
"52.15021","4.49408","576.969766213722"
"52.1505","4.4942","577.003035899416"
"52.15078","4.49427","577.034534656737"
"52.15128","4.49431","577.090199060573"
"52.15146","4.49427","577.110399345527"
"52.1515","4.4943","577.115295494291"
"52.15246","4.49403","577.223620382215"
"52.15253","4.49399","577.231868567698"
"52.15301","4.49385","577.286090033806"
"52.15302","4.49387","577.287850217538"
"52.15334","4.49378","577.323958485368"
"52.15377","4.49373","577.371893830373"
"52.15381","4.49374","577.376393645528"
"52.15386","4.49373","577.381995093201"
"52.15386","4.49378","577.385406237549"
"52.15392","4.49392","577.397056855576"
"52.15392","4.4942","577.41615923818"
"52.15394","4.49433","577.42530277143"
"52.15398","4.49445","577.434619713784"
"52.15403","4.4945","577.441142489975"
"52.1541","4.49454","577.449390643617"
"52.15439","4.49461","577.481988873565"
"52.15487","4.49464","577.535401664163"
"52.15495","4.49463","577.544323379762"
"52.1555","4.49467","577.605541439318"
"52.15595","4.49476","577.655954436624"
"52.15614","4.49485","577.677955534021"
"52.1562","4.49486","577.684662016712"
"52.15653","4.495","577.722578883409"
"52.15651","4.49508","577.728472106948"
"52.15763","4.49554","577.856903075353"
"52.15833","4.49598","577.940326276537"
"52.1584","4.49606","577.94983243335"
"52.15919","4.49656","578.044065652221"
"52.15924","4.49661","578.050588219638"
"52.15953","4.4968","578.085341915684"
"52.15956","4.49686","578.090622001423"
"52.16008","4.49717","578.152188829681"
"52.16022","4.49718","578.167771057194"
"52.16026","4.49715","578.172667037603"
"52.16038","4.49715","578.186010428801"
"52.16072","4.49884","578.307330844689"
"52.16085","4.4999","578.381066666228"
"52.16088","4.49994","578.385376250507"
"52.16109","4.49997","578.408816679934"
"52.16119","4.50054","578.449256151462"
"52.16132","4.50074","578.469132506991"
"52.1613","4.50081","578.474399808661"
"52.1613","4.50087","578.478492497733"
"52.16144","4.50143","578.519741207722"
"52.16168","4.50395","578.693692414342"
"52.16172","4.50408","578.703612793225"
"52.16176","4.50443","578.727897365278"
"52.16178","4.50542","578.79546263133"
"52.16181","4.50542","578.79879847913"
"52.1618","4.50553","578.806383603627"
"52.16189","4.50554","578.816414366017"
"52.1629","4.50612","578.935485611513"
"52.16299","4.50613","578.945516372757"
"52.163","4.50614","578.946820855947"
"52.16308","4.50615","578.955742562019"
"52.16312","4.50633","578.968800955457"
"52.16321","4.50655","578.986837803621"
"52.16326","4.50659","578.993030914514"
"52.16336","4.50663","579.004480234811"
"52.1635","4.50665","579.02010718122"
"52.16487","4.50667","579.172450338378"
"52.1656","4.50659","579.253805820109"
"52.16565","4.50663","579.259998866451"
"52.16577","4.50667","579.27361830491"
"52.16689","4.50663","579.398186500765"
"52.16761","4.50654","579.478481811015"
"52.16762","4.50657","579.480810494934"
"52.16766","4.50659","579.485462751499"
"52.1677","4.50676","579.49788090187"
"52.1677","4.50697","579.51220325363"
"52.16846","4.51045","579.764139372775"
"52.1685","4.51043","579.76879162179"
"52.16867","4.511","579.812018125232"
"52.16918","4.51333","579.980739565036"
"52.16959","4.51666","580.212373334258"
"52.16969","4.51662","580.22382256208"
"52.16975","4.51707","580.255228745648"
"52.16975","4.51725","580.267504481547"
"52.17013","4.51962","580.434566174755"
"52.17038","4.52048","580.499470723765"
"52.17066","4.5212","580.557611738995"
"52.17073","4.5213","580.567960340367"
"52.17098","4.52183","580.613558385135"
"52.17102","4.52198","580.624712999232"
"52.17137","4.52265","580.684732532431"
"52.17138","4.5227","580.688319060207"
"52.17225","4.52447","580.843007255498"
"52.17259","4.52552","580.923979290494"
"52.17359","4.53001","581.249733281721"
"52.17365","4.53012","581.259772171821"
"52.17399","4.53169","581.373313200454"
"52.17402","4.5317","581.3767180346"
"52.17403","4.53171","581.378022429395"
"52.17404","4.53171","581.379134378661"
"52.17412","4.5318","581.389941676435"
"52.17412","4.53182","581.391305513117"
"52.17414","4.53185","581.394327240506"
"52.17414","4.53187","581.395691076573"
"52.17415","4.53189","581.397450758241"
"52.17415","4.53195","581.401542265526"
"52.17416","4.53197","581.403301946957"
"52.17416","4.53203","581.407393453321"
"52.17415","4.53205","581.409153134752"
"52.17415","4.53209","581.411880806275"
"52.17414","4.53211","581.413640487943"
"52.17414","4.53213","581.415004324011"
"52.17413","4.53215","581.416764005917"
"52.17413","4.53217","581.418127842292"
"52.17409","4.53224","581.424652298401"
"52.17426","4.53308","581.484971860442"
"52.17425","4.53321","581.49390623717"
"52.175","4.5368","581.752527304593"
"52.17511","4.53713","581.778139521034"
"52.17549","4.53888","581.904732027476"
"52.17556","4.53892","581.91297974591"
"52.17562","4.53899","581.921183137576"
"52.17565","4.53907","581.927577405425"
"52.17559","4.53915","581.936195428575"
"52.17562","4.53925","581.943786610186"
"52.17562","4.53934","581.949923668304"
"52.1756","4.53942","581.955814724146"
"52.17559","4.53943","581.957119106359"
"52.17559","4.53945","581.958482897972"
"52.17557","4.53948","581.961504580215"
"52.17562","4.53959","581.97084125925"
"52.17564","4.53971","581.979320822713"
"52.17562","4.53979","581.985211876283"
"52.17709","4.5488","582.620961686347"
"52.17709","4.5489","582.627780414463"
"52.17767","4.5524","582.87499500109"
"52.17815","4.55442","583.022710536478"
"52.17887","4.55934","583.367602198478"
"52.17909","4.56025","583.434298231611"
"52.17936","4.56092","583.488963768251"
"52.18149","4.56547","583.87926825899"
"52.18156","4.56567","583.894969477197"
"52.18312","4.56903","584.182316746697"
"52.18358","4.5703","584.282881972782"
"52.18371","4.5708","584.319908863109"
"52.18444","4.57461","584.592049320746"
"52.1845","4.57481","584.607229242415"
"52.18512","4.57824","584.851021816418"
"52.18588","4.58418","585.264701497531"
"52.18593","4.58431","585.275163632865"
"52.18615","4.58581","585.380309292979"
"52.18705","4.58893","585.615374994776"
"52.18709","4.58901","585.622412492924"
"52.1873","4.58985","585.684254764377"
"52.18731","4.59001","585.69521875541"
"52.18777","4.59181","585.828160876314"
"52.18779","4.59185","585.831679591644"
"52.18796","4.59264","585.888755661663"
"52.18797","4.59265","585.890059944745"
"52.18908","4.60147","586.503854929227"
"52.18937","4.60239","586.574374662268"
"52.18952","4.60272","586.602379070392"
"52.18996","4.60343","586.671199222211"
"52.19203","4.60554","586.942615803161"
"52.19808","4.61124","587.719471729659"
"52.19809","4.61124","587.720583678926"
"52.19837","4.61142","587.754048030561"
"52.19846","4.61144","587.764147978277"
"52.19865","4.61141","587.785373721355"
"52.19874","4.61137","587.795745939403"
"52.19893","4.61119","587.820176419295"
"52.19894","4.61124","587.82376093854"
"52.19895","4.61125","587.825065133635"
"52.19895","4.61126","587.825746671285"
"52.19896","4.61127","587.827050866299"
"52.19896","4.61128","587.827732403795"
"52.19904","4.61134","587.837522874968"
"52.1992","4.61133","587.85532711238"
"52.19934","4.61135","587.870953962897"
"52.19993","4.61196","587.948622130108"
"52.19997","4.61202","587.954663977072"
"52.20002","4.6123","587.974540008173"
"52.20004","4.61234","587.978058141285"
"52.20008","4.61237","587.982953356504"
"52.20013","4.6125","587.993413094187"
"52.20025","4.61244","588.007368986277"
"52.20031","4.61237","588.015570836364"
"52.20042","4.61243","588.028467691617"
"52.20071","4.61247","588.060829242444"
"52.20076","4.61246","588.066430602595"
"52.20092","4.61236","588.085482421044"
"52.20104","4.61234","588.098895246741"
"52.20119","4.61243","588.116666496756"
"52.20189","4.61301","588.203964188537"
"52.20195","4.61309","588.212580170056"
"52.20319","4.61411","588.366992506229"
"52.20328","4.61415","588.377364651087"
"52.20382","4.61457","588.443882546016"
"52.20455","4.61488","588.527758733805"
"52.20474","4.61502","588.55093995598"
"52.20508","4.61564","588.607635183761"
"52.20519","4.61575","588.621980784172"
"52.2072","4.61724","588.86746380914"
"52.20805","4.61767","588.966416972619"
"52.20899","4.61803","589.073780049428"
"52.20962","4.61821","589.144898409301"
"52.21019","4.61852","589.211706516246"
"52.21101","4.61881","589.305002805057"
"52.21166","4.61897","589.378097030439"
"52.21178","4.61902","589.391868441233"
"52.21189","4.61911","589.40555092408"
"52.21194","4.61922","589.41488268236"
"52.21199","4.61944","589.430869990038"
"52.21205","4.61956","589.441422679697"
"52.21248","4.61999","589.497498479094"
"52.21249","4.61999","589.498610428361"
"52.2125","4.62","589.499914514876"
"52.21376","4.62047","589.64363296491"
"52.21439","4.62056","589.713953614021"
"52.21469","4.62057","589.747319048557"
"52.21507","4.62046","589.790232566782"
"52.21534","4.62278","589.951117538449"
"52.21534","4.62295","589.962699405385"
"52.21647","4.6322","590.605285658983"
"52.21967","4.6405","591.27336116171"
"52.21968","4.64051","591.274665190692"
"52.21978","4.64075","591.294437425104"
"52.2198","4.64077","591.297045481225"
"52.2198","4.64079","591.298407916988"
"52.22006","4.64113","591.335452149335"
"52.22012","4.64118","591.342942998132"
"52.2203","4.64146","591.370591113777"
"52.22033","4.64154","591.376980706179"
"52.22036","4.64151","591.380892777018"
"52.2204","4.64161","591.389028345028"
"52.22042","4.64172","591.396844685363"
"52.22041","4.64183","591.404420031565"
"52.22053","4.64256","591.45590726785"
"52.22077","4.64349","591.524650752258"
"52.2211","4.64533","591.655252480611"
"52.22161","4.64707","591.786648019454"
"52.22284","4.64999","592.028037892159"
"52.22437","4.65311","592.300267794143"
"52.22439","4.65313","592.302875776706"
"52.22507","4.65463","592.429982976371"
"52.22617","4.65752","592.661735496728"
"52.22671","4.65926","592.794592736758"
"52.22757","4.66384","593.120867299941"
"52.22783","4.66468","593.18496920672"
"52.22816","4.66533","593.242470460721"
"52.23065","4.66917","593.623335895196"
"52.23071","4.66922","593.630826374701"
"52.23078","4.66934","593.642112495176"
"52.23078","4.66935","593.642793544625"
"52.23097","4.6697","593.674645372708"
"52.23099","4.66983","593.683774009511"
"52.23159","4.671","593.787698754607"
"52.23167","4.67109","593.798501543728"
"52.23176","4.67114","593.809072548658"
"52.23182","4.67149","593.833824829358"
"52.23421","4.6761","594.245151372154"
"52.23455","4.67664","594.297892424035"
"52.23506","4.6773","594.370252823535"
"52.23559","4.67782","594.439006515968"
"52.2356","4.67782","594.440118465234"
"52.2361","4.67817","594.500609273477"
"52.23618","4.6782","594.509736433063"
"52.23881","4.6801","594.829520494388"
"52.2392","4.68056","594.88301543752"
"52.23946","4.68105","594.927163488393"
"52.23963","4.68146","594.960878710455"
"52.24088","4.68639","595.324202443339"
"52.24109","4.68697","595.370081277263"
"52.24111","4.68707","595.377244167473"
"52.24234","4.69023","595.63219352406"
"52.2429","4.692","595.767843720971"
"52.24327","4.69371","595.891326355025"
"52.24443","4.7009","596.397564842969"
"52.24457","4.70126","596.426600864074"
"52.2468","4.70458","596.762126085716"
"52.2473","4.7051","596.828037773274"
"52.24877","4.70603","597.003327745435"
"52.24974","4.70695","597.128052068512"
"52.24989","4.70713","597.148748651263"
"52.25299","4.71015","597.550102194001"
"52.25305","4.71023","597.558714208694"
"52.25489","4.71199","597.795807338061"
"52.25543","4.71257","597.86766858133"
"52.25558","4.71279","597.890083752596"
"52.25565","4.71286","597.899209939684"
"52.25599","4.71345","597.954364991533"
"52.25684","4.71554","598.125158157515"
"52.25691","4.71558","598.133404226731"
"52.25693","4.71577","598.146526368195"
"52.25896","4.72029","598.52809958858"
"52.25911","4.72053","598.551445297113"
"52.25918","4.72058","598.559940355686"
"52.25923","4.7207","598.569820464047"
"52.26137","4.72329","598.865956071619"
"52.26187","4.72375","598.929761833801"
"52.26283","4.72448","599.047503822839"
"52.26338","4.72513","599.122982466555"
"52.26353","4.7254","599.147798393094"
"52.26427","4.72727","599.299344138999"
"52.26466","4.72796","599.363262429928"
"52.26473","4.72805","599.373166864734"
"52.26531","4.72914","599.471460301931"
"52.26579","4.73045","599.575364244594"
"52.26716","4.7355","599.951268771672"
"52.26774","4.73824","600.148560975598"
"52.26793","4.73893","600.2000483779"
"52.26807","4.7393","600.229650015712"
"52.27008","4.74333","600.583419735958"
"52.27025","4.74353","600.606712026772"
"52.27108","4.74432","600.713517113384"
"52.27167","4.74496","600.792259630095"
"52.27227","4.74581","600.880555126002"
"52.2726","4.74654","600.942309293557"
"52.27374","4.75008","601.214490835212"
"52.27369","4.75015","601.221811655905"
"52.27367","4.75022","601.227068023173"
"52.27367","4.7503","601.232511153412"
"52.27391","4.75166","601.328815533898"
"52.27394","4.75173","601.334630282555"
"52.27398","4.75176","601.339524078103"
"52.27401","4.75175","601.342928605389"
"52.27438","4.75525","601.58459063573"
"52.27453","4.75597","601.63633957797"
"52.27666","4.76343","602.196431085608"
"52.27668","4.76357","602.206212096412"
"52.27729","4.76539","602.347395084406"
"52.27816","4.76739","602.514345530115"
"52.27824","4.76749","602.525544430163"
"52.27966","4.77064","602.791730289796"
"52.27971","4.77068","602.797920256337"
"52.27981","4.77091","602.81711575085"
"52.27983","4.77103","602.825576807353"
"52.28082","4.77322","603.010817976708"
"52.28141","4.77473","603.13270230899"
"52.28147","4.77481","603.141312117476"
"52.28298","4.77868","603.453558833491"
"52.28325","4.77927","603.503680075624"
"52.28456","4.78141","603.709614658586"
"52.28462","4.78147","603.717435711819"
"52.28823","4.7871","604.272218271644"
"52.2883","4.78717","604.281342627657"
"52.28883","4.78794","604.360184343695"
"52.28954","4.7888","604.458440641594"
"52.28986","4.78908","604.498798812352"
"52.28991","4.78917","604.507068084541"
"52.29195","4.7912","604.772619286281"
"52.29202","4.79124","604.78086464398"
"52.29249","4.79169","604.841428067826"
"52.2925","4.79169","604.842540017092"
"52.29298","4.79209","604.9024465427"
"52.29319","4.79223","604.927664024678"
"52.29667","4.79397","605.332310852227"
"52.29912","4.7948","605.610523785235"
"52.29939","4.79494","605.642019631302"
"52.2994","4.79494","605.643131580568"
"52.29951","4.79503","605.656808644081"
"52.29975","4.79531","605.689591233943"
"52.30135","4.79766","605.928729416995"
"52.30171","4.79828","605.986864516949"
"52.30388","4.80323","606.400994023817"
"52.30416","4.804","606.461906497413"
"52.30421","4.80407","606.469225188115"
"52.30602","4.80925","606.874868319938"
"52.30591","4.80936","606.889205033908"
"52.30506","4.81043","607.008476655448"
"52.3046","4.81081","607.065781305075"
"52.30457","4.81087","607.071051048839"
"52.30461","4.81093","607.0770863793"
"52.30462","4.81105","607.085320795864"
"52.30461","4.81106","607.086624144313"
"52.30461","4.81111","607.090023725578"
"52.3046","4.81112","607.091327074107"
"52.3046","4.81114","607.09268690692"
"52.30459","4.81115","607.093990255529"
"52.30459","4.81116","607.094670172089"
"52.30458","4.81117","607.095973520777"
"52.30458","4.81118","607.096653437491"
"52.30453","4.81122","607.102842732721"
"52.30451","4.81122","607.105066631253"
"52.30449","4.81123","607.107392144765"
"52.30448","4.81131","607.11294398314"
"52.30543","4.81405","607.327104769759"
"52.30538","4.81412","607.334423375178"
"52.30751","4.81985","607.790345518984"
"52.30757","4.82012","607.809876865438"
"52.30763","4.82138","607.895799939057"
"52.30777","4.82136","607.911426499647"
"52.30781","4.82197","607.953136239864"
"52.30855","4.82175","608.036768814198"
"52.3086","4.82175","608.04232856053"
"52.30866","4.82178","608.049305045438"
"52.30882","4.82191","608.069170547138"
"52.30882","4.82192","608.069850398739"
"52.30901","4.82209","608.093932058962"
"52.30941","4.82258","608.149501908676"
"52.30945","4.82297","608.176386234706"
"52.30933","4.8234","608.208520773006"
"52.30901","4.82412","608.269036085923"
"52.30879","4.82543","608.361395099111"
"52.30884","4.82606","608.404585096178"
"52.30878","4.82616","608.41411039738"
"52.30916","4.82749","608.513916084356"
"52.30947","4.82827","608.577162912849"
"52.30974","4.82866","608.617217086826"
"52.30997","4.82923","608.663646429074"
"52.31028","4.83036","608.747846614393"
"52.31069","4.83117","608.819335739982"
"52.31094","4.83155","608.857284699492"
"52.31133","4.83203","608.911556285868"
"52.31165","4.83251","608.959835491713"
"52.31182","4.8332","609.010407860077"
"52.31213","4.83367","609.057408505284"
"52.31217","4.83379","609.066699868295"
"52.31219","4.83401","609.081819911141"
"52.31198","4.83517","609.164061553479"
"52.31207","4.83552","609.189873599846"
"52.3123","4.83592","609.227202901812"
"52.3123","4.83593","609.227882699968"
"52.31303","4.83722","609.347377661729"
"52.31305","4.83781","609.387546691091"
"52.31326","4.83786","609.411143700192"
"52.31344","4.83782","609.43134264465"
"52.31367","4.83808","609.462430443472"
"52.31395","4.83833","609.497901146745"
"52.3142","4.83842","609.526365135364"
"52.31572","4.83849","609.695448390619"
"52.31606","4.83823","609.737181598277"
"52.31612","4.8382","609.744157982709"
"52.31621","4.83819","609.75418858437"
"52.31647","4.83833","609.784625199532"
"52.31664","4.8385","609.806780497123"
"52.31702","4.8387","609.851167646047"
"52.31823","4.8391","609.988433125071"
"52.31864","4.83951","610.04186587239"
"52.31881","4.84005","610.083151408246"
"52.31888","4.8408","610.134719543206"
"52.31887","4.84126","610.166005379665"
"52.31892","4.84126","610.171565125998"
"52.31899","4.8413","610.179809937252"
"52.31911","4.84133","610.193308231589"
"52.31934","4.84146","610.220366444174"
"52.31963","4.84183","610.261260002221"
"52.31982","4.84226","610.297322934819"
"52.3199","4.84258","610.320821583732"
"52.32002","4.84391","610.412198580139"
"52.32001","4.84405","610.421778844354"
"52.32118","4.84464","610.557916871299"
"52.32125","4.8447","610.566704074804"
"52.32145","4.84481","610.590166103566"
"52.32168","4.8452","610.626999115761"
"52.32199","4.84587","610.684111270062"
"52.32214","4.84646","610.727541055392"
"52.32211","4.84709","610.770488580474"
"52.32187","4.84826","610.854366176799"
"52.32178","4.84823","610.864579318566"
"52.32164","4.84953","610.954295212049"
"52.32162","4.85092","611.048793409245"
"52.32159","4.85109","611.060819464753"
"52.3216","4.85309","611.196755091738"
"52.32148","4.85388","611.252081102568"
"52.32151","4.85543","611.357480729134"
"52.32167","4.85621","611.413399581011"
"52.32172","4.85709","611.473466974899"
"52.32166","4.8572","611.483487203858"
"52.32163","4.8576","611.510877284916"
"52.32166","4.85776","611.522251908695"
"52.32172","4.85785","611.5313033069"
"52.32178","4.858","611.543487122873"
"52.32189","4.85814","611.558983759767"
"52.32191","4.85906","611.6215511608"
"52.32188","4.85931","611.638866793216"
"52.32191","4.85949","611.651547157682"
"52.32189","4.85997","611.684246104578"
"52.32194","4.86146","611.785666530091"
"52.32182","4.86162","611.80287986847"
"52.32164","4.86161","611.822906491452"
"52.32156","4.86162","611.831828011856"
"52.32151","4.86164","611.83755151691"
"52.3214","4.86173","611.851227220053"
"52.32147","4.86522","612.088555484955"
"52.32149","4.86527","612.092616774297"
"52.32152","4.86733","612.232665804647"
"52.32154","4.86745","612.241119445864"
"52.32155","4.86819","612.291426292343"
"52.32153","4.86831","612.299879931782"
"52.32156","4.86981","612.401882917701"
"52.32152","4.86998","612.414263605142"
"52.32176","4.87042","612.454344546187"
"52.32177","4.87182","612.549502432916"
"52.32185","4.87218","612.575536812968"
"52.32192","4.87808","612.976606404552"
"52.32217","4.87807","613.004413443302"
"52.32239","4.88954","613.784349849012"
"52.32242","4.88964","613.791920802386"
"52.32252","4.8947","614.135999351443"
"52.3226","4.89512","614.16589823341"
"52.32327","4.8947","614.245680043767"
"52.32344","4.89463","614.265172643625"
"52.32347","4.89481","614.277852591971"
"52.324","4.8958","614.367295799937"
"52.32401","4.89597","614.378902697899"
"52.32409","4.89598","614.387824215435"
"52.32424","4.89597","614.40451729458"
"52.3247","4.89614","614.456955536365"
"52.32597","4.8969","614.607321966887"
"52.32585","4.90245","614.984729879802"
"52.32586","4.90248","614.987052166132"
"52.32593","4.90254","614.99583916948"
"52.3261","4.90262","615.015508595388"
"52.32613","4.90266","615.019811765605"
"52.32493","4.90747","615.372881906773"
"52.32489","4.90752","615.378479178862"
"52.32489","4.90758","615.382556807562"
"52.32517","4.90837","615.444619909858"
"52.32479","4.90867","615.491535592901"
"52.3245","4.90904","615.532427347586"
"52.32426","4.90942","615.569563979278"
"52.32423","4.90952","615.577134678938"
"52.32423","4.90956","615.579853138623"
"52.32421","4.90962","615.584497843574"
"52.32408","4.90983","615.604811512891"
"52.32408","4.90984","615.605491130116"
"52.32376","4.91036","615.655641273859"
"52.32385","4.9105","615.669449982941"
"52.32387","4.91051","615.671775409536"
"52.32369","4.911","615.71062887261"
"52.32383","4.91111","615.727898173299"
"52.32393","4.91127","615.743450837276"
"52.32398","4.91142","615.755062653258"
"52.32423","4.91468","615.978354900095"
"52.32455","4.91601","616.075494895961"
"52.32454","4.91618","616.087101653562"
"52.32429","4.91681","616.138150079071"
"52.32428","4.91682","616.139453269948"
"52.32419","4.91705","616.158013536838"
"52.32418","4.91706","616.159316728518"
"52.32409","4.9173","616.178452895779"
"52.32408","4.91731","616.179756088259"
"52.32398","4.91755","616.199496563239"
"52.32466","4.9183","616.290684841802"
"52.32473","4.91842","616.301958436478"
"52.32493","4.91911","616.353857439976"
"52.32493","4.9192","616.359973877496"
"52.32499","4.91946","616.378861166698"
"52.32517","4.91995","616.417713791131"
"52.32526","4.91986","616.429442441984"
"52.3253","4.91979","616.435955027505"
"52.32538","4.92","616.452771950096"
"52.32553","4.92017","616.473061649788"
"52.32644","4.92284","616.680818681008"
"52.32643","4.92301","616.692424947341"
"52.327","4.92466","616.821228435239"
"52.32713","4.92484","616.840164793324"
"52.32779","4.92677","616.990457234287"
"52.32784","4.92684","616.997774273126"
"52.32807","4.92752","617.05058931968"
"52.32809","4.9275","617.053195640637"
"52.32814","4.92748","617.058919097686"
"52.32827","4.92782","617.086173273469"
"52.32819","4.92777","617.095695690084"
"52.32963","4.93197","617.422951561145"
"52.33005","4.93281","617.496702753162"
"52.33041","4.93376","617.572661420524"
"52.33024","4.93402","617.598535559383"
"52.3302","4.93415","617.608425902275"
"52.33004","4.93586","617.725978697326"
"52.33004","4.93612","617.743646364841"
"52.32986","4.93766","617.850190408261"
"52.32981","4.93784","617.863626212356"
"52.32947","4.94067","618.059614708819"
"52.32948","4.94098","618.080709600558"
"52.32949","4.94101","618.08303174003"
"52.32949","4.94106","618.086429410642"
"52.32967","4.94173","618.136163359194"
"52.3298","4.942","618.159521034758"
"52.32994","4.94243","618.192628923968"
"52.32999","4.94269","618.211150757387"
"52.33055","4.94433","618.33880922863"
"52.33072","4.94464","618.367112291391"
"52.3308","4.94489","618.386288296279"
"52.33081","4.9449","618.387591434929"
"52.33098","4.94556","618.436260277619"
"52.33158","4.94734","618.574392757085"
"52.33156","4.94735","618.57671814907"
"52.3317","4.94754","618.596942444663"
"52.33195","4.94827","618.653804242392"
"52.33206","4.94882","618.693127179437"
"52.33246","4.94995","618.781861893422"
"52.33246","4.95036","618.809720921836"
"52.33249","4.95057","618.824374913761"
"52.33256","4.95078","618.840629029111"
"52.3326","4.95084","618.846662616338"
"52.33289","4.95111","618.883762709931"
"52.33311","4.95171","618.931307727862"
"52.33321","4.95185","618.945941058245"
"52.33322","4.95188","618.948263046807"
"52.33323","4.95237","618.981575970354"
"52.33325","4.95243","618.986219945456"
"52.33337","4.95257","619.00260703537"
"52.33338","4.95261","619.005543597891"
"52.33341","4.95266","619.010304901076"
"52.33347","4.95286","619.025443764508"
"52.33363","4.95321","619.055143708316"
"52.3338","4.95384","619.10193826197"
"52.33391","4.95399","619.117859479207"
"52.3344","4.95448","619.181711958173"
"52.33455","4.95475","619.20650609083"
"52.33514","4.95536","619.284106570998"
"52.33532","4.95547","619.305471564823"
"52.33536","4.95547","619.309919361889"
"52.33562","4.95575","619.344527948977"
"52.33565","4.95577","619.348129953126"
"52.33586","4.95584","619.371960318254"
"52.3359","4.95587","619.37685292469"
"52.33609","4.95643","619.420373332615"
"52.33609","4.95653","619.427167659935"
"52.33627","4.95707","619.46896129474"
"52.33629","4.95718","619.476758879883"
"52.33698","4.9592","619.633992742759"
"52.33703","4.9593","619.642771794693"
"52.33703","4.95931","619.643451212984"
"52.33704","4.95932","619.644754301731"
"52.33704","4.95934","619.646113138005"
"52.33703","4.95935","619.647416226751"
"52.33701","4.95941","619.652059895979"
"52.33706","4.95945","619.658248314601"
"52.33709","4.95945","619.6615841624"
"52.3371","4.95946","619.662887250665"
"52.33711","4.95946","619.663999199932"
"52.33712","4.95947","619.665302288037"
"52.33712","4.95948","619.665981704945"
"52.33713","4.95948","619.667093654212"
"52.33713","4.95949","619.667773070967"
"52.33717","4.95957","619.674796298722"
"52.33717","4.95967","619.681590460121"
"52.33722","4.95978","619.690905237487"
"52.33716","4.95977","619.697611438203"
"52.33714","4.95982","619.701671720508"
"52.33729","4.96002","619.723185417407"
"52.33802","4.96047","619.809924531698"
"52.33801","4.96052","619.813498905412"
"52.33817","4.96056","619.831496454501"
"52.33826","4.96061","619.842064828868"
"52.33829","4.96075","619.852144421734"
"52.33831","4.96077","619.854750578961"
"52.33808","4.96177","619.927344800665"
"52.33803","4.96226","619.961096587666"
"52.3376","4.96473","620.135588644714"
"52.3375","4.96493","620.153146618984"
"52.3372","4.96657","620.269456763839"
"52.33697","4.9673","620.325259823535"
"52.33706","4.96736","620.336065787992"
"52.33702","4.9675","620.346566181495"
"52.33703","4.9675","620.347678130761"
"52.33704","4.96751","620.348981219508"
"52.33705","4.96751","620.350093168774"
"52.33711","4.96757","620.357911699089"
"52.33714","4.96741","620.369282685484"
"52.33721","4.96746","620.377775345965"
"52.33719","4.96765","620.390874405845"
"52.3372","4.96767","620.392630211714"
"52.33721","4.96777","620.399514758702"
"52.33724","4.9678","620.403424020375"
"52.33721","4.96793","620.412865373547"
"52.33717","4.96791","620.417516107062"
"52.33714","4.96796","620.422277204168"
"52.33714","4.96797","620.422956620769"
"52.33712","4.96799","620.42556279674"
"52.33712","4.968","620.426242213648"
"52.33709","4.96802","620.429844200756"
"52.33705","4.96814","620.43913153112"
"52.33696","4.96826","620.452039773712"
"52.33608","4.97135","620.683666302604"
"52.33602","4.97147","620.69420130118"
"52.33451","4.97671","621.08783665991"
"52.33448","4.97677","621.093104270127"
"52.33456","4.97684","621.103191540025"
"52.33457","4.97684","621.104303489292"
"52.3348","4.977","621.132092994157"
"52.33482","4.97703","621.135109718326"
"52.33492","4.9771","621.147203691127"
"52.33501","4.97724","621.161010746576"
"52.33555","4.97761","621.226106263493"
"52.33569","4.9776","621.24168837337"
"52.33568","4.97762","621.243444215145"
"52.33563","4.97761","621.249045323714"
"52.3356","4.97771","621.256614455493"
"52.33568","4.97772","621.265535959469"
"52.33582","4.97777","621.28146961592"
"52.33584","4.97777","621.283693514453"
"52.33612","4.97796","621.31739827491"
"52.33622","4.97808","621.331186582608"
"52.33632","4.97816","621.343563461141"
"52.33652","4.97825","621.366627802585"
"52.33654","4.97825","621.368851701118"
"52.33681","4.97843","621.401269629957"
"52.33702","4.97865","621.428994820091"
"52.33748","4.97927","621.495257151183"
"52.33757","4.97968","621.524856114723"
"52.33763","4.9798","621.535390892151"
"52.33799","4.98017","621.582659650543"
"52.3382","4.98078","621.630228876973"
"52.33848","4.98112","621.668996784782"
"52.33851","4.98118","621.674264109649"
"52.33858","4.98153","621.699284454801"
"52.33902","4.98228","621.769924915806"
"52.33911","4.98236","621.781313120041"
"52.33912","4.98239","621.78363486989"
"52.33911","4.98248","621.789849630698"
"52.3389","4.983","621.832197546537"
"52.33882","4.98313","621.84473298015"
"52.33879","4.98326","621.854174038114"
"52.33869","4.98345","621.871211384049"
"52.33869","4.98346","621.871890776837"
"52.33862","4.9836","621.884181174893"
"52.33862","4.98361","621.884860568756"
"52.33803","4.98469","621.983287757329"
"52.33799","4.9847","621.987787144787"
"52.33795","4.98469","621.992286532337"
"52.33792","4.98478","621.999251925116"
"52.33765","4.98525","622.043081347432"
"52.33765","4.98531","622.047157800025"
"52.3377","4.98543","622.057025959283"
"52.33802","4.98591","622.105292026314"
"52.33817","4.98608","622.125579846577"
"52.33825","4.98611","622.134705955068"
"52.33892","4.9859","622.210560387206"
"52.33895","4.9859","622.213896235004"
"52.33897","4.98589","622.216221593818"
"52.33899","4.98589","622.218445492351"
"52.33903","4.98587","622.223096209527"
"52.33905","4.98587","622.22532010806"
"52.33907","4.98586","622.227645466424"
"52.33908","4.98587","622.22894853883"
"52.3391","4.98587","622.231172437363"
"52.33913","4.98591","622.235475102995"
"52.33914","4.98591","622.236587052262"
"52.33926","4.98612","622.256121528824"
"52.33926","4.98613","622.256800912854"
"52.33961","4.98677","622.315154780598"
"52.33961","4.98679","622.316513537904"
"52.33962","4.98679","622.31762548717"
"52.33964","4.98685","622.322268945195"
"52.33965","4.98696","622.329824376398"
"52.33962","4.98714","622.342500008388"
"52.33963","4.98732","622.354779269955"
"52.33964","4.98735","622.357100998765"
"52.33965","4.98736","622.358404066604"
"52.33968","4.98759","622.374381865444"
"52.33956","4.98756","622.387880016612"
"52.33956","4.98763","622.392635672563"
"52.33943","4.98762","622.407106969177"
"52.33942","4.98769","622.411990905374"
"52.33925","4.98815","622.448514759035"
"52.33914","4.98859","622.480813305604"
"52.33878","4.9896","622.560254349077"
"52.33844","4.99032","622.622077691035"
"52.33844","4.99033","622.622757087664"
"52.33829","4.99058","622.6465622416"
"52.33713","4.99204","622.809279103805"
"52.3368","4.99255","622.859748130347"
"52.33649","4.99315","622.913133825616"
"52.33551","4.99567","623.116087224105"
"52.33495","4.99759","623.260640312787"
"52.33486","4.99826","623.307250545845"
"52.33487","4.99877","623.341920411049"
"52.33499","4.99952","623.394597204001"
"52.33536","5.0009","623.49699006324"
"52.33558","5.00232","623.596523864277"
"52.3356","5.00326","623.660429970102"
"52.33559","5.00328","623.662185814017"
"52.33558","5.00358","623.682599335834"
"52.3354","5.00506","623.785129312494"
"52.33506","5.00496","623.823541278246"
"52.335","5.00497","623.830247482323"
"52.3337","5.00581","623.985660468185"
"52.33354","5.00589","624.004263530447"
"52.33348","5.0059","624.01096973689"
"52.33326","5.00615","624.040752050433"
"52.33306","5.00655","624.075870086776"
"52.33296","5.00691","624.102740096491"
"52.33274","5.0091","624.253544132946"
"52.33277","5.01282","624.506334179377"
"52.33278","5.01287","624.509908935625"
"52.33282","5.01921","624.940724292135"
"52.33275","5.01977","624.979563312904"
"52.33266","5.02582","625.390773370866"
"52.3327","5.02587","625.396370280673"
"52.33272","5.02587","625.398594179206"
"52.33271","5.02618","625.419687530146"
"52.33267","5.02621","625.424580197832"
"52.33264","5.02626","625.429341541575"
"52.33262","5.02638","625.437793208791"
"52.33253","5.02892","625.61067273683"
"52.33248","5.04397","626.633316997206"
"52.3321","5.04757","626.881556367874"
"52.33205","5.05555","627.423821410913"
"52.33124","5.06184","627.860614535346"
"52.33127","5.0619","627.865882376693"
"52.33083","5.06511","628.089424921916"
"52.33073","5.06544","628.114454457304"
"52.33074","5.06546","628.116210416784"
"52.33074","5.06549","628.118248961546"
"52.33075","5.0655","628.119552100677"
"52.33075","5.0656","628.126347248345"
"52.33074","5.06561","628.127650387476"
"52.33074","5.06564","628.129688932237"
"52.33073","5.06565","628.130992071448"
"52.33073","5.06566","628.131671586522"
"52.33072","5.06567","628.132974725813"
"52.33072","5.06568","628.133654241041"
"52.33071","5.06568","628.134766190307"
"52.3307","5.06571","628.13708828042"
"52.33071","5.06601","628.157504047935"
"52.33031","5.06828","628.318039293047"
"52.32998","5.06935","628.399483034728"
"52.32995","5.0694","628.404244525904"
"52.32976","5.07003","628.451984164963"
"52.32974","5.07025","628.467098335246"
"52.32988","5.0709","628.513930762777"
"52.32988","5.07127","628.539073303644"
"52.32985","5.07134","628.544883128209"
"52.32961","5.07146","628.572787931144"
"52.32954","5.07146","628.58057157601"
"52.32901","5.07174","628.642500274622"
"52.32897","5.07179","628.648097356478"
"52.32891","5.07194","628.660279786287"
"52.3289","5.07236","628.688842249409"
"52.32893","5.0726","628.705488941885"
"52.32904","5.07306","628.739055720947"
"52.32907","5.07337","628.760383972947"
"52.32899","5.07372","628.785777032499"
"52.32565","5.08274","629.502480141509"
"52.32497","5.08418","629.626150105741"
"52.32487","5.08431","629.640352140845"
"52.32469","5.08447","629.66313022524"
"52.32467","5.08501","629.699896378571"
"52.32463","5.08523","629.715495316103"
"52.3243","5.0861","629.785082521767"
"52.32428","5.08612","629.787688903443"
"52.3198","5.09837","630.757909820165"
"52.31979","5.09838","630.759213047011"
"52.31956","5.09897","630.806775585153"
"52.31917","5.09976","630.875795992376"
"52.31913","5.09992","630.887545478331"
"52.31898","5.10018","630.911845653808"
"52.3189","5.10026","630.922271523362"
"52.31868","5.10062","630.956871693242"
"52.31876","5.10081","630.972553227625"
"52.31879","5.10093","630.981365406064"
"52.31921","5.10182","631.057788261424"
"52.31859","5.1027","631.149059693802"
"52.31667","5.1079","631.561986381902"
"52.31662","5.10799","631.570252916775"
"52.31629","5.10898","631.646900914731"
"52.31658","5.11001","631.723982770065"
"52.3166","5.1107","631.770936991578"
"52.31724","5.11611","632.145492129562"
"52.31766","5.11832","632.302802287412"
"52.31807","5.12001","632.42638986542"
"52.32021","5.12576","632.883955857068"
"52.32054","5.1269","632.969688381763"
"52.32063","5.12706","632.984467108912"
"52.32079","5.12719","633.004331547457"
"52.3209","5.12722","633.016731777122"
"52.32116","5.12725","633.045714271165"
"52.32131","5.1274","633.065262500813"
"52.32147","5.12769","633.091814606835"
"52.3224","5.12994","633.276419086181"
"52.32242","5.12981","633.285530028233"
"52.32248","5.12966","633.297713709257"
"52.32255","5.1296","633.306500857162"
"52.32262","5.12924","633.33217616644"
"52.3226","5.12882","633.360807537889"
"52.32252","5.12853","633.382431575562"
"52.32244","5.12838","633.395961616772"
"52.32232","5.12827","633.411256642489"
"52.32217","5.1282","633.428601122587"
"52.32201","5.12821","633.446405287856"
"52.32185","5.12828","633.464821603407"
"52.32169","5.12843","633.48532672802"
"52.32164","5.12851","633.493103250311"
"52.32152","5.12881","633.517470947806"
"52.32148","5.12905","633.534378240909"
"52.32148","5.12941","633.558845898729"
"52.32161","5.12999","633.600832775237"
"52.32206","5.13105","633.688548102644"
"52.32208","5.13113","633.694422513523"
"52.32346","5.13421","633.953970069135"
"52.32471","5.13672","634.174011214013"
"52.32473","5.13674","634.176617588799"
"52.33073","5.1485","635.217664269561"
"52.33085","5.14869","635.236231284456"
"52.33085","5.14874","635.239628850609"
"52.33149","5.14997","635.349401154477"
"52.3318","5.15041","635.395031226116"
"52.33181","5.15041","635.396143175382"
"52.3321","5.15064","635.431977320208"
"52.33225","5.1507","635.4491476025"
"52.33225","5.15077","635.453904044568"
"52.33224","5.15079","635.455659968143"
"52.33224","5.15088","635.461775395041"
"52.33228","5.15102","635.472276719833"
"52.3326","5.15154","635.522422067947"
"52.33263","5.15172","635.535099572772"
"52.33258","5.15185","635.545536926281"
"52.33248","5.15195","635.558568174604"
"52.33194","5.15269","635.636886476218"
"52.33194","5.1527","635.637565972704"
"52.33179","5.15289","635.658658077036"
"52.33145","5.15308","635.698607997336"
"52.33138","5.15314","635.707394764605"
"52.33048","5.15434","635.836484264396"
"52.33037","5.15459","635.857417494232"
"52.32966","5.1556","635.962027336277"
"52.32945","5.15599","635.997348875273"
"52.32932","5.15633","636.024602528588"
"52.32939","5.1564","636.033724580442"
"52.32934","5.15681","636.062134875417"
"52.32934","5.15713","636.083880041073"
"52.32943","5.15764","636.119952351989"
"52.33185","5.16619","636.760230220914"
"52.33541","5.18374","638.016688285412"
"52.33545","5.18384","638.024809071106"
"52.33623","5.18828","638.338699399941"
"52.33652","5.19088","638.518269847994"
"52.33669","5.19504","638.801541992936"
"52.33674","5.19505","638.807143099529"
"52.33653","5.1995","639.110387330479"
"52.33624","5.20186","639.273942750243"
"52.33583","5.20422","639.440644233341"
"52.33585","5.20427","639.444704599838"
"52.33573","5.20611","639.570431144521"
"52.33576","5.20617","639.575698665567"
"52.33574","5.20632","639.586130051385"
"52.3357","5.20637","639.59172681945"
"52.33494","5.21084","639.906976616625"
"52.33491","5.21087","639.910885933568"
"52.33458","5.21286","640.050987857421"
"52.33463","5.213","640.062005847601"
"52.33469","5.21303","640.068981981945"
"52.33457","5.21368","640.115118265944"
"52.33454","5.21372","640.11942110857"
"52.33467","5.21413","640.150805930642"
"52.33463","5.21421","640.157829396188"
"52.33455","5.21467","640.190325618674"
"52.33464","5.21473","640.201131667284"
"52.33468","5.21478","640.206728484772"
"52.33498","5.21567","640.275790474524"
"52.33511","5.21557","640.291763011367"
"52.33541","5.21643","640.359046910532"
"52.33541","5.21649","640.363123569604"
"52.33532","5.21693","640.394649648581"
"52.33544","5.21701","640.409057676996"
"52.33545","5.21701","640.410169626263"
"52.33553","5.21707","640.41995485411"
"52.33489","5.2207","640.676655483356"
"52.33491","5.22114","640.706633929766"
"52.33496","5.22141","640.725803065879"
"52.33581","5.22385","640.916637092971"
"52.33589","5.22396","640.928255582137"
"52.33603","5.22408","640.945828727926"
"52.33721","5.22464","641.082443884343"
"52.3369","5.22645","641.210158302916"
"52.33699","5.22673","641.23165374289"
"52.33786","5.22716","641.332708419793"
"52.33765","5.22835","641.416862444635"
"52.33775","5.2288","641.449395096722"
"52.33774","5.22942","641.491533023496"
"52.33808","5.23067","641.584493613841"
"52.33822","5.23085","641.604289934697"
"52.33843","5.23088","641.627729652829"
"52.33868","5.23171","641.69059916882"
"52.33873","5.23241","641.738480528338"
"52.33916","5.23408","641.861601873686"
"52.33923","5.23425","641.875529440903"
"52.33944","5.23447","641.903254190075"
"52.33961","5.23456","641.923121619095"
"52.33991","5.23456","641.956480097089"
"52.34029","5.2344","642.000109928206"
"52.3406","5.23497","642.051953414485"
"52.34079","5.23512","642.075409682547"
"52.34218","5.23577","642.236154799609"
"52.34236","5.23583","642.256580707012"
"52.34253","5.23586","642.275593388938"
"52.34299","5.23604","642.328184367136"
"52.34283","5.23693","642.39120786024"
"52.34354","5.23727","642.473465511879"
"52.34375","5.23749","642.501189475709"
"52.34454","5.24028","642.710084492958"
"52.34454","5.24036","642.715518916224"
"52.34486","5.24148","642.799510124361"
"52.34487","5.24183","642.823311539463"
"52.34459","5.24338","642.933109816537"
"52.34459","5.24382","642.962999110695"
"52.34465","5.2441","642.983155720697"
"52.34519","5.24567","643.105546811025"
"52.34538","5.24602","643.137352657069"
"52.34626","5.24721","643.264274572579"
"52.34645","5.24756","643.296079988496"
"52.35016","5.25879","644.163279828521"
"52.35062","5.25976","644.246688133984"
"52.35105","5.26151","644.374805728735"
"52.35219","5.26492","644.63883153432"
"52.35331","5.2697","644.986545692934"
"52.35389","5.27175","645.139986058346"
"52.35399","5.27226","645.176364218962"
"52.35425","5.27319","645.245827879279"
"52.35521","5.27568","645.445808565318"
"52.35538","5.27639","645.497600250844"
"52.35537","5.2766","645.511905397452"
"52.35547","5.27757","645.578713423336"
"52.35568","5.27833","645.635363975075"
"52.35569","5.27842","645.641576481455"
"52.35567","5.2786","645.654001495577"
"52.35749","5.28396","646.070482929413"
"52.35753","5.28396","646.074930726479"
"52.35756","5.28399","646.078839499868"
"52.35761","5.28413","646.089853222609"
"52.35759","5.28425","646.098300448258"
"52.35761","5.28427","646.100906296302"
"52.35791","5.28535","646.181478938783"
"52.35818","5.286","646.23486249329"
"52.35838","5.28632","646.265955998844"
"52.35877","5.2868","646.320206558918"
"52.35884","5.28685","646.328698554828"
"52.3592","5.28724","646.376696724063"
"52.35926","5.28727","646.383672527565"
"52.35948","5.28755","646.414655889477"
"52.36016","5.28861","646.519052028082"
"52.36019","5.28874","646.528489092778"
"52.36045","5.28916","646.569100034152"
"52.36052","5.28921","646.577591978448"
"52.36124","5.29031","646.687086758503"
"52.36135","5.29044","646.70217100627"
"52.36252","5.29225","646.881143782882"
"52.36264","5.29234","646.8958200643"
"52.36271","5.29237","646.903865857773"
"52.36275","5.29241","646.909077389505"
"52.36289","5.29274","646.936361940188"
"52.36311","5.29312","646.971917722047"
"52.36401","5.29236","647.084515007648"
"52.36414","5.29221","647.102198104781"
"52.36439","5.29212","647.130660602581"
"52.36464","5.29217","647.158665876544"
"52.36468","5.29199","647.171671929902"
"52.36468","5.29194","647.175066897014"
"52.36477","5.29168","647.19535994922"
"52.36483","5.2916","647.203963286607"
"52.36573","5.29084","647.316559651471"
"52.36573","5.29083","647.317238628756"
"52.36592","5.29068","647.340692380935"
"52.36621","5.29051","647.374942468946"
"52.36623","5.29051","647.377166367479"
"52.36639","5.29044","647.395581450542"
"52.3664","5.29043","647.39688430412"
"52.36668","5.29036","647.428379553085"
"52.36716","5.29034","647.481770388999"
"52.36734","5.29036","647.501831486007"
"52.36766","5.29045","647.5379347317"
"52.37328","5.29393","648.206019726399"
"52.37338","5.29397","648.217465980887"
"52.37357","5.29411","648.240632291822"
"52.37388","5.29448","648.283283257042"
"52.37404","5.29475","648.30882689756"
"52.37426","5.29531","648.354033196502"
"52.37439","5.29582","648.391550895329"
"52.37435","5.29584","648.396201295108"
"52.37521","5.29879","648.618119336708"
"52.37522","5.2988","648.619422119644"
"52.37561","5.30013","648.719581218579"
"52.37562","5.30014","648.720883998311"
"52.37656","5.30325","648.95645470341"
"52.37659","5.30331","648.961719311492"
"52.37664","5.30324","648.969032938896"
"52.37668","5.30324","648.973480735962"
"52.37671","5.30325","648.976884948332"
"52.37676","5.3033","648.98339880214"
"52.3768","5.30339","648.990955656119"
"52.37681","5.30354","649.001198297961"
"52.37676","5.30384","649.022307828459"
"52.37868","5.31005","649.494819964868"
"52.37871","5.31021","649.506181180217"
"52.37975","5.31342","649.752853344632"
"52.37976","5.31343","649.754156091206"
"52.38149","5.31854","650.150771034099"
"52.38149","5.31856","650.152128504186"
"52.38194","5.31981","650.250626445484"
"52.38194","5.31983","650.251983901736"
"52.38488","5.32821","650.907998138549"
"52.38505","5.32854","650.93730567228"
"52.38543","5.32955","651.017829071965"
"52.38544","5.32956","651.019131773048"
"52.38673","5.33308","651.297778182502"
"52.38673","5.3331","651.299135491483"
"52.39126","5.34466","652.231413602567"
"52.39183","5.34587","652.335138851842"
"52.39235","5.34728","652.446932038815"
"52.39919","5.36275","653.743182465654"
"52.39923","5.3628","653.748776273546"
"52.40288","5.37046","654.408163490071"
"52.40292","5.37051","654.413757125923"
"52.40967","5.38475","655.637055067985"
"52.43183","5.43606","659.900686345858"
"52.43186","5.43606","659.904022193658"
"52.43241","5.43542","659.979007705373"
"52.43243","5.43543","659.981332644816"
"52.43299","5.43676","660.090911552033"
"52.43315","5.43727","660.129795474661"
"52.43389","5.43895","660.270302871737"
"52.43396","5.43903","660.27978963711"
"52.43415","5.43942","660.313633098445"
"52.43427","5.4399","660.348802995058"
"52.43547","5.44266","660.57861298776"
"52.43564","5.44293","660.604925399213"
"52.43714","5.44639","660.892733502953"
"52.43668","5.4472","660.967775040981"
"52.43643","5.44795","661.025720185074"
"52.43643","5.44802","661.030465416326"
"52.43642","5.44805","661.032783227354"
"52.43642","5.44811","661.03685056935"
"52.43638","5.44826","661.047949147448"
"52.43637","5.44827","661.049251440585"
"52.43609","5.44896","661.105440660932"
"52.43605","5.44911","661.116539308797"
"52.43605","5.44919","661.121962476993"
"52.43607","5.44925","661.126598128609"
"52.43865","5.45328","661.522743669219"
"52.43851","5.45354","661.546258684007"
"52.43853","5.4536","661.550894136395"
"52.45059","5.4724","663.400729671819"
"52.45062","5.47248","663.407095141678"
"52.45602","5.48089","664.23493246465"
"52.45762","5.48355","664.48818612309"
"52.45778","5.48363","664.506784731551"
"52.4578","5.48362","664.509109557205"
"52.45787","5.48362","664.51689320207"
"52.45786","5.4837","664.522426561615"
"52.45791","5.48372","664.528149072419"
"52.458","5.48383","664.540627067234"
"52.458","5.48386","664.542659742152"
"52.45802","5.48391","664.546712253832"
"52.45803","5.48402","664.554247881497"
"52.45806","5.48403","664.557651844608"
"52.45805","5.48414","664.56518746725"
"52.45812","5.48439","664.583829149196"
"52.47332","5.51161","667.085218913019"
"52.47337","5.51167","667.092105590735"
"52.4735","5.51193","667.114888938604"
"52.47353","5.51195","667.118489345184"
"52.47382","5.51245","667.165251879934"
"52.47404","5.51274","667.196624543892"
"52.47422","5.51316","667.23140725241"
"52.47427","5.51338","667.24731146886"
"52.47744","5.52008","667.821910443274"
"52.4773","5.52023","667.840499252265"
"52.477","5.52038","667.875370334787"
"52.47658","5.52091","667.934273089779"
"52.47578","5.5227","668.084641186428"
"52.47859","5.52873","668.598851183636"
"52.47861","5.52875","668.6014550937"
"52.47926","5.53016","668.721214508784"
"52.47067","5.54113","669.931330495868"
"52.47606","5.55256","670.910392360558"
"52.47771","5.55713","671.270196609578"
"52.47775","5.55718","671.275786756764"
"52.47815","5.55829","671.363134075835"
"52.47816","5.55839","671.369997233446"
"52.49321","5.60127","674.721281820325"
"52.49733","5.61157","675.555605471861"
"52.49734","5.61165","675.561134070418"
"52.5062","5.63375","677.352322189635"
"52.50709","5.63659","677.568516442121"
"52.50711","5.63658","677.57084104667"
"52.50716","5.63658","677.576400793003"
"52.50717","5.63659","677.577702519335"
"52.50719","5.63659","677.579926417868"
"52.50719","5.6366","677.580603218985"
"52.5072","5.6366","677.581715168251"
"52.50723","5.63663","677.585620346046"
"52.50723","5.63664","677.586297146547"
"52.50724","5.63665","677.587598872318"
"52.50728","5.63676","677.596271124166"
"52.50728","5.63678","677.597624723627"
"52.50729","5.63679","677.598926448998"
"52.50729","5.63687","677.604340845611"
"52.50728","5.63689","677.60609260537"
"52.50728","5.63692","677.608123004562"
"52.50727","5.63694","677.60987476456"
"52.50727","5.63696","677.611228364329"
"52.50726","5.63697","677.61253008986"
"52.50726","5.63698","677.613206889899"
"52.50725","5.63699","677.614508615511"
"52.50724","5.63702","677.616823557975"
"52.50718","5.63706","677.62402359072"
"52.50728","5.63742","677.650805813821"
"52.50745","5.63769","677.677097476151"
"52.50787","5.63803","677.729160614108"
"52.51183","5.64076","678.206682125269"
"52.51233","5.64106","678.265870299558"
"52.51295","5.64133","678.337191293466"
"52.51349","5.64148","678.398088489305"
"52.51408","5.64156","678.46391647677"
"52.51477","5.64158","678.540652911674"
"52.51557","5.6414","678.630438862504"
"52.51562","5.64141","678.636039636009"
"52.51582","5.64138","678.658371080346"
"52.51594","5.64281","678.756050178621"
"52.51597","5.64295","678.766093673337"
"52.51672","5.65405","679.521802113453"
"52.51737","5.67197","680.736509943569"
"52.51743","5.67196","680.743215864021"
"52.51749","5.67293","680.809188447289"
"52.51747","5.67307","680.818918986883"
"52.51748","5.67351","680.848712024782"
"52.51768","5.6735","680.870961301437"
"52.51768","5.67357","680.875697778481"
"52.51771","5.67372","680.886381507314"
"52.51802","5.67461","680.955769829904"
"52.51805","5.67476","680.966453484121"
"52.51816","5.67818","681.198185011328"
"52.51782","5.67953","681.297045271618"
"52.51796","5.68374","681.582334217052"
"52.51786","5.68414","681.611594791835"
"52.51797","5.68436","681.63086136658"
"52.51804","5.68986","682.003091771517"
"52.51799","5.69011","682.020897869195"
"52.51797","5.69037","682.038630384357"
"52.51902","5.69039","682.155392899568"
"52.51927","5.69045","682.183486504945"
"52.51954","5.69064","682.216145745434"
"52.51989","5.69106","682.264334801285"
"52.52007","5.69145","682.297454389638"
"52.52017","5.6918","682.323616121112"
"52.52037","5.69285","682.398058553181"
"52.5204","5.69291","682.403312897224"
"52.5205","5.69346","682.442151510349"
"52.52053","5.69354","682.448509649287"
"52.52125","5.69745","682.724905451727"
"52.5213","5.69746","682.730506214663"
"52.52137","5.69751","682.738993219496"
"52.5214","5.69756","682.743744217089"
"52.52143","5.69778","682.758998243023"
"52.52141","5.69788","682.766120183916"
"52.52135","5.69797","682.77515292474"
"52.52299","5.7067","683.393309644401"
"52.52304","5.70676","683.400193615414"
"52.52307","5.70694","683.41282025824"
"52.52307","5.70711","683.424321719873"
"52.5239","5.71158","683.740508970719"
"52.52398","5.71288","683.828908301597"
"52.52395","5.71359","683.877058531883"
"52.52401","5.71366","683.885240176187"
"52.52404","5.71372","683.890494260353"
"52.52405","5.71383","683.898018830501"
"52.52437","5.71396","683.934672038674"
"52.52438","5.71397","683.935973627227"
"52.52464","5.71408","683.965826751417"
"52.5254","5.71432","684.051880541682"
"52.52607","5.71444","684.126822148786"
"52.52612","5.71443","684.132422902756"
"52.52627","5.71445","684.14915693001"
"52.52628","5.71444","684.150458503354"
"52.52628","5.71442","684.151811517607"
"52.52629","5.71441","684.153113090871"
"52.52629","5.7144","684.153789597843"
"52.5263","5.7144","684.154901547109"
"52.5263","5.71439","684.155578053928"
"52.52632","5.71437","684.158181200054"
"52.52632","5.71436","684.158857706565"
"52.52633","5.71436","684.159969655831"
"52.52633","5.71435","684.160646162188"
"52.52634","5.71435","684.161758111454"
"52.52635","5.71434","684.163059684237"
"52.52636","5.71434","684.164171633503"
"52.52637","5.71433","684.165473206126"
"52.52642","5.71433","684.171032952459"
"52.52643","5.71434","684.172334524601"
"52.52644","5.71434","684.173446473867"
"52.52651","5.71441","684.182557476063"
"52.52651","5.71442","684.183233979647"
"52.52652","5.71443","684.184535551068"
"52.52652","5.71445","684.185888557929"
"52.52653","5.71446","684.187190129271"
"52.52653","5.71449","684.189219639099"
"52.52654","5.7145","684.190521210361"
"52.52654","5.71455","684.193903725971"
"52.52677","5.71465","684.220358167892"
"52.52695","5.71477","684.241956900991"
"52.5277","5.71553","684.339927583567"
"52.52786","5.71566","684.359773640024"
"52.52789","5.71566","684.363109487823"
"52.52809","5.71583","684.388145990312"
"52.52889","5.71632","684.483076992215"
"52.52893","5.71636","684.488283201211"
"52.52905","5.71659","684.508780014501"
"52.52906","5.71665","684.51298836067"
"52.52901","5.7177","684.584234414457"
"52.52898","5.71777","684.590026697336"
"52.52888","5.72011","684.748709884463"
"52.5289","5.72012","684.751034391333"
"52.5289","5.72013","684.751710858105"
"52.52892","5.72015","684.754313962603"
"52.52892","5.72017","684.755666895532"
"52.52893","5.72018","684.756968447661"
"52.52893","5.7202","684.758321380281"
"52.52894","5.72021","684.75962293233"
"52.52894","5.72023","684.760975864642"
"52.52922","5.72035","684.793151273706"
"52.53212","5.72102","685.118785877303"
"52.53217","5.72102","685.124345623635"
"52.53289","5.72121","685.205430937453"
"52.53294","5.72119","685.211152901609"
"52.53297","5.72114","685.215903264794"
"52.53298","5.72114","685.217015214061"
"52.533","5.72112","685.219618253235"
"52.53303","5.72111","685.223021986785"
"52.53304","5.72118","685.227885623943"
"52.5331","5.72117","685.234591520047"
"52.53318","5.72122","685.244108324576"
"52.5332","5.72127","685.248155999478"
"52.53321","5.72128","685.249457517344"
"52.53321","5.7213","685.250810318113"
"52.53322","5.72132","685.252561460791"
"52.53369","5.72153","685.306719003336"
"52.53443","5.72175","685.390337942465"
"52.53517","5.7221","685.475959875519"
"52.53524","5.72203","685.485070388508"
"52.53526","5.72203","685.487294287041"
"52.53527","5.72202","685.488595788416"
"52.5353","5.72202","685.491931636216"
"52.53531","5.72203","685.493233137271"
"52.53533","5.72203","685.495457035804"
"52.53533","5.72204","685.496133403532"
"52.5354","5.72208","685.504373833654"
"52.53543","5.72212","685.508668880228"
"52.53543","5.72213","685.509345246416"
"52.53545","5.72216","685.512355722092"
"52.53545","5.72217","685.513032087972"
"52.53546","5.72218","685.514333587826"
"52.53546","5.7222","685.515686319279"
"52.53548","5.72225","685.519733847458"
"52.53548","5.72231","685.523792039966"
"52.53549","5.72233","685.525543128619"
"52.53549","5.7224","685.530277685468"
"52.53552","5.72244","685.534572728548"
"52.53557","5.72259","685.546141707101"
"52.53587","5.72286","685.584171697485"
"52.53594","5.72297","685.594939145996"
"52.53719","5.72424","685.758332563568"
"52.5372","5.72437","685.767195004089"
"52.53726","5.72434","685.774168412552"
"52.53727","5.72441","685.779031605678"
"52.5373","5.72444","685.782936061293"
"52.53731","5.72444","685.784048010559"
"52.53732","5.72445","685.785349495524"
"52.53732","5.72453","685.790760192118"
"52.53738","5.72453","685.797431887717"
"52.53739","5.72452","685.798733372121"
"52.5374","5.72452","685.799845321387"
"52.53744","5.72449","685.804734060133"
"52.53753","5.72454","685.815297517657"
"52.53913","5.72602","686.019434148317"
"52.53925","5.72617","686.036195994427"
"52.53923","5.72625","686.042045678339"
"52.53923","5.72654","686.061658600229"
"52.5393","5.72663","686.07153958315"
"52.53861","5.7288","686.23714469288"
"52.5383","5.73019","686.33727357959"
"52.53807","5.7319","686.455718965407"
"52.53803","5.73201","686.464386739665"
"52.53792","5.73338","686.557847374018"
"52.53794","5.7335","686.566262484179"
"52.53773","5.73872","686.920077688737"
"52.53765","5.73876","686.92937555844"
"52.53758","5.73882","686.938153511064"
"52.53747","5.73901","686.955894410792"
"52.53753","5.73907","686.963703311695"
"52.53751","5.73919","686.972118494951"
"52.53755","5.73941","686.987648394837"
"52.53766","5.73962","687.00639227366"
"52.53772","5.73968","687.014201165436"
"52.53768","5.73984","687.025900884332"
"52.5377","5.7443","687.327552875194"
"52.53771","5.74435","687.331112654199"
"52.53713","5.76027","688.409768574525"
"52.53716","5.76297","688.592410778567"
"52.5374","5.76671","688.846764934611"
"52.53772","5.76939","689.031481827887"
"52.5405","5.78558","690.169225678394"
"52.5405","5.78573","690.1793699997"
"52.54075","5.78719","690.281946403401"
"52.5408","5.7873","690.291233562316"
"52.54102","5.78877","690.393612568118"
"52.54107","5.78889","690.403449731686"
"52.5413","5.79013","690.491121310522"
"52.54134","5.79024","690.499788609186"
"52.54521","5.81293","692.093389704602"
"52.54521","5.81308","692.103532937504"
"52.54541","5.8146","692.208695817043"
"52.54544","5.81467","692.214486651658"
"52.54558","5.81619","692.318442906865"
"52.54563","5.81633","692.329421685676"
"52.54585","5.81968","692.557268194754"
"52.54584","5.827","693.052252048047"
"52.54531","5.83523","693.611884499488"
"52.5453","5.83524","693.613185920493"
"52.54511","5.83744","693.763446030721"
"52.54447","5.84202","694.081226622781"
"52.54435","5.84332","694.170143142625"
"52.54431","5.84344","694.179396901332"
"52.54417","5.8453","694.306135466992"
"52.54421","5.84541","694.314802348229"
"52.54413","5.84732","694.444268542804"
"52.54415","5.85013","694.6343027511"
"52.54412","5.85028","694.644980676643"
"52.54425","5.85337","694.854435560395"
"52.54429","5.85349","694.863689328829"
"52.5447","5.85807","695.176738546588"
"52.54498","5.86024","695.326745184692"
"52.54549","5.86226","695.474644734346"
"52.54608","5.86383","695.599444200273"
"52.54658","5.86482","695.686464470211"
"52.54743","5.86611","695.815080100249"
"52.54844","5.86741","695.957697401332"
"52.54897","5.86819","696.036784108328"
"52.54976","5.86968","696.170449509217"
"52.55307","5.87748","696.813557190487"
"52.55309","5.87761","696.822623403082"
"52.55335","5.87841","696.883952604946"
"52.55337","5.87857","696.89499627821"
"52.55408","5.88055","697.050407368805"
"52.55413","5.88061","697.057289645708"
"52.55519","5.8836","697.291287733144"
"52.55531","5.88403","697.323274399258"
"52.55558","5.88561","697.43423051345"
"52.55561","5.88601","697.461477707697"
"52.55566","5.88611","697.470230753057"
"52.55568","5.88674","697.512880198825"
"52.55565","5.88686","697.521651916147"
"52.55563","5.88772","697.579835148379"
"52.55565","5.88784","697.588247100824"
"52.55507","5.89698","698.209521662165"
"52.55493","5.89699","698.225103625232"
"52.5549","5.89715","698.236423368227"
"52.55492","5.89747","698.258171486194"
"52.55495","5.89754","698.263961482462"
"52.55499","5.89759","698.269548028894"
"52.55502","5.89802","698.298809574286"
"52.55641","5.90317","698.679742368676"
"52.5565","5.90385","698.726789921539"
"52.55665","5.90433","698.763275475406"
"52.55659","5.90443","698.772773606477"
"52.55665","5.90463","698.787850854531"
"52.55681","5.905","698.818546080948"
"52.55684","5.90512","698.827317599902"
"52.5569","5.90566","698.864428177758"
"52.55732","5.90712","698.973620175759"
"52.55726","5.90719","698.981799741415"
"52.55724","5.90723","698.985300882679"
"52.55724","5.90726","698.98732897321"
"52.55722","5.9073","698.990830115427"
"52.55704","5.90889","699.100166766914"
"52.5568","5.9096","699.155085248781"
"52.55666","5.9099","699.180652125637"
"52.55659","5.91013","699.198040449089"
"52.55657","5.91089","699.249467622667"
"52.55704","5.91101","699.30235512763"
"52.55717","5.91108","699.31756534883"
"52.55723","5.91116","699.326153750934"
"52.55726","5.91125","699.33309249959"
"52.55727","5.91126","699.334393824857"
"52.55742","5.91174","699.370878872219"
"52.55741","5.91176","699.372629438924"
"52.558","5.91397","699.53580021233"
"52.558","5.91406","699.541884378528"
"52.55837","5.91539","699.640760544516"
"52.55843","5.9155","699.650750921428"
"52.55871","5.91662","699.732615646484"
"52.55862","5.91671","699.744327473028"
"52.55874","5.91702","699.769171192634"
"52.55875","5.91712","699.776022103215"
"52.55889","5.91736","699.798506836405"
"52.559","5.91762","699.819920092037"
"52.55901","5.91763","699.821221403376"
"52.56019","5.92045","700.052643013757"
"52.56025","5.92075","700.073991802205"
"52.56028","5.9213","700.111320250687"
"52.56027","5.92131","700.11262155186"
"52.56006","5.92231","700.184139555067"
"52.56","5.92245","700.195718649274"
"52.55997","5.92265","700.209643868337"
"52.55998","5.92278","700.218501782372"
"52.56062","5.92462","700.361802251935"
"52.56063","5.9247","700.367323211374"
"52.56081","5.92521","700.407186927052"
"52.56087","5.92531","700.416684595309"
"52.56323","5.93186","700.931362078868"
"52.56324","5.93187","700.932663356348"
"52.56338","5.93225","700.962698172292"
"52.56334","5.93227","700.967346877054"
"52.56328","5.93234","700.975526067056"
"52.56277","5.93402","701.10245674957"
"52.56277","5.93557","701.207228219072"
"52.56267","5.93604","701.240887408628"
"52.56267","5.93615","701.248322820189"
"52.56265","5.93622","701.25355101444"
"52.56264","5.9364","701.265768763483"
"52.56259","5.93659","701.279763527532"
"52.56261","5.9366","701.282087883318"
"52.56241","5.93725","701.331332218951"
"52.56182","5.93876","701.452667050298"
"52.56177","5.93912","701.477628652214"
"52.56177","5.93926","701.487092097451"
"52.56172","5.93935","701.495333549877"
"52.56164","5.93966","701.518098343956"
"52.56139","5.94009","701.558318101197"
"52.56146","5.9404","701.58067194845"
"52.56177","5.94133","701.652366860108"
"52.56189","5.9419","701.69314164391"
"52.56195","5.94312","701.775877962542"
"52.56225","5.94528","701.925646584353"
"52.56224","5.94572","701.955409297488"
"52.56193","5.94826","702.130528098051"
"52.56177","5.94873","702.16694051819"
"52.56156","5.94911","702.201654568519"
"52.56089","5.95002","702.29826827442"
"52.56081","5.95016","702.311256428532"
"52.56025","5.95202","702.451563342629"
"52.55999","5.95269","702.505295144682"
"52.5595","5.95343","702.579261417162"
"52.5595","5.95344","702.579937412515"
"52.55927","5.95376","702.613433853124"
"52.55921","5.95381","702.620912883844"
"52.5591","5.95386","702.633602745716"
"52.55906","5.9539","702.63880798867"
"52.55816","5.95437","702.743805986507"
"52.55802","5.95448","702.761058157375"
"52.55775","5.95478","702.797288826016"
"52.55744","5.95523","702.843263323286"
"52.55705","5.95605","702.913645082818"
"52.55674","5.95656","702.962398849311"
"52.55639","5.95686","703.006284564083"
"52.55509","5.95769","703.161346780015"
"52.55485","5.95801","703.195701080837"
"52.5549","5.95823","703.211579706654"
"52.55511","5.95996","703.330847118535"
"52.56436","5.99279","705.776890615412"
"52.56479","5.99261","705.826228077541"
"52.56482","5.99261","705.82956392534"
"52.56489","5.9931","705.863586000093"
"52.5732","6.02248","708.053701522791"
"52.57325","6.02244","708.059883571009"
"52.57365","6.02227","708.105821247692"
"52.57477","6.02612","708.394263110805"
"52.57521","6.02739","708.4930507156"
"52.57657","6.03227","708.855834837674"
"52.57657","6.0323","708.857862034548"
"52.58208","6.05219","710.334877757871"
"52.58098","6.05314","710.473011125673"
"52.58731","6.07556","712.143289965511"
"52.58769","6.07756","712.284855729784"
"52.58846","6.08021","712.483298919715"
"52.58868","6.08065","712.521795072233"
"52.5888","6.08083","712.539847965049"
"52.58908","6.08113","712.576997431718"
"52.58928","6.08128","712.601436162305"
"52.58982","6.08157","712.66459642207"
"52.58983","6.08157","712.665708371336"
"52.58983","6.08158","712.66638389924"
"52.58984","6.08158","712.667495848506"
"52.58986","6.0816","712.670097977406"
"52.58986","6.08161","712.670773504847"
"52.58987","6.08162","712.672074569176"
"52.5899","6.0817","712.678425430212"
"52.58968","6.08302","712.770889907758"
"52.58964","6.08356","712.8076387129"
"52.5897","6.08376","712.822706826062"
"52.58981","6.08393","712.83948449843"
"52.58986","6.08386","712.8467832198"
"52.5902","6.08355","712.890001863912"
"52.59035","6.08347","712.907534748701"
"52.5905","6.08345","712.924268616028"
"52.59067","6.08347","712.943219972111"
"52.59078","6.08352","712.955909186208"
"52.59085","6.08357","712.96439405882"
"52.59107","6.0838","712.993373758813"
"52.59123","6.08404","713.017443682013"
"52.59132","6.08425","713.034804058974"
"52.59136","6.08431","713.040821527937"
"52.59249","6.08681","713.251312345728"
"52.59274","6.08757","713.309692500315"
"52.59292","6.08887","713.399757249874"
"52.59291","6.08892","713.403312988"
"52.59286","6.08895","713.409230525341"
"52.59287","6.08901","713.413433181857"
"52.59296","6.08925","713.43248481105"
"52.59304","6.08963","713.459650750363"
"52.59344","6.09048","713.53227869567"
"52.59359","6.09073","713.55601390717"
"52.59363","6.09086","713.565857214925"
"52.59402","6.09173","713.638891480756"
"52.59413","6.09206","713.664317135525"
"52.5942","6.09218","713.675554786134"
"52.59428","6.09255","713.702082743284"
"52.59466","6.0934","713.773369138204"
"52.59471","6.09333","713.780667520507"
"52.59477","6.09345","713.791165589929"
"52.59478","6.0935","713.794721191876"
"52.59494","6.09367","713.815896124512"
"52.59512","6.09399","713.845354278935"
"52.59552","6.0949","713.921224415354"
"52.59583","6.0953","713.965021176705"
"52.59612","6.09552","714.000526728956"
"52.59637","6.09565","714.029679224848"
"52.59638","6.09565","714.030791174115"
"52.59707","6.096","714.111074963801"
"52.60089","6.09744","714.546831380259"
"52.60097","6.09749","714.556346329786"
"52.60096","6.09756","714.561202833443"
"52.60229","6.10045","714.806079367021"
"52.6024","6.10095","714.841993172998"
"52.6024","6.10133","714.867655869452"
"52.60235","6.10183","714.901877244432"
"52.60242","6.10211","714.922325938509"
"52.60362","6.10533","715.177455458109"
"52.60734","6.11421","715.90593870534"
"52.60859","6.11915","716.267311035697"
"52.60892","6.12021","716.347743979658"
"52.61001","6.12888","716.945579149532"
"52.61008","6.13684","717.483107635987"
"52.61121","6.17744","720.227326080053"
"52.61113","6.17833","720.288073626387"
"52.61124","6.17839","720.300958513976"
"52.6113","6.17844","720.308435733298"
"52.61134","6.17851","720.31492584343"
"52.61161","6.17947","720.38635983204"
"52.61169","6.17967","720.402530330365"
"52.61217","6.18058","720.483917435228"
"52.61217","6.18059","720.484592618703"
"52.61333","6.18283","720.68336555879"
"52.61337","6.18288","720.688949383878"
"52.61427","6.18466","720.845339522138"
"52.61432","6.18472","720.852218519484"
"52.6148","6.18592","720.949237012781"
"52.61505","6.18588","720.977166612272"
"52.61546","6.18595","721.023000828908"
"52.61554","6.18599","721.032297304001"
"52.61568","6.18614","721.050868673266"
"52.6157","6.18624","721.057976814219"
"52.61898","6.18476","721.436134571401"
"52.61904","6.18472","721.44333201588"
"52.62288","6.183","721.885825314051"
"52.62344","6.18281","721.949401532875"
"52.6236","6.18278","721.967307596302"
"52.625","6.1827","722.123074122375"
"52.62638","6.1827","722.276523121144"
"52.62641","6.18269","722.279926568968"
"52.62703","6.18273","722.348920268233"
"52.62709","6.18272","722.355626018368"
"52.62797","6.18291","722.454314303345"
"52.62866","6.18314","722.532593468215"
"52.62983","6.18374","722.668848259908"
"52.63082","6.1844","722.787601773266"
"52.63117","6.18471","722.831787123913"
"52.63118","6.18471","722.83289907318"
"52.63145","6.18499","722.868373712436"
"52.6315","6.18502","722.874290638694"
"52.63525","6.18851","723.353190536891"
"52.63713","6.19085","723.615172992134"
"52.6381","6.19242","723.76635939878"
"52.6383","6.19283","723.801855645285"
"52.63834","6.19287","723.807058351437"
"52.64197","6.1995","724.40959856286"
"52.64199","6.19952","724.412199857359"
"52.643","6.20138","724.580611154464"
"52.64306","6.20144","724.588414987544"
"52.64311","6.20165","724.603635592314"
"52.64319","6.20176","724.615220675462"
"52.64322","6.20178","724.618819117754"
"52.64327","6.20184","724.625696537819"
"52.6434","6.20235","724.663019375393"
"52.64345","6.20247","724.672840920566"
"52.64351","6.20251","724.680037798785"
"52.6436","6.20252","724.690068060206"
"52.64364","6.20265","724.69990242513"
"52.6437","6.20277","724.710393505059"
"52.64377","6.20282","724.718876754228"
"52.64433","6.20413","724.826993773717"
"52.64437","6.20418","724.832576153834"
"52.64467","6.20495","724.894314830881"
"52.64474","6.20506","724.905069539958"
"52.64621","6.20848","725.187837356096"
"52.64619","6.20851","725.190844381695"
"52.64617","6.20863","725.199240180459"
"52.64623","6.20883","725.214292662741"
"52.64632","6.20887","725.224657677353"
"52.64638","6.20884","725.231629619143"
"52.64686","6.20989","725.320324753769"
"52.64688","6.20997","725.326162162802"
"52.6471","6.21048","725.368379127802"
"52.64869","6.21506","725.724367736471"
"52.64879","6.21527","725.74237737933"
"52.65206","6.22476","726.478619543775"
"52.65304","6.22834","726.743559944497"
"52.6535","6.23055","726.90116634675"
"52.65383","6.23173","726.988813463207"
"52.66199","6.25082","728.56397798495"
"52.66203","6.25087","728.569559541923"
"52.6664","6.26163","729.442865986234"
"52.66641","6.26176","729.45170273441"
"52.66649","6.26183","729.461773185786"
"52.66653","6.26181","729.466420966422"
"52.66668","6.26178","729.483222444614"
"52.66676","6.2617","729.493626038843"
"52.66694","6.26166","729.513822064458"
"52.66702","6.26166","729.52271765859"
"52.66709","6.26169","729.530759903242"
"52.66716","6.26175","729.539532323748"
"52.6672","6.26183","729.546524137818"
"52.66798","6.26567","729.819605626296"
"52.66813","6.26617","729.857221719174"
"52.66851","6.26708","729.931725472438"
"52.66913","6.27158","730.242897876867"
"52.66919","6.27181","730.259781022748"
"52.66942","6.27234","730.303727326823"
"52.66963","6.27306","730.357600519964"
"52.66972","6.27352","730.390192614355"
"52.66972","6.27373","730.404352824526"
"52.66966","6.27409","730.429527628798"
"52.66971","6.27411","730.435248597342"
"52.66998","6.27407","730.465392138568"
"52.67091","6.28044","730.907184711874"
"52.67101","6.28067","730.926267489281"
"52.67116","6.28081","730.945432762333"
"52.6712","6.28083","730.950080501147"
"52.67199","6.28095","731.038296341449"
"52.67206","6.28102","731.047399189259"
"52.67239","6.28107","731.084248057764"
"52.67244","6.28106","731.089848539701"
"52.67255","6.28097","731.103502555461"
"52.67271","6.2814","731.137518845169"
"52.67284","6.28215","731.190112994616"
"52.67292","6.28306","731.252110965456"
"52.67294","6.28436","731.339791177332"
"52.67288","6.28489","731.376143705932"
"52.67285","6.28496","731.381923302358"
"52.67272","6.28551","731.421724746436"
"52.67242","6.28642","731.491563548472"
"52.67241","6.28659","731.503079677035"
"52.67234","6.28687","731.523500421166"
"52.67229","6.28695","731.531246807756"
"52.67215","6.28761","731.578392082876"
"52.67182","6.29266","731.920865254559"
"52.67186","6.29293","731.93960581506"
"52.67191","6.2931","731.95234546783"
"52.67241","6.29428","732.049408651942"
"52.67265","6.29509","732.110194518108"
"52.67278","6.29871","732.354700516619"
"52.67291","6.29907","732.382951729396"
"52.67293","6.29923","732.39396651061"
"52.67299","6.29924","732.400672189506"
"52.67289","6.29964","732.429844358682"
"52.67303","6.30307","732.661633991983"
"52.67301","6.3039","732.717640480675"
"52.67298","6.30413","732.733502849795"
"52.67281","6.30477","732.780613417907"
"52.67258","6.30535","732.827340172345"
"52.67193","6.30643","732.929939550068"
"52.67169","6.30706","732.980105431834"
"52.67103","6.30978","733.177645361207"
"52.67098","6.31031","733.213811878224"
"52.67102","6.31136","733.284750429222"
"52.6711","6.31187","733.320270395608"
"52.67221","6.3149","733.558961834251"
"52.67274","6.31767","733.754807366991"
"52.67282","6.31851","733.812138572252"
"52.67281","6.32013","733.921372401548"
"52.67277","6.32044","733.942742097584"
"52.67183","6.32367","734.184310438232"
"52.67163","6.3251","734.283261741748"
"52.67133","6.3266","734.389761249603"
"52.67089","6.33021","734.638042592592"
"52.67086","6.33032","734.646175280548"
"52.67075","6.3315","734.72667487427"
"52.67077","6.33328","734.84671725781"
"52.6709","6.33329","734.861188315803"
"52.67099","6.33333","734.871552934104"
"52.67695","6.34001","735.672831562392"
"52.67697","6.34002","735.67515540592"
"52.67727","6.34039","735.716809060343"
"52.6778","6.34094","735.786436886889"
"52.67799","6.34106","735.809059890998"
"52.67797","6.34133","735.827397783108"
"52.67803","6.34168","735.851918732884"
"52.67811","6.34192","735.870382864212"
"52.67824","6.34214","735.891093592669"
"52.67884","6.34285","735.973204750456"
"52.67933","6.34398","736.066863301865"
"52.67935","6.34408","736.073962117086"
"52.68016","6.34597","736.229994809379"
"52.68075","6.34758","736.356816927869"
"52.68186","6.35156","736.652144160903"
"52.68266","6.35493","736.896112348487"
"52.68313","6.35769","737.089362686141"
"52.68533","6.37446","738.245947742219"
"52.68539","6.37474","738.265965767671"
"52.68658","6.37735","738.486099685827"
"52.68666","6.37764","738.507575655526"
"52.68839","6.38212","738.865606130672"
"52.68903","6.38357","738.986501332143"
"52.68915","6.38393","739.014192163584"
"52.68919","6.38413","739.028386912351"
"52.68934","6.38574","739.138174334425"
"52.68952","6.38636","739.184507872221"
"52.68965","6.38666","739.209363295825"
"52.68984","6.38696","739.238606822822"
"52.68984","6.38697","739.239280808018"
"52.69132","6.38911","739.458107664277"
"52.69352","6.39182","739.763394978706"
"52.69352","6.39183","739.764068907097"
"52.69394","6.39227","739.819389315548"
"52.69663","6.39552","740.190115932015"
"52.69666","6.39552","740.193451779815"
"52.70444","6.40476","741.259301047095"
"52.70586","6.40679","741.46819745457"
"52.70646","6.40781","741.563976885983"
"52.70648","6.40792","741.571714381756"
"52.70646","6.40812","741.585371238826"
"52.7054","6.41112","741.819348708394"
"52.70539","6.41132","741.832869410932"
"52.70563","6.41216","741.89544028749"
"52.70568","6.41222","741.902314307529"
"52.70574","6.41224","741.909120718155"
"52.70583","6.41219","741.919680028378"
"52.70723","6.41109","742.092093332577"
"52.70738","6.41103","742.10925541724"
"52.70739","6.41102","742.110555541152"
"52.70748","6.41103","742.120585736306"
"52.70754","6.41106","742.127556856583"
"52.70761","6.41112","742.136327549922"
"52.70769","6.41124","742.14834799531"
"52.70775","6.41141","742.161602579859"
"52.70972","6.41971","742.762144693259"
"52.71233","6.42869","743.433103256654"
"52.71264","6.42999","743.527215824935"
"52.71285","6.43127","743.616546612827"
"52.713","6.43271","743.714972683167"
"52.71302","6.43493","743.864534521519"
"52.71289","6.43676","743.988653144765"
"52.71432","6.43697","744.148289888323"
"52.71438","6.43704","744.156459654675"
"52.71442","6.43723","744.170009004255"
"52.71436","6.43726","744.17698003214"
"52.71435","6.43728","744.178726862198"
"52.71436","6.43733","744.182273703281"
"52.7143","6.43744","744.192244403032"
"52.71427","6.43762","744.204819857807"
"52.71426","6.43807","744.235152610945"
"52.71418","6.43845","744.262251409867"
"52.71414","6.43904","744.302242495309"
"52.71406","6.4394","744.328072580705"
"52.71375","6.44173","744.488765257051"
"52.71343","6.44253","744.553342202587"
"52.71333","6.44357","744.624275829601"
"52.71334","6.44387","744.644515072314"
"52.71324","6.44495","744.718111234598"
"52.71325","6.44554","744.757870594562"
"52.71318","6.44608","744.795069756829"
"52.71316","6.44741","744.884689481877"
"52.71313","6.44744","744.888589715365"
"52.71311","6.44748","744.892083434308"
"52.713","6.44937","745.01998509869"
"52.7129","6.44978","745.049758229322"
"52.71288","6.44999","745.064078185995"
"52.71291","6.45067","745.110006281034"
"52.71293","6.45068","745.112329963576"
"52.71293","6.45094","745.129844310505"
"52.71295","6.45101","745.135057823906"
"52.71321","6.45134","745.171526793879"
"52.71315","6.45154","745.186560745695"
"52.71314","6.45182","745.205455005265"
"52.71311","6.45198","745.216737443471"
"52.71312","6.45287","745.276700456871"
"52.71306","6.45296","745.285715282509"
"52.71303","6.45304","745.29205321355"
"52.713","6.45428","745.375649596787"
"52.71298","6.45431","745.378654541781"
"52.71293","6.45452","745.393854068662"
"52.71297","6.45461","745.401373290282"
"52.71296","6.45484","745.41690658909"
"52.71293","6.45484","745.420242436889"
"52.71279","6.45493","745.43694861707"
"52.71267","6.45509","745.454101276441"
"52.7127","6.45519","745.461618320841"
"52.71268","6.45532","745.470653510685"
"52.71264","6.45543","745.479295873418"
"52.71259","6.45578","745.503519704532"
"52.71234","6.45984","745.778425013985"
"52.71214","6.46037","745.820487688959"
"52.71196","6.46177","745.916898090367"
"52.71195","6.46179","745.918644977585"
"52.71192","6.4626","745.97331202259"
"52.71199","6.46344","746.030430927691"
"52.71195","6.46348","746.035631276609"
"52.71191","6.46356","746.042618827865"
"52.71101","6.47652","746.921388033575"
"52.711","6.47653","746.922688128525"
"52.71099","6.47682","746.942255847266"
"52.711","6.47688","746.946447959401"
"52.71055","6.48465","747.472269569049"
"52.71057","6.48676","747.614430347783"
"52.7107","6.48909","747.772058313934"
"52.71104","6.49274","748.020833888079"
"52.71124","6.49399","748.107928084373"
"52.71193","6.49694","748.320951347883"
"52.71249","6.49865","748.451896910179"
"52.71524","6.5057","749.016727228659"
"52.71526","6.50572","749.019327350636"
"52.71663","6.50924","749.301148970373"
"52.71667","6.5094","749.312807857899"
"52.71928","6.51594","749.840320087295"
"52.71935","6.51604","749.850613260362"
"52.71935","6.51605","749.851286789958"
"52.71953","6.51631","749.877881234948"
"52.71959","6.51632","749.88458684155"
"52.71961","6.51639","749.889799703869"
"52.72026","6.5172","749.980354592101"
"52.72072","6.51765","750.039809328026"
"52.72108","6.51794","750.084350328265"
"52.72156","6.51822","750.140957401238"
"52.72146","6.51945","750.224540383627"
"52.72151","6.51981","750.249415540036"
"52.72152","6.51982","750.250715550903"
"52.72153","6.51982","750.251827500169"
"52.72157","6.51986","750.257027542516"
"52.72157","6.51987","750.25770103783"
"52.72158","6.51987","750.258812987096"
"52.72158","6.51988","750.259486482256"
"52.72159","6.51989","750.260786492562"
"52.72159","6.5199","750.261459987567"
"52.7216","6.51991","750.262759997794"
"52.7216","6.51993","750.264106987496"
"52.72161","6.51994","750.265406997642"
"52.72161","6.51995","750.266080492338"
"52.72162","6.51996","750.267380502405"
"52.72162","6.52002","750.271421469657"
"52.72163","6.52004","750.273168126562"
"52.72163","6.52008","750.275862104112"
"52.72162","6.52009","750.277162114098"
"52.72158","6.5202","750.285803174897"
"52.72156","6.52022","750.288403195751"
"52.72156","6.52023","750.28907669122"
"52.72153","6.52026","750.292976723099"
"52.72152","6.52026","750.294088672366"
"52.72152","6.52027","750.294762168452"
"52.7215","6.52027","750.296986066985"
"52.72148","6.52028","750.299309711167"
"52.72129","6.52588","750.677059952094"
"52.72126","6.52601","750.68642940411"
"52.72089","6.53447","751.257696341315"
"52.72152","6.53454","751.327907607443"
"52.7216","6.53457","751.337029776059"
"52.72167","6.53463","751.345799869131"
"52.72183","6.53465","751.363641975189"
"52.72188","6.53463","751.36936256426"
"52.72228","6.53461","751.413860926197"
"52.72236","6.53464","751.422983087016"
"52.72341","6.53474","751.5399318387"
"52.72348","6.53471","751.547973426841"
"52.72408","6.53478","751.614856729425"
"52.72415","6.53483","751.623337513729"
"52.72486","6.53489","751.702389248623"
"52.72498","6.53487","751.715800445202"
"52.72525","6.53491","751.745943681242"
"52.7253","6.53493","751.751664245442"
"52.72558","6.53496","751.782864304371"
"52.72588","6.5351","751.817529501589"
"52.72596","6.53519","751.828293587105"
"52.72612","6.53532","751.848122061081"
"52.72625","6.53552","751.867879511473"
"52.72598","6.53608","751.916082610104"
"52.7259","6.5365","751.945732474983"
"52.72479","6.56529","753.888482349304"
"52.72477","6.5654","753.896216866362"
"52.72472","6.56806","754.075439834099"
"52.7247","6.56814","754.081268357469"
"52.72443","6.57584","754.600692513422"
"52.72444","6.57588","754.60360679081"
"52.7258","6.57602","754.755125506725"
"52.72586","6.57606","754.76232047993"
"52.73332","6.58366","755.736997035854"
"52.73448","6.58495","755.892500862633"
"52.73451","6.585","755.89724017252"
"52.73606","6.58654","756.098376879441"
"52.73611","6.58661","756.105665376344"
"52.73765","6.58819","756.307256103429"
"52.73805","6.5888","756.367794193903"
"52.73899","6.59078","756.537187404832"
"52.73929","6.59121","756.581355393819"
"52.75411","6.60686","758.53718816253"
"52.75417","6.6069","758.544382481069"
"52.75995","6.61301","759.307359030826"
"52.76011","6.61325","759.331386867381"
"52.76016","6.61322","759.337301757445"
"52.76041","6.61363","759.376466930771"
"52.76309","6.61645","759.72975257278"
"52.76307","6.61654","759.736203702248"
"52.76303","6.61661","759.742681883352"
"52.76299","6.61673","759.751900159418"
"52.76297","6.61691","759.764214045291"
"52.76294","6.6243","760.261465861436"
"52.76286","6.62618","760.38827535463"
"52.76311","6.6262","760.416106639555"
"52.76328","6.62626","760.43543607045"
"52.76337","6.62631","760.445993963914"
"52.76338","6.62631","760.44710591318"
"52.76356","6.62648","760.470158919475"
"52.76761","6.63126","761.023544765734"
"52.76743","6.63247","761.107376210956"
"52.77081","6.6363","761.563059570945"
"52.77522","6.64103","762.147615458114"
"52.775","6.64207","762.221726753089"
"52.77504","6.64373","762.333478459334"
"52.77562","6.64493","762.436798532137"
"52.77769","6.64834","762.761746572088"
"52.778","6.64842","762.796634472572"
"52.77808","6.64857","762.810085363441"
"52.77826","6.64864","762.830646789161"
"52.77856","6.64913","762.877540647563"
"52.77855","6.64939","762.895063952783"
"52.77821","6.65101","763.010400341626"
"52.77804","6.65217","763.090681662553"
"52.7781","6.65241","763.108148947134"
"52.77821","6.65316","763.160057197716"
"52.77834","6.65316","763.17451253818"
"52.77836","6.65317","763.17683592792"
"52.77841","6.65316","763.182436213069"
"52.77889","6.65946","763.609530880637"
"52.77888","6.65956","763.616348273028"
"52.7791","6.66207","763.786936093541"
"52.77934","6.66884","764.243070833619"
"52.77925","6.66969","764.301111412605"
"52.77813","6.67668","764.787482524262"
"52.77799","6.68467","765.325133438487"
"52.77805","6.68579","765.400762096128"
"52.77824","6.68691","765.479002120346"
"52.77852","6.68804","765.561137641111"
"52.77895","6.68919","765.652073038031"
"52.77933","6.68993","765.717362718036"
"52.78085","6.6925","765.959118148511"
"52.78111","6.69287","765.997264039919"
"52.78131","6.69324","766.030638393581"
"52.78146","6.69383","766.073682959968"
"52.78149","6.69423","766.100791782462"
"52.78148","6.69575","766.20302842689"
"52.78141","6.69639","766.246771017641"
"52.78141","6.69664","766.263585289602"
"52.78145","6.69697","766.28622139624"
"52.78191","6.69881","766.420127757703"
"52.78224","6.70067","766.55049474265"
"52.78224","6.70077","766.557220323161"
"52.78227","6.70085","766.563550983303"
"52.78229","6.70126","766.591215370863"
"52.78226","6.70157","766.612329832126"
"52.78235","6.70162","766.622887258393"
"52.7828","6.70207","766.681365767622"
"52.78284","6.70219","766.690580826293"
"52.78289","6.70224","766.697078426832"
"52.78293","6.70234","766.705141611012"
"52.78334","6.70286","766.762600313775"
"52.78344","6.70306","766.780052170046"
"52.78691","6.71449","767.64013906314"
"52.78717","6.71518","767.694810044141"
"52.7881","6.71699","767.854525867026"
"52.78812","6.71708","767.86097372881"
"52.78983","6.72046","768.157309640365"
"52.78988","6.72053","768.164594378173"
"52.79014","6.72107","768.211009498462"
"52.79018","6.72112","768.216585082833"
"52.79099","6.72272","768.35689738777"
"52.79101","6.7228","768.362718338517"
"52.79215","6.72502","768.558554841673"
"52.79256","6.72558","768.617684376372"
"52.79277","6.72594","768.651317850569"
"52.79337","6.72752","768.77676746759"
"52.7934","6.72756","768.781052502368"
"52.79285","6.72963","768.933080732089"
"52.79277","6.73016","768.969811121865"
"52.79277","6.73172","769.074704788837"
"52.79278","6.73174","769.076449750876"
"52.7928","6.73274","769.143726016951"
"52.79287","6.73313","769.171080187713"
"52.7929","6.73321","769.177409730807"
"52.79293","6.73345","769.193888342352"
"52.79289","6.73536","769.322392428423"
"52.79293","6.73617","769.377037585699"
"52.79403","6.74147","769.753807938658"
"52.79475","6.74364","769.920234311366"
"52.79485","6.7436","769.931674428893"
"52.79495","6.74359","769.942814230879"
"52.79496","6.7436","769.944113654288"
"52.79504","6.74361","769.953034621951"
"52.79638","6.74404","770.104814747676"
"52.79659","6.74416","770.129520205582"
"52.79678","6.74442","770.1569414871"
"52.79714","6.74529","770.227820379334"
"52.79756","6.74827","770.433544150758"
"52.79762","6.74843","770.446202248048"
"52.79765","6.74845","770.449798904524"
"52.80036","6.75514","770.99118229621"
"52.80058","6.75581","771.042439104958"
"52.80032","6.75769","771.172091538603"
"52.80012","6.76052","771.363642169087"
"52.79965","6.76051","771.415908108518"
"52.79824","6.76474","771.740646597108"
"52.79898","6.76558","771.840446232008"
"52.79942","6.76598","771.896275450254"
"52.79947","6.76619","771.911448864589"
"52.79935","6.76853","772.069330218558"
"52.80566","6.76961","772.774716485686"
"52.80566","6.76979","772.786816014487"
"52.80597","6.77162","772.914565864354"
"52.80599","6.77165","772.91756791241"
"52.81075","6.7875","774.107167326306"
"52.81078","6.78777","774.12561854249"
"52.81081","6.7878","774.129516432655"
"52.81083","6.78785","774.133546225666"
"52.81092","6.78794","774.145239890405"
"52.81099","6.78817","774.162547526056"
"52.81101","6.78817","774.16477142459"
"52.81106","6.78824","774.172054681697"
"52.81144","6.78925","774.252014159283"
"52.81169","6.79018","774.320422764439"
"52.81171","6.79034","774.331403955391"
"52.81169","6.79071","774.356370996308"
"52.81158","6.7911","774.385296406879"
"52.81145","6.79138","774.409026344177"
"52.81053","6.79254","774.537648749347"
"52.81048","6.79263","774.545864725997"
"52.81046","6.79276","774.554880881579"
"52.81047","6.79291","774.565023842409"
"52.81622","6.8141","776.126095909538"
"52.81691","6.81633","776.294456546088"
"52.81646","6.81695","776.3595702484"
"52.81506","6.81941","776.586650306929"
"52.8148","6.81972","776.622285511403"
"52.81485","6.82005","776.645149572823"
"52.8152","6.82753","777.149348172057"
"52.81505","6.83272","777.498540542736"
"52.81514","6.83348","777.550587537123"
"52.81527","6.83391","777.582899394824"
"52.81836","6.84075","778.156786836444"
"52.81913","6.84197","778.27532818542"
"52.81998","6.84315","778.398700464626"
"52.8217","6.8451","778.630536798964"
"52.82286","6.84673","778.799750798965"
"52.82287","6.84672","778.801049999157"
"52.82287","6.84671","778.801721929113"
"52.82288","6.84671","778.802833878379"
"52.82288","6.8467","778.803505808179"
"52.82289","6.8467","778.804617757446"
"52.8229","6.84669","778.805916957398"
"52.82291","6.84669","778.807028906665"
"52.82292","6.84668","778.808328106458"
"52.82295","6.84668","778.811663954257"
"52.82296","6.84669","778.812963153729"
"52.82298","6.84669","778.815187052262"
"52.82298","6.8467","778.815858980517"
"52.82299","6.8467","778.816970929783"
"52.82299","6.84671","778.817642857882"
"52.823","6.84671","778.818754807149"
"52.823","6.84672","778.819426735094"
"52.82301","6.84672","778.82053868436"
"52.82301","6.84673","778.82121061215"
"52.82305","6.8468","778.827684076385"
"52.82305","6.84684","778.830371785073"
"52.82306","6.84685","778.831670983745"
"52.82306","6.84692","778.836374472865"
"52.82305","6.84692","778.837486422132"
"52.82305","6.84697","778.840846057991"
"52.82304","6.84699","778.842590298824"
"52.82403","6.84842","778.988708386579"
"52.82408","6.84835","778.995990733458"
"52.82416","6.84831","779.005283473483"
"52.8242","6.84831","779.009731270549"
"52.82429","6.84836","779.020287664685"
"52.82434","6.84841","779.026783607667"
"52.8244","6.84855","779.038316058677"
"52.82441","6.84876","779.052469835373"
"52.82438","6.84887","779.060578739104"
"52.8246","6.84915","779.0914393021"
"52.82462","6.84923","779.097256411517"
"52.82665","6.85209","779.393697733472"
"52.82799","6.85451","779.614235701011"
"52.82827","6.85487","779.653660962565"
"52.8283","6.85489","779.65725726482"
"52.82844","6.85505","779.676175315913"
"52.8284","6.85513","779.683151766955"
"52.82852","6.85528","779.699873165599"
"52.82867","6.85553","779.723543903375"
"52.82881","6.85594","779.755183908587"
"52.82877","6.85603","779.762690146895"
"52.82877","6.85613","779.76940853409"
"52.82876","6.85615","779.77115263863"
"52.82877","6.85617","779.772896743169"
"52.82877","6.85623","779.776927775486"
"52.82881","6.85631","779.783904191264"
"52.82881","6.85633","779.785247867465"
"52.82886","6.85639","779.79211517787"
"52.82892","6.85642","779.799084668892"
"52.82894","6.85641","779.801407832388"
"52.82906","6.85659","779.819415817673"
"52.82908","6.8566","779.821738980542"
"52.82919","6.85682","779.840924033504"
"52.83294","6.86274","780.417156970324"
"52.833","6.86287","780.428146867562"
"52.8354","6.86668","780.797907575115"
"52.83568","6.867","780.83574166123"
"52.83886","6.87206","781.326204621063"
"52.83953","6.87328","781.436953281882"
"52.83989","6.87423","781.512278927511"
"52.84044","6.87605","781.648966348358"
"52.84096","6.87724","781.747615278961"
"52.84164","6.87837","781.854748103041"
"52.84199","6.87887","781.906152078908"
"52.84197","6.87899","781.914512885491"
"52.84198","6.87912","781.923314654096"
"52.84205","6.87926","781.935521175799"
"52.84211","6.87928","781.942326753292"
"52.84217","6.87928","781.948998448892"
"52.84223","6.87923","781.956467634101"
"52.84313","6.88043","782.084961288673"
"52.84362","6.8813","782.164853548708"
"52.84383","6.88177","782.204117400251"
"52.84461","6.88407","782.381269295676"
"52.84465","6.88412","782.386842341712"
"52.84834","6.89586","783.275636347357"
"52.84882","6.89712","783.375676887526"
"52.8489","6.89741","783.397086708254"
"52.84888","6.89744","783.400087419466"
"52.84888","6.89747","783.40210200254"
"52.84887","6.89748","783.403400994732"
"52.84889","6.8977","783.418341050078"
"52.84896","6.8978","783.428621126825"
"52.84897","6.8978","783.429733076091"
"52.84898","6.89781","783.431032067484"
"52.84904","6.89781","783.437703763083"
"52.84906","6.8978","783.440026836606"
"52.84927","6.8981","783.470866994093"
"52.84929","6.89819","783.477306866471"
"52.85645","6.91302","784.752238115816"
"52.85643","6.91308","784.756839664538"
"52.85643","6.91311","784.758853897235"
"52.85647","6.91324","784.768650160663"
"52.85651","6.91326","784.773296241176"
"52.85655","6.91326","784.777744038241"
"52.86272","6.9259","785.868990525314"
"52.86278","6.92598","785.877555211304"
"52.86852","6.93762","786.886461541983"
"52.86856","6.93776","786.896858125244"
"52.86941","6.93944","787.043994200969"
"52.8697","6.94012","787.099878393017"
"52.87192","6.9446","787.488918494415"
"52.872","6.94468","787.499308955211"
"52.88183","6.96469","789.230788121002"
"52.88187","6.96482","789.240579832624"
"52.88258","6.96626","789.365357133554"
"52.88265","6.96634","789.374812346144"
"52.88613","6.97339","789.985961514056"
"52.88616","6.97349","789.993454538879"
"52.88866","6.97863","790.436404365225"
"52.88873","6.97893","790.45798434046"
"52.88873","6.97904","790.465364362705"
"52.88877","6.97902","790.470010154775"
"52.88878","6.97908","790.474186370707"
"52.88879","6.97909","790.475485043781"
"52.88879","6.9791","790.476155953965"
"52.88881","6.97913","790.479155421768"
"52.88884","6.97915","790.482751024574"
"52.88882","6.97922","790.487947329732"
"52.88885","6.97924","790.491542932421"
"52.88891","6.97924","790.49821462802"
"52.88893","6.97923","790.500537523296"
"52.88905","6.9794","790.518091147019"
"52.88981","6.98099","790.654182242205"
"52.89005","6.98138","790.691555783516"
"52.89078","6.98292","790.822945275483"
"52.89082","6.98296","790.828139903333"
"52.89845","6.99855","792.174812150262"
"52.89849","6.9986","792.180382687518"
"52.90317","7.00819","793.007755283253"
"52.90331","7.00834","793.026290387878"
"52.90341","7.00841","793.038360358693"
"52.90353","7.00846","793.052118682708"
"52.9036","7.00847","793.059931168935"
"52.90368","7.0085","793.069051470683"
"52.90421","7.00852","793.128000044735"
"52.90434","7.00849","793.142594737547"
"52.90468","7.00828","793.182939174695"
"52.90476","7.00826","793.191935326857"
"52.90485","7.00826","793.201942870255"
"52.90493","7.00829","793.211063159195"
"52.90506","7.00837","793.226482077525"
"52.90567","7.00896","793.305008707849"
"52.90581","7.00904","793.321474602726"
"52.90663","7.00933","793.414705553213"
"52.9067","7.00934","793.422518035321"
"52.90864","7.00997","793.642334539974"
"52.90866","7.00997","793.644558438507"
"52.90919","7.01015","793.704715223082"
"52.90902","7.01104","793.767320267174"
"52.90817","7.01959","794.34842430673"
"52.90818","7.0198","794.362550949904"
"52.91174","7.02002","794.758679699753"
"52.91185","7.02005","794.771075463417"
"52.91207","7.02017","794.796827759535"
"52.92065","7.02704","795.85625630392"
"52.92067","7.02699","795.860279013611"
"52.92083","7.02718","795.882160062754"
"52.92071","7.02748","795.906296278327"
"52.91822","7.04259","796.956479738679"
"52.91817","7.04271","796.966259319826"
"52.9176","7.04617","797.206741054357"
"52.91811","7.0464","797.265509685076"
"52.91815","7.04645","797.271079306286"
"52.91818","7.04653","797.277395678277"
"52.91978","7.06357","798.433600461176"
"52.9198","7.06361","798.437084331661"
"52.91984","7.06363","798.441729845999"
"52.92219","7.06379","798.70325799167"
"52.92227","7.06382","798.71237810298"
"52.92242","7.06393","798.730614804677"
"52.92246","7.06402","798.738110541048"
"52.92358","7.06409","798.862737238383"
"52.92365","7.06413","798.870969825203"
"52.92705","7.07175","799.506462100338"
"52.92741","7.07218","799.555789697364"
"52.92818","7.07388","799.698323473888"
"52.92828","7.07403","799.713314670498"
"52.92839","7.07402","799.725564465236"
"52.92844","7.074","799.731283553476"
"52.93122","7.07978","800.22691418611"
"52.93132","7.07967","800.240255886685"
"52.9315","7.08011","800.275897488605"
"52.93296","7.08225","800.492526618826"
"52.93304","7.08231","800.502288938619"
"52.93444","7.08449","800.715786536373"
"52.93527","7.08641","800.874139808216"
"52.9371","7.09297","801.358584266589"
"52.93847","7.10101","801.918507569909"
"52.93884","7.10232","802.015458203352"
"52.93947","7.1054","802.233422486762"
"52.93963","7.10777","802.393235343917"
"52.94037","7.10984","802.554518797603"
"52.94097","7.11231","802.732975625181"
"52.94202","7.11533","802.966609192161"
"52.94208","7.11545","802.977057619944"
"52.94332","7.11711","803.154213042645"
"52.94427","7.12044","803.40108460712"
"52.9442","7.13227","804.193794068156"
"52.94424","7.13248","804.208551389449"
"52.94432","7.13266","804.223537962467"
"52.94444","7.13285","804.241980384968"
"52.94528","7.13377","804.35389207052"
"52.9454","7.13386","804.368534841794"
"52.94594","7.1341","804.430696103858"
"52.94602","7.13418","804.441081830467"
"52.94612","7.13437","804.457984709324"
"52.94616","7.13452","804.468975255835"
"52.94617","7.13513","804.509861713654"
"52.94609","7.13586","804.559575693734"
"52.94597","7.13624","804.588321199008"
"52.94592","7.13634","804.597027757912"
"52.94559","7.13674","804.642467543052"
"52.94554","7.13685","804.651699700648"
"52.94477","7.13943","804.84461089021"
"52.94467","7.13968","804.864716677609"
"52.94466","7.13979","804.872170579005"
"52.94481","7.13998","804.89315321975"
"52.94478","7.14017","804.906313828783"
"52.94489","7.14139","804.988969034554"
"52.94481","7.14197","805.028836585807"
"52.94473","7.14211","805.041764362748"
"52.94447","7.14238","805.075868917071"
"52.94435","7.14258","805.094780088029"
"52.94426","7.1428","805.112597253927"
"52.94423","7.14307","805.130993623293"
"52.94426","7.14339","805.152693215711"
"52.94434","7.14374","805.177775429138"
"52.9443","7.14405","805.199017857804"
"52.94407","7.14493","805.263289927862"
"52.94499","7.14859","805.529008717614"
"52.94502","7.14865","805.534232720181"
"52.94467","7.14881","805.574600542815"
"52.94456","7.14894","805.589616622986"
"52.94485","7.14981","805.656235043874"
"52.94515","7.15184","805.796284009755"
"52.94513","7.15191","805.801474800043"
"52.94529","7.15194","805.819379182805"
"52.94534","7.15217","805.835762214343"
"52.94535","7.1533","805.911484286705"
"52.94531","7.15329","805.915982269074"
"52.94523","7.1533","805.924903061799"
"52.94506","7.15339","805.94474477539"
"52.94522","7.15454","806.023826366119"
"52.94515","7.15455","806.031638797049"
"52.94511","7.15478","806.047678680872"
"52.94447","7.16332","806.624303837669"
"52.94445","7.16341","806.630731268419"
"52.9444","7.16432","806.691958660512"
"52.94431","7.16468","806.718074020187"
"52.94325","7.18255","807.92125629401"
"52.94326","7.18296","807.948751532649"
"52.94306","7.1859","808.147002934146"
"52.943","7.18623","808.170099825953"
"52.94281","7.18684","808.216111448681"
"52.94256","7.18728","808.256633498"
"52.94296","7.18872","808.362882044891"
"52.9431","7.18895","808.384787718609"
"52.94327","7.18914","808.407578383831"
"52.94348","7.18926","808.432274948517"
"52.94349","7.18926","808.433386897783"
"52.94643","7.19066","808.773492277885"
"52.94648","7.19066","808.779052024218"
"52.94701","7.20205","809.544468872767"
"52.94702","7.20208","809.546765965774"
"52.94762","7.21438","810.373567061916"
"52.94761","7.21447","810.379698723068"
"52.94869","7.21464","810.500328163287"
"52.94954","7.21484","810.595788953401"
"52.94977","7.21496","810.622597673648"
"52.95006","7.21518","810.65805303624"
"52.95038","7.21555","810.701418627951"
"52.95319","7.21985","811.126407223411"
"52.95337","7.22003","811.14977405793"
"52.95429","7.23843","812.386633657349"
"52.9543","7.23846","812.388930454353"
"52.9545","7.24207","812.631782708314"
"52.95442","7.24236","812.653149420061"
"52.95436","7.24247","812.663089808128"
"52.95422","7.24265","812.682780896827"
"52.95429","7.2428","812.69549138253"
"52.9545","7.24348","812.746680497738"
"52.95464","7.24437","812.808299714971"
"52.95481","7.24765","813.028835035925"
"52.95483","7.24774","813.035261111703"
"52.95492","7.24899","813.119592879495"
"52.95506","7.24985","813.179269232878"
"52.95529","7.25077","813.245994244247"
"52.95588","7.25222","813.363206212181"
"52.95661","7.25335","813.474195621291"
"52.95693","7.25373","813.517945382904"
"52.95757","7.25433","813.599675055782"
"52.95785","7.25455","813.63412106951"
"52.95793","7.25457","813.643116976295"
"52.9606","7.25665","813.971072243936"
"52.96066","7.25673","813.979629333741"
"52.9608","7.2568","813.995887354371"
"52.96115","7.25716","814.041669908336"
"52.96425","7.26159","814.496483740299"
"52.96429","7.26169","814.504523532417"
"52.96436","7.2618","814.515240806937"
"52.96443","7.26185","814.523714230223"
"52.96471","7.26227","814.565673729525"
"52.96478","7.26232","814.574147142097"
"52.96782","7.26673","815.023026836911"
"52.96873","7.26847","815.177353693732"
"52.96883","7.26872","815.197451718931"
"52.9689","7.26904","815.22025098122"
"52.9693","7.26901","815.264774300437"
"52.97025","7.26907","815.370485866202"
"52.97128","7.26921","815.485399696447"
"52.97208","7.26941","815.575358128098"
"52.97238","7.26954","815.60983370925"
"52.97292","7.26987","815.673815884781"
"52.9731","7.27004","815.696841593745"
"52.97345","7.27047","815.745252938147"
"52.97368","7.27081","815.779492930444"
"52.97388","7.27118","815.812785154397"
"52.97476","7.27315","815.977025057843"
"52.97502","7.27362","816.019759067167"
"52.97827","7.27818","816.492850059158"
"52.9786","7.27878","816.547257855841"
"52.97901","7.27979","816.628811882912"
"52.98152","7.28866","817.284969893649"
"52.98162","7.2889","817.304509679175"
"52.98186","7.28933","817.343763846926"
"52.98225","7.28989","817.401088523848"
"52.98234","7.28998","817.412769853854"
"52.9824","7.29011","817.423735874459"
"52.9827","7.29042","817.463023067595"
"52.98257","7.2916","817.543330670559"
"52.98255","7.29256","817.607637109177"
"52.98253","7.29263","817.612824235062"
"52.98253","7.29284","817.626882863866"
"52.98255","7.29295","817.634575382218"
"52.98251","7.2946","817.745125548103"
"52.98229","7.29622","817.85630288557"
"52.98205","7.29723","817.92899463674"
"52.98089","7.30038","818.17619846941"
"52.98085","7.30042","818.181390217194"
"52.97886","7.3056","818.592771830317"
"52.97863","7.3061","818.634899080079"
"52.97869","7.30619","818.643889084356"
"52.97868","7.30629","818.650675974586"
"52.97858","7.30662","818.67541043408"
"52.97839","7.30753","818.739895946788"
"52.97827","7.30848","818.804885247665"
"52.97824","7.30972","818.887973308882"
"52.97843","7.31143","819.004394841219"
"52.97922","7.31513","819.267229784314"
"52.98024","7.31901","819.550677465489"
"52.98205","7.32473","819.983287815707"
"52.98238","7.32551","820.04710950636"
"52.98473","7.33029","820.460241205826"
"52.98559","7.33243","820.63248160398"
"52.98635","7.33476","820.80987582109"
"52.98748","7.33919","821.131937884866"
"52.9892","7.34739","821.713186711767"
"52.98923","7.34746","821.718938376314"
"52.9895","7.34883","821.815429245299"
"52.98951","7.34898","821.825530887733"
"52.98955","7.3491","821.834712344219"
"52.98996","7.35143","821.997196988355"
"52.99042","7.35499","822.240909968404"
"52.99043","7.35501","822.242650219766"
"52.99068","7.35756","822.415579405843"
"52.99086","7.36106","822.650698658865"
"52.99083","7.36624","822.997427470359"
"52.99053","7.37046","823.281848672913"
"52.99011","7.37378","823.508923239947"
"52.98929","7.37823","823.820426212082"
"52.98834","7.38203","824.095846598963"
"52.98707","7.38595","824.393830185166"
"52.98701","7.38605","824.403281091765"
"52.98699","7.38616","824.410972882341"
"52.98623","7.3883","824.577292931006"
"52.98623","7.38837","824.581978739259"
"52.98454","7.39274","824.929670950424"
"52.9845","7.39291","824.941889520547"
"52.98383","7.39469","825.082421481413"
"52.98375","7.39482","825.094866106829"
"52.98331","7.39607","825.191799776408"
"52.98309","7.39689","825.251898577715"
"52.98289","7.39791","825.323712801798"
"52.98275","7.39923","825.41344145771"
"52.98275","7.40071","825.512520813312"
"52.98288","7.40212","825.608014271589"
"52.98313","7.40344","825.700651163734"
"52.98331","7.40408","825.747940365929"
"52.98369","7.40512","825.829381427583"
"52.9837","7.40512","825.830493376849"
"52.98424","7.40623","825.926028845142"
"52.98531","7.40792","826.090208283126"
"52.9859","7.40908","826.191863569493"
"52.98622","7.40992","826.258406108211"
"52.98641","7.41056","826.306173812631"
"52.98646","7.41054","826.311892479785"
"52.98649","7.41084","826.332249578068"
"52.9868","7.41233","826.437777970168"
"52.9919","7.4433","828.586932553696"
"52.99203","7.44448","828.667223374476"
"52.99202","7.44459","828.674669295149"
"52.99206","7.44474","828.685650088134"
"52.99224","7.44657","828.809758277023"
"52.99248","7.4481","828.915582338539"
"52.99253","7.44824","828.926477863293"
"52.99293","7.45018","829.063728833068"
"52.99294","7.45032","829.073164741245"
"52.99299","7.45052","829.087659363178"
"52.993","7.45067","829.097760199249"
"52.99304","7.45076","829.105248017468"
"52.99322","7.45146","829.156194873863"
"52.9943","7.45683","829.535133179482"
"52.99548","7.46114","829.852027192017"
"53.00003","7.47506","830.912108378475"
"53.00008","7.47515","830.920304931484"
"53.00546","7.4916","832.173107110867"
"53.00567","7.49247","832.235827789504"
"53.00573","7.4926","832.24679008009"
"53.00604","7.49393","832.342222791176"
"53.0062","7.49438","832.377195482934"
"53.00622","7.49452","832.386823134935"
"53.00649","7.49525","832.444155913167"
"53.00655","7.49533","832.452709441804"
"53.0073","7.49714","832.599750243385"
"53.00975","7.50467","833.17248936835"
"53.01063","7.50797","833.41398193923"
"53.0114","7.51165","833.674643383106"
"53.01212","7.51678","834.027057588882"
"53.01241","7.52064","834.287296269359"
"53.01245","7.52521","834.593059382667"
"53.01262","7.52752","834.748748705402"
"53.01321","7.54469","835.899272366549"
"53.01311","7.54734","836.076901448731"
"53.01316","7.5488","836.174731248211"
"53.01343","7.55132","836.345967098891"
"53.01436","7.57937","838.225281959718"
"53.0142","7.5811","838.342372672431"
"53.01419","7.58112","838.344112357036"
"53.01408","7.58217","838.415411067131"
"53.01409","7.58226","838.421533612426"
"53.01396","7.5835","838.505736019563"
"53.01397","7.58375","838.522497226612"
"53.01409","7.58424","838.557888533958"
"53.01431","7.58456","838.590395315516"
"53.0145","7.58472","838.614078961865"
"53.01453","7.58477","838.618802907312"
"53.01525","7.58537","838.708361109148"
"53.01533","7.58547","838.719491298171"
"53.01529","7.58556","838.726976615162"
"53.01546","7.58587","838.755036724421"
"53.01556","7.58615","838.776819188001"
"53.01564","7.58658","838.806927960762"
"53.01562","7.5871","838.841784143585"
"53.01539","7.58899","838.970775950474"
"53.01531","7.59023","839.054201351514"
"53.01709","7.64569","842.769399987329"
"53.0172","7.6467","842.838059389432"
"53.01719","7.64686","842.848819736502"
"53.01731","7.64831","842.946726715048"
"53.01726","7.65051","843.093994064742"
"53.01835","7.68577","845.45568907923"
"53.01836","7.68578","845.456986716594"
"53.01864","7.69244","845.903561436248"
"53.01903","7.69632","846.166691156355"
"53.01969","7.69921","846.373461764688"
"53.02","7.70302","846.630625791999"
"53.02456","7.73304","848.701524116056"
"53.02491","7.73462","848.814134090928"
"53.02526","7.73582","848.903328444643"
"53.02587","7.73756","849.038023177541"
"53.02636","7.73928","849.165305247455"
"53.02666","7.74082","849.273564491178"
"53.02687","7.74269","849.400786349154"
"53.0271","7.74892","849.8182139099"
"53.02712","7.74898","849.822801580794"
"53.02735","7.75147","849.991276676375"
"53.02915","7.76372","850.834591210465"
"53.02968","7.76661","851.036640484069"
"53.03069","7.77039","851.313242345932"
"53.03071","7.77043","851.316720928015"
"53.03129","7.77435","851.58667125757"
"53.03168","7.776","851.705223029629"
"53.03221","7.77757","851.825617915831"
"53.03333","7.78017","852.039477582927"
"53.03441","7.78221","852.221215456509"
"53.03517","7.78344","852.339137727563"
"53.03634","7.78506","852.508425736896"
"53.03721","7.78609","852.627174616227"
"53.0385","7.78741","852.795592110817"
"53.05341","7.80034","854.665289344191"
"53.05416","7.80093","854.757538339542"
"53.05482","7.80134","854.835875859608"
"53.0549","7.80137","854.844994613153"
"53.05549","7.80171","854.914423459432"
"53.05558","7.80174","854.92462987262"
"53.0564","7.80231","855.023447547144"
"53.05706","7.80287","855.105828030834"
"53.05846","7.80451","855.296212361755"
"53.05846","7.80452","855.296880643094"
"53.0592","7.80536","855.396489137704"
"53.07789","7.8216","857.740919488047"
"53.07791","7.82163","857.743913064062"
"53.07867","7.82234","857.840819537474"
"53.07956","7.8233","857.95874192903"
"53.07996","7.82383","858.015588642656"
"53.08003","7.82388","858.024058528481"
"53.08089","7.82528","858.157808539391"
"53.08153","7.82647","858.264495210236"
"53.08239","7.82834","858.421799894998"
"53.08241","7.82843","858.428209272794"
"53.08499","7.83487","858.945225607228"
"53.08501","7.83489","858.947819816914"
"53.08549","7.83613","859.046344532204"
"53.08637","7.83909","859.266921806041"
"53.08747","7.84193","859.492607872282"
"53.08776","7.84289","859.56437230716"
"53.08787","7.84346","859.60435523384"
"53.08871","7.85013","860.059477825205"
"53.08872","7.85014","860.060774900369"
"53.09129","7.87081","861.47037225914"
"53.09136","7.87182","861.538264835605"
"53.09147","7.90934","864.043767919036"
"53.09154","7.90935","864.051580155743"
"53.09431","7.91034","864.366604363791"
"53.09432","7.91035","864.367901394215"
"53.0983","7.9119","864.822397112901"
"53.09742","7.91856","865.277704451704"
"53.10255","7.92045","865.861924107684"
"53.1026","7.92043","865.867641932583"
"53.1029","7.9204","865.901060478206"
"53.103","7.92041","865.912199993228"
"53.10308","7.92045","865.921487749145"
"53.10309","7.92045","865.922599698412"
"53.10515","7.92196","866.172860642162"
"53.10597","7.92326","866.298736787836"
"53.10599","7.92335","866.305143077011"
"53.11096","7.93323","867.1655752838"
"53.11096","7.93325","867.166910217243"
"53.111","7.93331","867.172895307845"
"53.11152","7.93371","867.236582974316"
"53.11201","7.93422","867.30082785048"
"53.11222","7.9344","867.327088166999"
"53.11226","7.93448","867.334037552447"
"53.11227","7.93456","867.339491675418"
"53.11213","7.93624","867.452698305437"
"53.11189","7.93756","867.544754827765"
"53.11189","7.93769","867.553431707488"
"53.11241","7.94032","867.738248405224"
"53.11268","7.94092","867.788299206037"
"53.11317","7.94129","867.848119948178"
"53.11323","7.94131","867.854923872326"
"53.11334","7.9414","867.86855071082"
"53.11448","7.94178","867.99782518746"
"53.11435","7.94252","868.049285731584"
"53.11436","7.94271","868.062015256526"
"53.11447","7.94302","868.086050152797"
"53.11509","7.94432","868.196868263245"
"53.1157","7.94516","868.284866237196"
"53.11591","7.9454","868.313182718854"
"53.11652","7.94624","868.401180011639"
"53.11677","7.94665","868.440186124605"
"53.11678","7.94665","868.441298073871"
"53.11738","7.94758","868.532420448951"
"53.11743","7.94763","868.538904678774"
"53.11751","7.94775","868.550874051106"
"53.1176","7.94783","868.562216667038"
"53.11741","7.94936","868.666486333845"
"53.11739","7.95084","868.765281647198"
"53.11747","7.95173","868.82533969316"
"53.11761","7.95247","868.877120159354"
"53.11814","7.95458","869.029768081782"
"53.11831","7.95574","869.109455660442"
"53.11835","7.9583","869.280355742786"
"53.11826","7.9592","869.34124551194"
"53.11786","7.96138","869.493376384939"
"53.11764","7.96324","869.6198931527"
"53.11821","7.96368","869.689745828924"
"53.11861","7.96391","869.736797757377"
"53.11959","7.96479","869.860585569552"
"53.1196","7.96481","869.862322740473"
"53.12005","7.96529","869.921734937594"
"53.12128","7.96728","870.112367353081"
"53.12372","7.97322","870.592700999974"
"53.12373","7.97323","870.593997795453"
"53.12519","7.97683","870.883925112148"
"53.12576","7.97798","870.983449388077"
"53.12614","7.97842","871.034901465038"
"53.12647","7.97871","871.076384975112"
"53.12662","7.9784","871.102956079058"
"53.127","7.97871","871.150001035074"
"53.12718","7.97882","871.171319341584"
"53.1273","7.97883","871.184679403828"
"53.1276","7.97877","871.21827723382"
"53.12773","7.97872","871.233112529935"
"53.1278","7.97867","871.241580954729"
"53.12789","7.97865","871.251677071448"
"53.12832","7.97865","871.299490889906"
"53.12871","7.9788","871.343996733738"
"53.1301","7.97956","871.506662512629"
"53.13149","7.98052","871.673968030459"
"53.13176","7.98074","871.707386271344"
"53.13216","7.98099","871.754888511659"
"53.13243","7.98112","871.786138713572"
"53.13241","7.98135","871.801643109012"
"53.13692","7.98289","872.313546857347"
"53.13687","7.98377","872.372511197021"
"53.13671","7.98368","872.391288030913"
"53.13669","7.98436","872.436703078183"
"53.13663","7.98437","872.443408039148"
"53.13661","7.98439","872.446001424097"
"53.13659","7.98457","872.458212871373"
"53.13658","7.98459","872.459949637011"
"53.13662","7.98669","872.60010465156"
"53.1368","7.98679","872.621202081102"
"53.13686","7.98686","872.629345504149"
"53.13701","7.98697","872.647567436771"
"53.13706","7.98699","872.65328501193"
"53.13734","7.9872","872.687425794127"
"53.1379","7.98784","872.762924153138"
"53.13859","7.9888","872.862860513509"
"53.13871","7.98891","872.878088238386"
"53.1458","7.99723","873.842181402597"
"53.1458","7.99733","873.84885066077"
"53.14584","7.99741","873.855796842106"
"53.14627","7.99774","873.908432683918"
"53.14477","8.00376","874.343191806618"
"53.14477","8.00389","874.351862050173"
"53.14465","8.00436","874.385930175651"
"53.14464","8.0045","874.395333364963"
"53.1445","8.00517","874.442652678074"
"53.14437","8.02518","875.777291933298"
"53.14405","8.02809","875.974609343307"
"53.14461","8.04545","877.134105434915"
"53.14462","8.04548","877.136394487665"
"53.14457","8.04549","877.141994094284"
"53.14518","8.06269","878.291134776634"
"53.14524","8.06271","878.297938505848"
"53.14717","8.0652","878.569292024678"
"53.14717","8.06521","878.569958929221"
"53.15143","8.07058","879.163781577913"
"53.15145","8.07062","879.16725440044"
"53.1543","8.07416","879.56241268164"
"53.15436","8.07426","879.571845224196"
"53.15968","8.08094","880.312326142378"
"53.1597","8.08095","880.314647828628"
"53.16328","8.08545","880.813115624129"
"53.16334","8.08557","880.823532392634"
"53.1639","8.08739","880.959908520718"
"53.16432","8.08839","881.041303685157"
"53.16444","8.08857","881.059248973758"
"53.16501","8.08918","881.134553489876"
"53.16528","8.08933","881.166197540435"
"53.1657","8.08949","881.214101887209"
"53.16578","8.08955","881.223855305547"
"53.16585","8.08967","881.235016631681"
"53.1663","8.09144","881.363178423323"
"53.16687","8.09251","881.458596647695"
"53.1671","8.09274","881.488414996371"
"53.1674","8.09296","881.524854692013"
"53.16759","8.09323","881.552608539281"
"53.16939","8.09785","881.919892942195"
"53.16949","8.09804","881.93674629726"
"53.17083","8.09846","882.088354601085"
"53.17109","8.09862","882.119169537837"
"53.17488","8.10229","882.606442258772"
"53.17488","8.1023","882.607108732922"
"53.17793","8.10527","882.999788736443"
"53.17841","8.10583","883.06491551047"
"53.18145","8.11009","883.506341008375"
"53.18145","8.1101","883.507007380457"
"53.18374","8.11329","883.838706679122"
"53.18433","8.11403","883.920775864583"
"53.18438","8.11407","883.92694146633"
"53.18574","8.11573","884.114300109819"
"53.18526","8.11681","884.203894635012"
"53.18525","8.11686","884.207406864412"
"53.18175","8.12447","884.846623518218"
"53.1814","8.12497","884.897855842903"
"53.18043","8.12613","885.030554336925"
"53.18038","8.12617","885.036720044793"
"53.18093","8.12871","885.216691456661"
"53.18199","8.13467","885.630970051217"
"53.18203","8.1348","885.640707899292"
"53.18796","8.14492","886.583834373203"
"53.18856","8.14643","886.704552065494"
"53.18953","8.14842","886.875467971364"
"53.18959","8.1485","886.88400729731"
"53.19016","8.14903","886.956560837867"
"53.19016","8.14911","886.9618907319"
"53.19059","8.14951","887.016629642862"
"53.19059","8.14952","887.017295872935"
"53.19081","8.14976","887.046520796899"
"53.19104","8.15021","887.085927390599"
"53.19152","8.15147","887.185402371505"
"53.19188","8.15281","887.283238956563"
"53.19201","8.15308","887.306315182135"
"53.19231","8.15326","887.341763580909"
"53.19378","8.15439","887.521722110996"
"53.19441","8.15494","887.600778166424"
"53.19468","8.15522","887.636123354726"
"53.19476","8.15533","887.647648484337"
"53.1955","8.15674","887.772521455689"
"53.19552","8.15682","887.77829609042"
"53.19437","8.15807","887.930892765206"
"53.19434","8.15812","887.935606839301"
"53.19437","8.15818","887.940813001492"
"53.19464","8.1623","888.216911892808"
"53.19476","8.16297","888.263496900295"
"53.19549","8.165","888.42121881628"
"53.19732","8.16865","888.738274627605"
"53.19989","8.17251","889.122688541677"
"53.20071","8.17353","889.23639701671"
"53.20075","8.17356","889.241273057316"
"53.20311","8.17625","889.559023930715"
"53.20324","8.17647","889.579606938782"
"53.20471","8.1802","889.876984872471"
"53.20478","8.18027","889.886057911177"
"53.20648","8.18133","890.087841462417"
"53.20716","8.18184","890.170732174812"
"53.20747","8.18223","890.213892325413"
"53.20752","8.18226","890.219800150069"
"53.20861","8.18363","890.371504151979"
"53.20888","8.18406","890.412993490028"
"53.21032","8.18706","890.669022480495"
"53.21046","8.18713","890.685272701654"
"53.21062","8.18714","890.703076348172"
"53.21075","8.1871","890.717775056009"
"53.21089","8.18713","890.733470007521"
"53.21103","8.18727","890.751615390124"
"53.21411","8.19388","891.30931320334"
"53.2146","8.19456","891.380156810234"
"53.21375","8.19593","891.511514744451"
"53.21327","8.19657","891.579814486822"
"53.21323","8.1966","891.584690288242"
"53.21319","8.19673","891.594422529815"
"53.21285","8.19708","891.638835109122"
"53.213","8.19771","891.68397990044"
"53.21352","8.20216","891.985884272945"
"53.21353","8.20218","891.987619202934"
"53.21401","8.2063","892.267101371291"
"53.214","8.20639","892.273196453903"
"53.21404","8.20681","892.301514306404"
"53.21419","8.21289","892.70670335131"
"53.21422","8.21304","892.717233638654"
"53.21432","8.21439","892.807810144151"
"53.21446","8.21537","892.874895643757"
"53.21566","8.22165","893.313822861305"
"53.2157","8.22171","893.319801427271"
"53.21583","8.22231","893.362286551263"
"53.21625","8.22367","893.464173749098"
"53.21679","8.22495","893.568427679886"
"53.21681","8.22505","893.57544748888"
"53.21682","8.22504","893.576743540884"
"53.21685","8.22504","893.580079388684"
"53.21685","8.22505","893.580745210658"
"53.21686","8.22505","893.581857159924"
"53.21689","8.22508","893.585745314499"
"53.21689","8.22509","893.586411135851"
"53.2169","8.22509","893.587523085118"
"53.2169","8.22512","893.589520548709"
"53.21693","8.22521","893.596378872307"
"53.21692","8.22526","893.59988876759"
"53.21691","8.22526","893.601000716857"
"53.21691","8.22528","893.60233235894"
"53.2169","8.2253","893.604067208277"
"53.21715","8.22601","893.658908085408"
"53.21715","8.22605","893.661571354653"
"53.22047","8.23653","894.450962736837"
"53.22074","8.23709","894.498830916954"
"53.22089","8.23731","894.521028296112"
"53.22097","8.23739","894.531396449277"
"53.22097","8.2374","894.532062207211"
"53.22113","8.23756","894.552798498209"
"53.22163","8.23792","894.61334185218"
"53.22189","8.23816","894.646373967198"
"53.2221","8.23848","894.677982758005"
"53.22218","8.23871","894.695691212858"
"53.22222","8.23902","894.716802961937"
"53.22221","8.23933","894.737470791607"
"53.22218","8.23946","894.746746031689"
"53.22205","8.23975","894.770864415084"
"53.22178","8.24009","894.808463800532"
"53.22172","8.24028","894.822764605874"
"53.22172","8.24046","894.834748038837"
"53.22223","8.24201","894.952494145426"
"53.22225","8.24217","894.963375634479"
"53.22242","8.24269","895.002818706649"
"53.22242","8.24273","895.005481648228"
"53.22247","8.24283","895.01415523394"
"53.2261","8.25429","895.877253723557"
"53.22612","8.25443","895.886834885529"
"53.22695","8.25701","896.081805423779"
"53.22695","8.25703","896.083136753731"
"53.22921","8.26419","896.621934394316"
"53.22998","8.26636","896.789844557666"
"53.23","8.2665","896.799424898264"
"53.23175","8.27139","897.178638760809"
"53.23221","8.2724","897.263109999315"
"53.23251","8.2729","897.310229876209"
"53.23384","8.27466","897.498890978225"
"53.23406","8.27501","897.532670628955"
"53.23412","8.27504","897.539634692498"
"53.23457","8.27584","897.61270107849"
"53.2347","8.27619","897.64011588506"
"53.23486","8.27645","897.664934408464"
"53.23495","8.27675","897.687268275836"
"53.23599","8.27911","897.882314080341"
"53.23603","8.27925","897.892638598821"
"53.23674","8.28058","898.011245369021"
"53.2387","8.28359","898.307260136843"
"53.24619","8.29377","899.380811343807"
"53.2474","8.2958","899.571457035223"
"53.24792","8.29643","899.642873503421"
"53.25223","8.30037","900.189127113315"
"53.25233","8.30041","900.200560594337"
"53.25347","8.30146","900.345294921246"
"53.2535","8.30152","900.350496850514"
"53.25637","8.30417","900.715079244561"
"53.25734","8.30527","900.845416202004"
"53.25846","8.30696","901.013187360737"
"53.2585","8.30705","901.020645373189"
"53.25853","8.30708","901.024532530352"
"53.25993","8.30936","901.2418662618"
"53.25997","8.30932","901.24704909219"
"53.26004","8.30954","901.263623748986"
"53.26307","8.31459","901.739372620055"
"53.26305","8.31471","901.74765790511"
"53.26379","8.31602","901.867499279329"
"53.2642","8.31699","901.946495792609"
"53.26457","8.31805","902.028121482054"
"53.26499","8.31964","902.143722241261"
"53.26514","8.32058","902.208425772902"
"53.26692","8.33908","903.454600322009"
"53.26691","8.33921","903.46331710143"
"53.26785","8.34904","904.125351030678"
"53.26805","8.34994","904.189201564202"
"53.26826","8.35054","904.235433504296"
"53.26859","8.35119","904.292134358548"
"53.27974","8.36746","905.937596307711"
"53.2798","8.36752","905.945369603917"
"53.27982","8.36758","905.949936693432"
"53.28196","8.37071","906.266046318431"
"53.28198","8.37072","906.268367459566"
"53.28794","8.37942","907.147959149191"
"53.288","8.37957","907.159956114799"
"53.28977","8.38219","907.422758369289"
"53.2904","8.38343","907.530927533573"
"53.29089","8.38476","907.634771315139"
"53.29138","8.3868","907.78090094187"
"53.29145","8.38676","907.789126119408"
"53.29157","8.3872","907.821271428227"
"53.2917","8.38791","907.870626543661"
"53.2923","8.39028","908.041695524653"
"53.29246","8.39066","908.072589250501"
"53.2925","8.39085","908.085977907317"
"53.29289","8.39176","908.160400623932"
"53.29356","8.3929","908.266660567738"
"53.29425","8.39373","908.361157603766"
"53.29491","8.39432","908.444365109688"
"53.29598","8.39493","908.570060930357"
"53.29669","8.39524","908.6516532009"
"53.29986","8.3963","909.011111034971"
"53.30224","8.39684","909.278176655016"
"53.30765","8.39769","909.882386653706"
"53.30934","8.39814","910.072669580095"
"53.31077","8.39863","910.234976573098"
"53.31079","8.39862","910.237297585883"
"53.31084","8.39862","910.242857332216"
"53.31129","8.39873","910.293425888291"
"53.31134","8.39872","910.299025186808"
"53.31139","8.39865","910.306273468948"
"53.31143","8.39862","910.311147395748"
"53.31149","8.3986","910.317950113482"
"53.3115","8.39869","910.324031779555"
"53.31154","8.39869","910.32847957662"
"53.31155","8.3987","910.329774872345"
"53.31157","8.3987","910.331998770878"
"53.3116","8.39874","910.336263700514"
"53.31163","8.39866","910.342538636201"
"53.31167","8.3987","910.347719815747"
"53.3117","8.39876","910.352917577831"
"53.3117","8.39879","910.354910618158"
"53.31171","8.39881","910.356643205042"
"53.31172","8.3989","910.362724840821"
"53.31203","8.39905","910.398606797078"
"53.31208","8.39909","910.404768969426"
"53.31249","8.39922","910.451169702461"
"53.3125","8.39923","910.452464990603"
"53.3126","8.39927","910.463897599322"
"53.31261","8.39928","910.465192886586"
"53.31277","8.39935","910.483581792263"
"53.31281","8.39938","910.488455692717"
"53.31403","8.39992","910.628776517254"
"53.31562","8.40074","910.813777771263"
"53.31712","8.40164","910.990961032199"
"53.31815","8.4025","911.118948001682"
"53.31904","8.40344","911.235962269285"
"53.31966","8.40433","911.32677842651"
"53.32029","8.40548","911.430422403821"
"53.32081","8.40663","911.526223402632"
"53.3213","8.40817","911.642116878875"
"53.32167","8.40957","911.743799221765"
"53.32283","8.41546","912.155718663854"
"53.32387","8.42232","912.625783073724"
"53.32386","8.42246","912.635147529516"
"53.32411","8.42376","912.725852567262"
"53.3241","8.42386","912.732586544225"
"53.32412","8.42386","912.734810442758"
"53.32416","8.42389","912.739684126533"
"53.3242","8.42395","912.745655930963"
"53.32422","8.42404","912.752033599866"
"53.32422","8.42413","912.758010967114"
"53.32421","8.42416","912.760292701544"
"53.32427","8.4242","912.767473862999"
"53.32422","8.42433","912.777743050635"
"53.32418","8.42437","912.7829238295"
"53.3243","8.42559","912.865041666252"
"53.32537","8.43283","913.360382053137"
"53.32645","8.43892","913.782286728963"
"53.32768","8.44467","914.187902888959"
"53.32894","8.44972","914.5513571153"
"53.32997","8.45336","914.818839166816"
"53.33096","8.45628","915.041812289311"
"53.33104","8.45639","915.053322609202"
"53.33117","8.45676","915.081829184654"
"53.33122","8.45684","915.089518905544"
"53.33135","8.45741","915.130035679252"
"53.33194","8.4588","915.243276577196"
"53.33221","8.45958","915.303143171565"
"53.33225","8.45982","915.319688860634"
"53.3327","8.46103","915.414342898146"
"53.33274","8.4611","915.420776254855"
"53.33356","8.46336","915.596371935603"
"53.33362","8.46345","915.605328762625"
"53.33448","8.46575","915.78551745865"
"53.3345","8.46577","915.788107683827"
"53.33497","8.46709","915.890152655306"
"53.33497","8.46711","915.891480624465"
"53.33536","8.46814","915.972460976771"
"53.33581","8.46913","916.055072534723"
"53.33657","8.47043","916.175869871362"
"53.33707","8.47154","916.268187984577"
"53.33747","8.47292","916.370037961669"
"53.33886","8.47948","916.832190828232"
"53.33904","8.47963","916.854546636869"
"53.33931","8.47979","916.886393146945"
"53.33937","8.47985","916.894163590227"
"53.34226","8.48135","917.230593298227"
"53.3424","8.4814","917.24651054026"
"53.34271","8.48145","917.28114041643"
"53.34301","8.48144","917.314505499473"
"53.34322","8.48138","917.338193716034"
"53.34398","8.48091","917.428277712339"
"53.34421","8.48082","917.454541141813"
"53.34439","8.48078","917.474731600498"
"53.34455","8.48081","917.492633904597"
"53.34476","8.48094","917.51752848784"
"53.34489","8.48106","917.534033444894"
"53.34497","8.48117","917.545542251103"
"53.34497","8.48118","917.54620608"
"53.34522","8.48161","917.586050293178"
"53.34522","8.48162","917.586714118182"
"53.34545","8.48204","917.62454794632"
"53.34547","8.48206","917.627137996394"
"53.34551","8.48215","917.634586231168"
"53.34567","8.48234","917.656394559662"
"53.34574","8.48239","917.664856324707"
"53.34575","8.48239","917.665968273974"
"53.34577","8.48241","917.66855831926"
"53.34591","8.48247","917.684627044757"
"53.34595","8.4825","917.689500312591"
"53.34621","8.4825","917.718410993518"
"53.34634","8.48246","917.733108174785"
"53.34646","8.48238","917.747469476967"
"53.34682","8.48204","917.793423671888"
"53.34701","8.4819","917.816504288397"
"53.34714","8.48183","917.831688079337"
"53.34724","8.4818","917.842984482452"
"53.34751","8.48179","917.873014449866"
"53.34793","8.48188","917.920096868609"
"53.34845","8.48215","917.980632056096"
"53.34854","8.48224","917.992287063437"
"53.34888","8.48247","918.033059447915"
"53.34922","8.48278","918.076102636799"
"53.34963","8.48327","918.132105007284"
"53.35017","8.4841","918.213594262235"
"53.35052","8.48485","918.276782593921"
"53.35097","8.48617","918.377678116476"
"53.35119","8.48715","918.447172022377"
"53.35122","8.4872","918.451877485022"
"53.35133","8.4876","918.481108799389"
"53.35141","8.48779","918.49654140375"
"53.35177","8.48755","918.539624593186"
"53.35278","8.48672","918.66471480693"
"53.35279","8.48672","918.665826756196"
"53.35429","8.48542","918.853613897601"
"53.35485","8.48487","918.925793334001"
"53.35524","8.48439","918.97960256125"
"53.356","8.48318","919.096179726577"
"53.35611","8.48294","919.1162620927"
"53.35614","8.48283","919.124288356285"
"53.35621","8.48271","919.135424248012"
"53.35635","8.48255","919.154268129723"
"53.35643","8.48266","919.165775690664"
"53.35666","8.48315","919.207146495011"
"53.35732","8.48423","919.309727961366"
"53.35746","8.48437","919.327856978972"
"53.3575","8.48448","919.336405226551"
"53.35821","8.48573","919.450922204721"
"53.35835","8.48606","919.477790945762"
"53.35953","8.49079","919.817999495156"
"53.35983","8.4916","919.881261025775"
"53.36047","8.49284","919.990051288648"
"53.36061","8.49325","920.021397162318"
"53.36073","8.49382","920.061506073084"
"53.36082","8.49475","920.124025430214"
"53.36084","8.4956","920.180473719901"
"53.3609","8.49573","920.191379177731"
"53.36097","8.49613","920.219040111305"
"53.3652","8.50473","920.958550167122"
"53.36522","8.50528","920.995111121812"
"53.3652","8.50543","921.005309262882"
"53.36525","8.5067","921.089758689585"
"53.36515","8.50671","921.100897961007"
"53.36506","8.50676","921.111441074444"
"53.36503","8.50675","921.114842270473"
"53.36494","8.50677","921.124937415116"
"53.36412","8.5067","921.216235477289"
"53.364","8.50672","921.229644697461"
"53.36366","8.50672","921.267450972519"
"53.36352","8.50675","921.28314501805"
"53.36334","8.50676","921.303171100711"
"53.36309","8.50683","921.331355205725"
"53.36295","8.50694","921.348548701393"
"53.3628","8.50713","921.369456710746"
"53.36229","8.50833","921.467213334049"
"53.3622","8.50892","921.507622196046"
"53.36203","8.50938","921.543525315092"
"53.36176","8.50989","921.588764987954"
"53.36158","8.5101","921.613153231474"
"53.36154","8.51025","921.624055351812"
"53.36153","8.51041","921.634730556527"
"53.36123","8.51193","921.74096691454"
"53.3612","8.51234","921.768377272372"
"53.36123","8.51309","921.818257140215"
"53.36124","8.51309","921.819369089482"
"53.36126","8.51368","921.858583149588"
"53.36106","8.51387","921.88414744315"
"53.36103","8.51393","921.889341670366"
"53.361","8.51427","921.912148635313"
"53.36097","8.51436","921.918989340071"
"53.36055","8.51468","921.970292120167"
"53.35912","8.51606","922.153786061574"
"53.35908","8.51615","922.161232766577"
"53.35906","8.51651","922.185225990516"
"53.35912","8.51655","922.192406349382"
"53.36","8.53727","923.570866543446"
"53.36086","8.54584","924.147545586834"
"53.36089","8.54597","924.156794659836"
"53.36231","8.56016","925.111547405059"
"53.36344","8.56506","925.460121234662"
"53.36364","8.56562","925.503426040251"
"53.36404","8.56643","925.573189633866"
"53.36571","8.56884","925.818247624539"
"53.36576","8.56894","925.826904110066"
"53.36605","8.56935","925.869092680995"
"53.36605","8.56936","925.869756181647"
"53.36775","8.57192","926.123887696778"
"53.3678","8.57195","926.129792995794"
"53.36916","8.57399","926.332740482444"
"53.36969","8.57503","926.423481554394"
"53.36971","8.57512","926.429853249388"
"53.36977","8.57521","926.438806697195"
"53.36992","8.57554","926.46632987776"
"53.36998","8.57551","926.473292125588"
"53.37004","8.57576","926.491169655364"
"53.37054","8.57715","926.598850335951"
"53.37094","8.57855","926.701830718759"
"53.37128","8.58016","926.815135116206"
"53.37196","8.58491","927.139201286994"
"53.37195","8.58499","927.144623790158"
"53.37237","8.588","927.349697399194"
"53.37326","8.59237","927.65602720692"
"53.37326","8.59245","927.661334313804"
"53.37352","8.59401","927.768784996281"
"53.3736","8.59496","927.832431165066"
"53.37359","8.59603","927.903421870294"
"53.37351","8.59712","927.97627583236"
"53.37368","8.59723","927.996538555498"
"53.37383","8.59738","928.015960544024"
"53.37392","8.59759","928.033113456777"
"53.37437","8.60185","928.320106765856"
"53.37689","8.61884","929.481452623121"
"53.37691","8.6189","929.486011794654"
"53.37724","8.62121","929.643573196838"
"53.37741","8.62201","929.699905508692"
"53.37742","8.62228","929.7178497323"
"53.37695","8.6229","929.784352724925"
"53.37684","8.62325","929.810594279756"
"53.37654","8.62484","929.921214181862"
"53.37805","8.62675","930.131555651902"
"53.37818","8.62702","930.154570974038"
"53.37814","8.62707","930.160119169268"
"53.37904","8.63053","930.410492924286"
"53.38027","8.63715","930.870397565244"
"53.38084","8.6384","930.974758112644"
"53.38105","8.63871","931.005871363443"
"53.38144","8.63915","931.05814272484"
"53.3815","8.63918","931.065104818805"
"53.38156","8.63923","931.072555278715"
"53.38428","8.64034","931.383836406916"
"53.38604","8.64127","931.589028640575"
"53.38605","8.64127","931.590140589841"
"53.38677","8.64166","931.674275088392"
"53.38715","8.64192","931.719911829175"
"53.38925","8.64417","931.99702235746"
"53.38925","8.64418","931.99768549675"
"53.39002","8.64508","932.10205379222"
"53.3932","8.65201","932.681881983936"
"53.39332","8.65236","932.70865217077"
"53.39337","8.65244","932.716336544687"
"53.39355","8.65297","932.756779437306"
"53.39366","8.65315","932.773869177616"
"53.39404","8.65436","932.8645469"
"53.3941","8.65444","932.873070360961"
"53.39674","8.66352","933.542869074845"
"53.39683","8.66373","933.560015901426"
"53.39688","8.66379","933.566852293514"
"53.39914","8.67179","934.153775208881"
"53.39933","8.67228","934.192527047901"
"53.39966","8.67259","934.234585025287"
"53.40041","8.67315","934.325871904097"
"53.40073","8.67331","934.363001711537"
"53.40081","8.67324","934.37303504922"
"53.40274","8.67808","934.759053383987"
"53.40323","8.67917","934.849552079111"
"53.4033","8.67926","934.859359307338"
"53.40334","8.67929","934.864231479963"
"53.40343","8.67931","934.874326467414"
"53.40426","8.67929","934.966627779143"
"53.40438","8.67941","934.98216244333"
"53.40532","8.68011","935.096522925327"
"53.40566","8.68023","935.135156986155"
"53.40578","8.68023","935.148500377353"
"53.40779","8.6845","935.50914821258"
"53.40882","8.68876","935.813862184357"
"53.4089","8.68895","935.829280888521"
"53.40918","8.68936","935.870607644716"
"53.40949","8.68958","935.90803557983"
"53.40952","8.68959","935.911436640813"
"53.40963","8.68967","935.924768014958"
"53.40968","8.68967","935.930327761291"
"53.40974","8.68965","935.937129882012"
"53.40989","8.68964","935.953822285745"
"53.41021","8.6895","935.990594735025"
"53.41326","8.68737","936.357948953407"
"53.41328","8.68737","936.360172851939"
"53.41329","8.68736","936.361467335761"
"53.41346","8.6873","936.380784214402"
"53.41375","8.68729","936.413037553229"
"53.414","8.68744","936.442560419079"
"53.41416","8.68758","936.462625751641"
"53.41436","8.68786","936.491590114527"
"53.41458","8.68844","936.537153384148"
"53.41625","8.69571","937.053505724529"
"53.41625","8.69575","937.056156598945"
"53.41714","8.69958","937.328585740902"
"53.41717","8.69965","937.334299545767"
"53.41814","8.70392","937.637130270078"
"53.41832","8.70448","937.679294163866"
"53.41833","8.70455","937.684064376914"
"53.4192","8.70694","937.869652339872"
"53.41939","8.70733","937.903033068259"
"53.41966","8.70774","937.943524215458"
"53.42003","8.70816","937.993195987534"
"53.4203","8.70841","938.027486004325"
"53.4223","8.70972","938.266217021386"
"53.42262","8.71001","938.306656623768"
"53.42307","8.71058","938.369348554582"
"53.42441","8.7131","938.593139156291"
"53.42513","8.71503","938.744012328782"
"53.42513","8.71512","938.749975550696"
"53.42517","8.71515","938.754847306833"
"53.42529","8.71554","938.783929621354"
"53.42534","8.71588","938.807133174024"
"53.42534","8.71628","938.833636251611"
"53.42435","8.72221","939.241678714734"
"53.42428","8.72302","939.295910226131"
"53.42427","8.72381","939.348266924743"
"53.42435","8.72455","939.398099213415"
"53.42448","8.72519","939.442901140947"
"53.42472","8.72595","939.499892227977"
"53.425","8.72654","939.549868063087"
"53.4254","8.72714","939.609523153454"
"53.42679","8.72893","939.804343195548"
"53.42808","8.73127","940.015557340387"
"53.42847","8.7318","940.071357121539"
"53.43012","8.73338","940.282589695387"
"53.4308","8.73424","940.377264825828"
"53.43102","8.73446","940.405740376378"
"53.4321","8.73524","940.536476283958"
"53.43212","8.73524","940.538700182491"
"53.43223","8.73528","940.551215375034"
"53.43224","8.73527","940.55250970767"
"53.43231","8.73526","940.560321493149"
"53.4324","8.73538","940.573102230354"
"53.43244","8.73536","940.577743172787"
"53.43252","8.7359","940.614605748931"
"53.43253","8.73629","940.640465799337"
"53.43241","8.73766","940.732199256921"
"53.43238","8.73774","940.738461451457"
"53.43225","8.73796","940.758988680118"
"53.43199","8.73824","940.79333835439"
"53.43162","8.73851","940.838200520151"
"53.43141","8.73862","940.862662137181"
"53.43131","8.73875","940.87672679116"
"53.43113","8.73979","940.948473588554"
"53.43109","8.73978","940.952970452771"
"53.43108","8.73997","940.965606732261"
"53.43152","8.74221","941.121860468553"
"53.43169","8.7428","941.165277812505"
"53.43497","8.74796","941.665142637128"
"53.43567","8.75185","941.934323773492"
"53.43572","8.75183","941.940039187446"
"53.43578","8.75215","941.962261603425"
"53.43578","8.75229","941.971535402445"
"53.4362","8.75438","942.117644178412"
"53.43624","8.75448","942.12562297841"
"53.43649","8.75563","942.206713309265"
"53.43649","8.75571","942.212012534452"
"53.43659","8.75628","942.251372784201"
"53.43699","8.75717","942.325222637234"
"53.43702","8.75729","942.333842983582"
"53.43711","8.75741","942.346623172823"
"53.43841","8.76071","942.608683752485"
"53.43936","8.76191","942.740882395934"
"53.43942","8.76193","942.747684336417"
"53.43894","8.76489","942.950878424818"
"53.43904","8.76519","942.973648949436"
"53.44237","8.77233","943.574273188404"
"53.44241","8.77247","943.584557131878"
"53.45048","8.78964","945.033064951448"
"53.45062","8.78987","945.054843391503"
"53.45318","8.7933","945.419006956037"
"53.45279","8.79526","945.555841235812"
"53.45278","8.79565","945.5816889801"
"53.45296","8.79763","945.714313237723"
"53.45351","8.79819","945.785833357684"
"53.45361","8.79825","945.797641254764"
"53.45368","8.79826","945.805453011998"
"53.45399","8.7982","945.840151621011"
"53.45412","8.79821","945.854622118002"
"53.45427","8.79835","945.873704199459"
"53.45467","8.79895","945.933341049376"
"53.45662","8.80262","946.259010487613"
"53.45667","8.80279","946.271564265034"
"53.45654","8.80456","946.389642282792"
"53.45653","8.80589","946.477707359601"
"53.4565","8.80597","946.483967008543"
"53.45593","8.80627","946.550387626185"
"53.4559","8.80635","946.556647338455"
"53.45604","8.81267","946.975383668386"
"53.45539","8.8129","947.049247226558"
"53.45666","8.81946","947.505964592769"
"53.45668","8.82663","947.980687289017"
"53.45704","8.82658","948.020854112775"
"53.45705","8.82666","948.02626623391"
"53.4575","8.82769","948.110848826834"
"53.45756","8.82776","948.118972271486"
"53.46341","8.84046","949.182007294773"
"53.46347","8.84052","949.189771797019"
"53.4635","8.84057","949.194471094212"
"53.46489","8.84535","949.546624640196"
"53.4649","8.84547","949.554645612555"
"53.46745","8.84779","949.877109145839"
"53.46845","8.8484","949.995407866704"
"53.46863","8.84848","950.016111565295"
"53.4725","8.8507","950.4708302892"
"53.47255","8.85071","950.47642929029"
"53.47378","8.85141","950.620832436614"
"53.47382","8.85145","950.626008440901"
"53.47612","8.85277","950.896265045978"
"53.47687","8.85299","950.980922556523"
"53.4769","8.85299","950.984258404322"
"53.47733","8.85319","951.033870266863"
"53.47733","8.85329","951.040487930613"
"53.47789","8.85365","951.107158794406"
"53.47816","8.85388","951.140819130256"
"53.47894","8.85492","951.251538943124"
"53.47925","8.85515","951.289219953694"
"53.47937","8.85521","951.303141529315"
"53.47941","8.85521","951.30758932638"
"53.47979","8.85543","951.352280984936"
"53.48001","8.85552","951.377458377641"
"53.48026","8.85566","951.406760141099"
"53.48045","8.85584","951.431013435229"
"53.48073","8.85619","951.469817425448"
"53.48122","8.85708","951.550048069954"
"53.4812","8.85722","951.559575149012"
"53.48204","8.86776","952.263233154229"
"53.48207","8.86782","952.268418713015"
"53.48213","8.86789","952.276540627794"
"53.48215","8.86793","952.279997662924"
"53.4857","8.87116","952.72888108777"
"53.48579","8.87128","952.741655613784"
"53.48587","8.87145","952.755995907679"
"53.48724","8.87612","953.100486543746"
"53.48962","8.88593","953.801391122386"
"53.48977","8.88627","953.829393881775"
"53.48997","8.88645","953.854620444387"
"53.49299","8.88873","954.222747983853"
"53.49309","8.88877","954.234177983187"
"53.49312","8.88877","954.237513830986"
"53.49318","8.88976","954.303343228481"
"53.49319","8.88979","954.305618068815"
"53.49316","8.89031","954.340178437468"
"53.493","8.89146","954.41830598731"
"53.49295","8.89263","954.495903532293"
"53.493","8.89265","954.50161853243"
"53.49327","8.89361","954.571863521056"
"53.49379","8.89499","954.679923556484"
"53.49343","8.89632","954.776583260945"
"53.49339","8.89638","954.782544519292"
"53.49291","8.89677","954.841826384171"
"53.49295","8.89682","954.847369236998"
"53.49307","8.89729","954.88120308106"
"53.49308","8.89758","954.900419382379"
"53.49243","8.90265","955.24351232833"
"53.49252","8.9032","955.28124769499"
"53.49437","8.92112","956.484398884092"
"53.49494","8.92442","956.711707740698"
"53.49585","8.92819","956.980834325006"
"53.49803","8.9338","957.424072445005"
"53.4995","8.9369","957.686295735047"
"53.50048","8.93872","957.848669819924"
"53.50053","8.93872","957.854229566256"
"53.50077","8.94939","958.560450564312"
"53.50088","8.95114","958.676840034513"
"53.50119","8.96558","959.632518604729"
"53.5016","8.97399","960.190613635887"
"53.50182","8.97421","960.219076762175"
"53.50203","8.97454","960.251039619918"
"53.50263","8.97635","960.388084970565"
"53.50274","8.97658","960.407604161611"
"53.50354","8.97771","960.523786544839"
"53.50361","8.97778","960.532842889996"
"53.50424","8.978","960.604390706638"
"53.50478","8.9781","960.664799072549"
"53.50477","8.97819","960.670854092258"
"53.51018","8.98883","961.596575291264"
"53.51022","8.98873","961.604544515465"
"53.51405","8.99502","962.199818903175"
"53.51406","8.99516","962.209142158307"
"53.51394","8.99563","962.242961859258"
"53.51389","8.99604","962.270635128952"
"53.51397","8.99632","962.291174852353"
"53.51733","9.00199","962.820443299144"
"53.51733","9.00204","962.823749011008"
"53.52059","9.00749","963.334851095361"
"53.52077","9.00773","963.360392019527"
"53.52733","9.01816","964.364104556881"
"53.52964","9.03003","965.189650615853"
"53.52972","9.0303","965.209590487438"
"53.52957","9.03069","965.240293153591"
"53.53007","9.03155","965.319804360192"
"53.53193","9.03869","965.835040552516"
"53.53207","9.03898","965.859732551999"
"53.53221","9.03912","965.877842053153"
"53.53225","9.0392","965.884751337908"
"53.53483","9.04138","966.20577951466"
"53.53499","9.04149","966.224998586216"
"53.53412","9.04904","966.733249675411"
"53.5341","9.04907","966.736229036433"
"53.53362","9.05349","967.033176036161"
"53.53538","9.05417","967.233972567702"
"53.5364","9.05464","967.351567458571"
"53.54082","9.05699","967.866998590661"
"53.54143","9.05744","967.941058785903"
"53.5422","9.05825","968.042030860935"
"53.54276","9.05904","968.123284837776"
"53.54327","9.06","968.208369929124"
"53.54327","9.06001","968.20903066666"
"53.54441","9.06238","968.410500091568"
"53.54481","9.06298","968.470080768756"
"53.54857","9.06747","968.982722207263"
"53.54862","9.0675","968.988624660784"
"53.54881","9.06773","969.014648494733"
"53.54884","9.06779","969.019829269083"
"53.55548","9.0743","969.87427668159"
"53.55572","9.07447","969.903229760335"
"53.55627","9.07477","969.967517276666"
"53.55655","9.07487","969.999344817333"
"53.55751","9.07508","970.10698938843"
"53.56647","9.07611","971.105615567428"
"53.56754","9.07618","971.224683903362"
"53.56757","9.07619","971.228084484748"
"53.56922","9.07605","971.411788882057"
"53.57144","9.07576","971.659383234359"
"53.57243","9.07579","971.769484032514"
"53.57352","9.07599","971.891403773845"
"53.57511","9.07643","972.07057459825"
"53.57647","9.07691","972.225084638028"
"53.57776","9.07746","972.373050770232"
"53.57892","9.07806","972.50798216323"
"53.58063","9.07918","972.711995460557"
"53.58064","9.07918","972.713107409824"
"53.58662","9.08377","973.443829819633"
"53.58673","9.08388","973.458053930403"
"53.58678","9.08391","973.46395578394"
"53.58704","9.08418","973.497918026349"
"53.58828","9.08582","973.673214464069"
"53.58867","9.08616","973.72204287589"
"53.58908","9.08632","973.768839916433"
"53.58933","9.08633","973.796646482362"
"53.58973","9.08623","973.841611489698"
"53.59159","9.08538","974.055907452696"
"53.59161","9.08538","974.058131351229"
"53.59506","9.08378","974.456020892028"
"53.59544","9.08351","974.501878145569"
"53.59672","9.08222","974.667723240109"
"53.5975","9.08166","974.761999758077"
"53.59885","9.08094","974.919452255079"
"53.59947","9.08068","974.990495807972"
"53.5999","9.08058","975.03876279784"
"53.60111","9.08049","975.173439654347"
"53.60155","9.08053","975.222436560136"
"53.60198","9.08063","975.270703505584"
"53.60416","9.08186","975.526332980744"
"53.60437","9.08194","975.550273039062"
"53.60437","9.08195","975.550932822493"
"53.60481","9.08204","975.600217615566"
"53.60943","9.08189","976.114033485144"
"53.6095","9.0819","976.121845036624"
"53.61216","9.08182","976.41767061958"
"53.61273","9.08197","976.481819455218"
"53.61297","9.08207","976.509309422343"
"53.62069","9.08646","977.415255271208"
"53.62071","9.08648","977.417840930702"
"53.62145","9.08687","977.504051638189"
"53.62148","9.08687","977.507387485988"
"53.62235","9.08731","977.608385583279"
"53.62237","9.08733","977.61097121631"
"53.62471","9.08851","977.882555159278"
"53.62544","9.08895","977.968757733191"
"53.62545","9.08895","977.969869682458"
"53.62558","9.08903","977.98525763496"
"53.62561","9.08907","977.98951038792"
"53.62576","9.08911","978.006396921342"
"53.6294","9.09109","978.431684455579"
"53.63004","9.09155","978.509043626283"
"53.63049","9.09197","978.566233886379"
"53.63054","9.092","978.572135052114"
"53.63104","9.09257","978.639244250328"
"53.63147","9.09319","978.702151951702"
"53.63213","9.09435","978.808151359119"
"53.63257","9.09494","978.870657774419"
"53.63323","9.09561","978.956316281877"
"53.63354","9.09582","978.993463558805"
"53.63382","9.09592","979.025288596849"
"53.63399","9.09595","979.044294936777"
"53.63474","9.09599","979.127732820698"
"53.63486","9.09597","979.141141207502"
"53.63518","9.09599","979.176748008103"
"53.63521","9.09597","979.180335011867"
"53.63561","9.09597","979.224812982524"
"53.63572","9.09602","979.237480851373"
"53.63627","9.09605","979.2986700355"
"53.63631","9.09604","979.303166429059"
"53.63656","9.0961","979.331245193298"
"53.63671","9.09616","979.348387083052"
"53.63672","9.09617","979.349679785149"
"53.63675","9.09618","979.353080156845"
"53.63689","9.09632","979.371177974493"
"53.63684","9.09645","979.381393927283"
"53.63691","9.09653","979.390796180153"
"53.63712","9.09709","979.434480289964"
"53.63728","9.09797","979.495162738385"
"53.63738","9.09824","979.516150638144"
"53.63739","9.0983","979.520259560829"
"53.63919","9.10177","979.824219982358"
"53.63949","9.10213","979.865159219838"
"53.64221","9.10439","980.202311751465"
"53.64272","9.10495","980.269977404503"
"53.64305","9.10543","980.318429530928"
"53.64532","9.10976","980.699447687306"
"53.64555","9.11013","980.734786880724"
"53.64581","9.11047","980.771366471804"
"53.65014","9.11536","981.350758496729"
"53.65077","9.11597","981.431527707192"
"53.65156","9.11658","981.528134034869"
"53.65163","9.11658","981.535917679734"
"53.65191","9.11683","981.571142995531"
"53.65195","9.11693","981.579093863576"
"53.65226","9.11726","981.619851638267"
"53.65267","9.11783","981.678924104608"
"53.65362","9.11966","981.839246796824"
"53.65401","9.12031","981.900201772364"
"53.65438","9.12078","981.951699491556"
"53.65489","9.12122","982.015391879497"
"53.6552","9.12141","982.052065872674"
"53.65569","9.1216","982.107971504653"
"53.65857","9.12235","982.432004023705"
"53.65919","9.12244","982.501199477898"
"53.66365","9.1226","982.99724088978"
"53.6637","9.12259","983.002839538845"
"53.66541","9.12268","983.193075297484"
"53.6661","9.12279","983.270141300117"
"53.6709","9.12408","983.81060019211"
"53.67159","9.12415","983.887463132961"
"53.67217","9.12415","983.951956190415"
"53.67258","9.12419","983.997622188755"
"53.67323","9.12444","984.071751200683"
"53.67352","9.12461","984.105886717045"
"53.67401","9.12497","984.165308810545"
"53.67436","9.12532","984.210542932191"
"53.67465","9.12569","984.250963289069"
"53.6756","9.12728","984.399715129977"
"53.67616","9.12799","984.477589637455"
"53.67621","9.1281","984.486722256951"
"53.67651","9.12844","984.526900564864"
"53.67663","9.12852","984.541246678666"
"53.67722","9.12922","984.621432280029"
"53.67774","9.13009","984.70283744197"
"53.67812","9.13113","984.783319554735"
"53.67834","9.13215","984.854815060243"
"53.67865","9.13467","985.024330272227"
"53.67871","9.13482","985.036251375116"
"53.67886","9.13539","985.077331186573"
"53.67887","9.13551","985.085312454172"
"53.67928","9.13648","985.163797028239"
"53.67949","9.13682","985.196149810074"
"53.68025","9.13786","985.304930130534"
"53.68028","9.13788","985.308516616544"
"53.68105","9.1388","985.413407004856"
"53.68133","9.13921","985.454619434216"
"53.68164","9.13981","985.507056264018"
"53.682","9.14076","985.58133090685"
"53.68216","9.14141","985.627687822461"
"53.68268","9.14614","985.944509395878"
"53.68281","9.14691","985.997238512937"
"53.6841","9.15253","986.394166896541"
"53.68411","9.15269","986.404762002545"
"53.68418","9.15297","986.424776565786"
"53.68422","9.15305","986.431671327097"
"53.68476","9.15546","986.601356425536"
"53.68479","9.15553","986.607046513027"
"53.68534","9.15799","986.780202677088"
"53.68534","9.15817","986.79205599915"
"53.68559","9.15928","986.870258862544"
"53.68562","9.15933","986.874945960736"
"53.68666","9.16387","987.195494216321"
"53.68666","9.16395","987.200762194323"
"53.68692","9.16497","987.273886525617"
"53.68727","9.16599","987.351513216819"
"53.68759","9.16669","987.409743441731"
"53.68816","9.16757","987.495620759778"
"53.68886","9.16838","987.58997771278"
"53.68888","9.16839","987.592297044106"
"53.68893","9.16847","987.599955987402"
"53.68955","9.1692","987.68399949956"
"53.68962","9.16934","987.696064431034"
"53.6899","9.16975","987.737273260553"
"53.68996","9.16961","987.748652521234"
"53.69049","9.17041","987.827695702399"
"53.69779","9.1833","989.002048574539"
"53.69835","9.1844","989.097554544642"
"53.69838","9.18449","989.104353916979"
"53.69845","9.1846","989.114985176993"
"53.69912","9.18618","989.242926419043"
"53.69915","9.18622","989.247176321166"
"53.69974","9.18809","989.38666832683"
"53.70015","9.18998","989.519174775574"
"53.70037","9.19138","989.614526064643"
"53.70112","9.19811","990.065327572164"
"53.70127","9.19904","990.128778148475"
"53.70127","9.19914","990.135360836034"
"53.70174","9.20126","990.284377922798"
"53.70235","9.20332","990.435997035749"
"53.70268","9.20413","990.500721861993"
"53.70335","9.20554","990.619736211696"
"53.70821","9.21469","991.428900472667"
"53.70825","9.21474","991.43443330736"
"53.70949","9.21704","991.639190716133"
"53.70956","9.21711","991.648235569276"
"53.70975","9.21749","991.680974127208"
"53.70978","9.21762","991.69015721054"
"53.72085","9.23863","993.541280761769"
"53.72122","9.23917","993.595641061248"
"53.7217","9.23969","993.659039046673"
"53.72198","9.23993","993.693949061163"
"53.7225","9.24027","993.75594685218"
"53.7227","9.24036","993.778960666148"
"53.72309","9.24048","993.823039521079"
"53.72335","9.24053","993.852136756636"
"53.72398","9.24054","993.922192649856"
"53.72473","9.24045","994.005798783459"
"53.72475","9.24044","994.008117955554"
"53.72546","9.24035","994.087288079474"
"53.72612","9.24038","994.160703265217"
"53.7267","9.24054","994.226049659886"
"53.72703","9.24069","994.264047705494"
"53.72738","9.2409","994.30534523363"
"53.72763","9.2411","994.33610040429"
"53.72768","9.24112","994.34181371133"
"53.7279","9.24129","994.368711735754"
"53.72818","9.24157","994.404887017959"
"53.72868","9.2422","994.474231784508"
"53.72909","9.24289","994.538564977364"
"53.74096","9.26648","996.575618612044"
"53.74175","9.26831","996.724616291343"
"53.74234","9.27011","996.859954068463"
"53.74362","9.27478","997.198439299663"
"53.74509","9.28395","997.823214705263"
"53.74509","9.28403","997.828475370645"
"53.74613","9.29087","998.292885188202"
"53.74666","9.29747","998.730859711536"
"53.74661","9.29848","998.797505478315"
"53.74619","9.30122","998.983631984024"
"53.74821","9.30142","999.208630398214"
"53.74821","9.30149","999.213233138625"
"53.75042","9.30172","999.459438818286"
"53.75048","9.30174","999.466238872948"
"53.75136","9.30183","999.56426916896"
"53.75144","9.30182","999.573189027743"
"53.75256","9.30196","999.698067041019"
"53.75294","9.30204","999.740647213889"
"53.75336","9.30225","999.789347180247"
"53.75489","9.30323","999.971266808434"
"53.75497","9.30326","999.980378422613"
"53.75531","9.30348","1000.020856855"
"53.75556","9.30357","1000.04927828885"
"53.75594","9.30363","1000.09171607479"
"53.75643","9.30363","1000.14620158885"
"53.7566","9.30357","1000.16551187383"
"53.75703","9.30329","1000.21674649008"
"53.75747","9.30285","1000.2735831235"
"53.75794","9.30218","1000.34192948227"
"53.75907","9.30017","1000.52426669511"
"53.75923","9.30001","1000.54493431965"
"53.75944","9.29988","1000.56979985488"
"53.75963","9.29981","1000.59142219175"
"53.76157","9.29939","1000.80889987257"
"53.76333","9.29927","1001.00476183508"
"53.76606","9.2985","1001.31251397374"
"53.76741","9.29792","1001.4673916861"
"53.76871","9.31001","1002.27501687183"
"53.769","9.31136","1002.36941867346"
"53.76917","9.31187","1002.40789928258"
"53.76964","9.31257","1002.47752442992"
"53.76968","9.31261","1002.48269100118"
"53.77085","9.31435","1002.65590080575"
"53.77183","9.31565","1002.7943687792"
"53.77186","9.31573","1002.80059511382"
"53.77252","9.31666","1002.8960992157"
"53.77274","9.31711","1002.93447794256"
"53.77309","9.3182","1003.01599699"
"53.77315","9.31851","1003.03743314195"
"53.77314","9.31873","1003.0519330096"
"53.77318","9.31867","1003.05787683547"
"53.77336","9.31872","1003.07815982322"
"53.77372","9.31889","1003.11971958398"
"53.77795","9.32192","1003.63047877648"
"53.77825","9.32217","1003.66766241891"
"53.77833","9.32218","1003.67658224667"
"53.77855","9.32239","1003.70466828104"
"53.77859","9.3225","1003.71315484839"
"53.77875","9.32268","1003.7345184893"
"53.78029","9.32483","1003.95650691987"
"53.78058","9.32513","1003.99430054474"
"53.78107","9.3255","1004.05396327627"
"53.78159","9.32572","1004.11356393155"
"53.782","9.32577","1004.15927205235"
"53.78211","9.32583","1004.17212303482"
"53.78283","9.32577","1004.25228037049"
"53.78312","9.32588","1004.28532680109"
"53.7832","9.32597","1004.2960082713"
"53.78328","9.32612","1004.30928413198"
"53.78334","9.32685","1004.35770585479"
"53.78731","9.34202","1005.44769699207"
"53.78733","9.34218","1005.45844043968"
"53.78744","9.3426","1005.48862079919"
"53.7875","9.34272","1005.49894813162"
"53.7877","9.34355","1005.55783325406"
"53.78785","9.34495","1005.65130157944"
"53.78789","9.34507","1005.66035276648"
"53.78926","9.35723","1006.47354243616"
"53.78933","9.35922","1006.60449530912"
"53.78907","9.36585","1007.04097366496"
"53.78909","9.36647","1007.08176179876"
"53.78918","9.36705","1007.12115403456"
"53.78934","9.36753","1007.1573578728"
"53.78963","9.36805","1007.20433255021"
"53.79087","9.37065","1007.42383162627"
"53.80092","9.38762","1009.0021504426"
"53.80097","9.38785","1009.01824549427"
"53.80101","9.38826","1009.04553542113"
"53.80101","9.38865","1009.07114702226"
"53.80028","9.39311","1009.37508114352"
"53.8","9.39378","1009.42898282342"
"53.79986","9.39399","1009.44978037581"
"53.79959","9.3943","1009.48605473893"
"53.79314","9.39873","1010.26003171505"
"53.79285","9.39913","1010.3016265039"
"53.79264","9.39959","1010.33981266242"
"53.79254","9.40001","1010.36955657208"
"53.79249","9.40041","1010.39641200769"
"53.79247","9.40127","1010.45294411927"
"53.79254","9.40189","1010.49440543159"
"53.7926","9.40211","1010.51032170712"
"53.79279","9.40254","1010.54559318219"
"53.79287","9.40264","1010.55665098145"
"53.79295","9.40271","1010.56666455953"
"53.79313","9.40282","1010.58794381247"
"53.79322","9.40285","1010.59814350661"
"53.79343","9.40288","1010.62157743404"
"53.79447","9.40289","1010.737222023"
"53.79474","9.403","1010.76810174668"
"53.79479","9.40309","1010.776216773"
"53.79542","9.40336","1010.8484793226"
"53.79592","9.4034","1010.90413882247"
"53.79599","9.40337","1010.91216798485"
"53.79609","9.40339","1010.92336479628"
"53.79646","9.4036","1010.96675725075"
"53.79687","9.404","1011.01937481294"
"53.79731","9.40456","1011.0805829068"
"53.79766","9.40514","1011.13504066721"
"53.79806","9.406","1011.20693228888"
"53.79833","9.40678","1011.26630843781"
"53.79882","9.40916","1011.43183814756"
"53.79911","9.41003","1011.49744608935"
"53.79934","9.41048","1011.53652879818"
"53.79961","9.41087","1011.57599220478"
"53.80002","9.41127","1011.62860878181"
"53.80119","9.41208","1011.76916158622"
"53.80138","9.41225","1011.79305689145"
"53.80143","9.41237","1011.80270115264"
"53.80158","9.41253","1011.82241404829"
"53.80206","9.41325","1011.893718529"
"53.80265","9.41441","1011.99425084667"
"53.8027","9.41446","1012.000707746"
"53.80324","9.41546","1012.08968909489"
"53.80351","9.4158","1012.12710359028"
"53.80391","9.4161","1012.17574902602"
"53.80426","9.4162","1012.21521734703"
"53.80432","9.4162","1012.22188904263"
"53.80489","9.41631","1012.28568041349"
"53.80504","9.41636","1012.3026797254"
"53.8054","9.41661","1012.34594520032"
"53.80584","9.41712","1012.40523436004"
"53.80664","9.41835","1012.52538485172"
"53.80869","9.42185","1012.8490733098"
"53.81126","9.42589","1013.23897624558"
"53.81131","9.426","1013.24809042553"
"53.81147","9.4262","1013.27020257135"
"53.81214","9.42681","1013.3547853741"
"53.81215","9.42671","1013.3614442052"
"53.81244","9.4256","1013.44113482711"
"53.81255","9.42534","1013.46213443769"
"53.81324","9.42616","1013.55586186795"
"53.81393","9.42681","1013.64365509547"
"53.81429","9.42721","1013.69153001316"
"53.81465","9.42769","1013.74247519529"
"53.81503","9.4283","1013.80069104657"
"53.81517","9.42846","1013.81947056117"
"53.81547","9.42896","1013.86627029215"
"53.81582","9.42992","1013.94034047921"
"53.81654","9.43288","1014.1505024142"
"53.81669","9.43327","1014.18105831295"
"53.81722","9.4343","1014.27075193953"
"53.81722","9.43432","1014.27206484719"
"53.81768","9.43569","1014.37552670178"
"53.81773","9.43573","1014.38167532161"
"53.818","9.43569","1014.41181255801"
"53.81842","9.43551","1014.45998599299"
"53.81844","9.43549","1014.46256850178"
"53.81886","9.43525","1014.51185606883"
"53.81911","9.43522","1014.53972446563"
"53.81921","9.43526","1014.55114976146"
"53.8193","9.43525","1014.56117881"
"53.81935","9.43526","1014.56677717294"
"53.81953","9.43525","1014.58680302087"
"53.82032","9.43499","1014.67628955123"
"53.82035","9.43499","1014.67962539903"
"53.82045","9.43507","1014.69192249446"
"53.8205","9.43514","1014.69913520194"
"53.8199","9.43731","1014.85642603426"
"53.8198","9.43922","1014.98229297506"
"53.81979","9.43923","1014.98358421859"
"53.81979","9.43944","1014.9973689036"
"53.81996","9.44038","1015.06190229063"
"53.81997","9.44086","1015.09342962548"
"53.81971","9.44315","1015.24650309647"
"53.81967","9.44397","1015.30051259219"
"53.81969","9.4444","1015.32882592416"
"53.81983","9.44528","1015.38865125776"
"53.82016","9.4462","1015.45931522196"
"53.8208","9.4474","1015.56547016597"
"53.82092","9.44778","1015.59375803031"
"53.82092","9.44786","1015.59900919728"
"53.82101","9.44823","1015.62527687496"
"53.82109","9.44838","1015.63854614358"
"53.82128","9.44858","1015.66341965738"
"53.82134","9.4486","1015.67021928327"
"53.8217","9.44885","1015.71348233677"
"53.82191","9.4491","1015.74202247488"
"53.82371","9.45194","1016.01553357047"
"53.82371","9.45195","1016.01618992263"
"53.82419","9.45281","1016.09387443934"
"53.82467","9.45408","1016.1928534381"
"53.82506","9.45564","1016.3040466839"
"53.82511","9.45574","1016.31264829817"
"53.82622","9.45959","1016.59386559359"
"53.82646","9.46077","1016.67577935882"
"53.82715","9.46313","1016.84862853746"
"53.82862","9.46993","1017.32389626537"
"53.82895","9.47088","1017.39623909584"
"53.83052","9.47422","1017.67645524563"
"53.83055","9.47426","1017.68070005489"
"53.83155","9.47635","1017.8572656611"
"53.83176","9.47665","1017.88780804895"
"53.83201","9.47693","1017.92113046555"
"53.83211","9.47698","1017.93272394556"
"53.83215","9.47703","1017.9382510175"
"53.83223","9.47708","1017.94773243035"
"53.83337","9.47752","1018.07774136415"
"53.83338","9.47753","1018.07903249954"
"53.8334","9.47765","1018.08721491953"
"53.83348","9.47769","1018.09648967906"
"53.83657","9.47869","1018.44629153667"
"53.83684","9.47882","1018.47750240104"
"53.83713","9.47902","1018.51231689073"
"53.8374","9.47927","1018.54652848192"
"53.83837","9.48054","1018.68282676976"
"53.83872","9.48089","1018.72801506752"
"53.83913","9.48119","1018.7776726709"
"53.8405","9.48201","1018.9392308239"
"53.84099","9.48236","1018.99835755137"
"53.84095","9.48266","1019.01853629841"
"53.84096","9.4831","1019.04742531323"
"53.84102","9.48345","1019.07133773701"
"53.84112","9.48378","1019.09567687395"
"53.84134","9.48421","1019.13301736656"
"53.8415","9.48439","1019.15437121863"
"53.84174","9.48456","1019.18329488704"
"53.84306","9.48517","1019.33543017779"
"53.84428","9.48561","1019.47412506677"
"53.84666","9.48627","1019.74228735919"
"53.84729","9.48634","1019.81249050007"
"53.84773","9.48633","1019.86142066516"
"53.84793","9.4863","1019.88374655122"
"53.84904","9.48625","1020.00721648958"
"53.85795","9.48487","1021.00208918097"
"53.85796","9.48488","1021.00338012065"
"53.85811","9.48484","1021.02026438825"
"53.85819","9.48487","1021.02937495385"
"53.85891","9.48477","1021.10970345051"
"53.85907","9.48477","1021.12749463877"
"53.85914","9.48472","1021.13594075553"
"53.85986","9.48474","1021.21601184544"
"53.86013","9.48472","1021.24606311052"
"53.86016","9.4847","1021.24964753192"
"53.86647","9.48377","1021.95393270301"
"53.86649","9.48376","1021.95625124642"
"53.87032","9.48316","1022.38394087389"
"53.87047","9.4831","1022.40107771125"
"53.87053","9.48302","1022.40956423232"
"53.87127","9.48237","1022.50222879058"
"53.87216","9.48209","1022.6028803843"
"53.87221","9.4821","1022.60847865018"
"53.87966","9.48007","1023.4475011337"
"53.88033","9.47973","1023.5252636221"
"53.88077","9.47956","1023.57544224025"
"53.88126","9.47944","1023.63049254939"
"53.88153","9.48031","1023.69493705103"
"53.88155","9.48043","1023.70311075681"
"53.88301","9.47994","1023.86860160942"
"53.88309","9.47994","1023.87749720355"
"53.88312","9.47993","1023.88089682966"
"53.88316","9.48003","1023.88881772243"
"53.88351","9.48036","1023.9333422388"
"53.88553","9.48194","1024.18067718506"
"53.88563","9.48199","1024.19226947881"
"53.8857","9.48207","1024.20165429092"
"53.88583","9.48217","1024.21752593598"
"53.88588","9.48227","1024.22612028548"
"53.88726","9.4834","1024.39650501678"
"53.88743","9.48351","1024.41673610428"
"53.88766","9.48375","1024.44676036071"
"53.88798","9.48402","1024.48649946776"
"53.88799","9.48402","1024.48761141702"
"53.88814","9.48416","1024.50664754472"
"53.88815","9.48416","1024.50775949399"
"53.8883","9.4843","1024.52679560476"
"53.88831","9.4843","1024.52790755402"
"53.88832","9.48432","1024.5296263651"
"53.8891","9.485","1024.62713677173"
"53.88911","9.485","1024.62824872099"
"53.89036","9.48615","1024.7863581548"
"53.89036","9.48616","1024.78701346241"
"53.8931","9.48864","1025.13231929617"
"53.89498","9.49048","1025.37364185982"
"53.89513","9.49059","1025.39181178376"
"53.8953","9.49068","1025.41161340493"
"53.8953","9.49069","1025.41226863508"
"53.8959","9.49101","1025.48220272046"
"53.89729","9.49194","1025.64834152356"
"53.89981","9.49335","1025.94338802617"
"53.9","9.49342","1025.96500709224"
"53.90107","9.49359","1026.0845058151"
"53.90158","9.49379","1026.14270923923"
"53.90155","9.49449","1026.18868963982"
"53.90183","9.49472","1026.22327874693"
"53.90214","9.4951","1026.26579885463"
"53.90469","9.49926","1026.65907689651"
"53.90499","9.49961","1026.69955495187"
"53.90829","9.50294","1027.12643796865"
"53.90892","9.50364","1027.21016225387"
"53.91025","9.50481","1027.37672835023"
"53.91045","9.50504","1027.40358952369"
"53.91073","9.50547","1027.4455729249"
"53.9111","9.50638","1027.51799716614"
"53.91115","9.50664","1027.53591128727"
"53.91124","9.50764","1027.60216949956"
"53.91128","9.50779","1027.61295409938"
"53.91135","9.50791","1027.62401577959"
"53.91142","9.50799","1027.63339878956"
"53.91144","9.50794","1027.63735740086"
"53.91145","9.50793","1027.63864791471"
"53.91145","9.50791","1027.63995786851"
"53.91147","9.50788","1027.64292547285"
"53.91151","9.50785","1027.64778796644"
"53.91152","9.50785","1027.64889991571"
"53.91155","9.50783","1027.65248374781"
"53.91159","9.50783","1027.65693154487"
"53.91166","9.50786","1027.66495937445"
"53.91171","9.50792","1027.6717677822"
"53.91175","9.50802","1027.67968496587"
"53.91175","9.50804","1027.68099491026"
"53.91195","9.50796","1027.7038428337"
"53.91222","9.50764","1027.74045752443"
"53.91231","9.50783","1027.75642661899"
"53.91231","9.50784","1027.7570815824"
"53.91268","9.50858","1027.82065619919"
"53.91293","9.50892","1027.85627438583"
"53.91314","9.50912","1027.88304845943"
"53.91334","9.50937","1027.91066496168"
"53.91351","9.50965","1027.93700179279"
"53.91471","9.51225","1028.15333708594"
"53.91468","9.51224","1028.15673661658"
"53.91464","9.51231","1028.16312413641"
"53.91484","9.51265","1028.19459495231"
"53.91498","9.51259","1028.2106505358"
"53.91523","9.51408","1028.31211587301"
"53.91525","9.51409","1028.31443420033"
"53.91547","9.51505","1028.38189758235"
"53.91553","9.5152","1028.39377262416"
"53.91558","9.51543","1028.40982891216"
"53.91569","9.51542","1028.42207787458"
"53.91573","9.51552","1028.42999454188"
"53.91589","9.51568","1028.45064220767"
"53.91589","9.51589","1028.46439526022"
"53.91628","9.51587","1028.50778105754"
"53.91654","9.51582","1028.53687658629"
"53.91741","9.51541","1028.6372732839"
"53.91756","9.5153","1028.65544167335"
"53.91769","9.51526","1028.6701324444"
"53.91783","9.51512","1028.68819893468"
"53.91785","9.51508","1028.69163514482"
"53.91789","9.51505","1028.69649751712"
"53.91808","9.51477","1028.72447211766"
"53.91819","9.51466","1028.73866718433"
"53.91845","9.51429","1028.77638890298"
"53.91855","9.51424","1028.78798046736"
"53.91861","9.51424","1028.79465216296"
"53.91862","9.51425","1028.79594261974"
"53.91864","9.51425","1028.79816651828"
"53.91864","9.51426","1028.79882138241"
"53.91865","9.51426","1028.79993333168"
"53.91867","9.51428","1028.80251424453"
"53.91868","9.51428","1028.8036261938"
"53.91876","9.51437","1028.81429709214"
"53.91885","9.51467","1028.83634499914"
"53.91888","9.5147","1028.84021636353"
"53.91902","9.5153","1028.88247943133"
"53.91953","9.51515","1028.94003327676"
"53.92025","9.51508","1029.02022474412"
"53.92067","9.51513","1029.06704124577"
"53.92072","9.51581","1029.111915562"
"53.92103","9.51662","1029.17517356154"
"53.92168","9.51762","1029.27270219476"
"53.92175","9.51768","1029.28142121687"
"53.92177","9.51771","1029.28438850034"
"53.92207","9.51794","1029.32098921742"
"53.92233","9.51808","1029.35131852926"
"53.92245","9.5182","1029.36680365013"
"53.92259","9.5184","1029.38714689081"
"53.9228","9.51885","1029.42474360221"
"53.92283","9.51882","1029.42861487229"
"53.92287","9.51881","1029.43311061019"
"53.92364","9.52082","1029.59012277309"
"53.92383","9.52121","1029.62326592924"
"53.92441","9.52195","1029.70393255417"
"53.92503","9.5231","1029.80602413903"
"53.92546","9.52404","1029.88396164451"
"53.9256","9.52428","1029.90608120322"
"53.92593","9.52468","1029.95116329082"
"53.92654","9.52521","1030.02735353599"
"53.92663","9.52533","1030.04007679801"
"53.92668","9.52549","1030.05193653964"
"53.92672","9.52549","1030.05638433671"
"53.92677","9.52553","1030.06253003992"
"53.92917","9.52832","1030.38592669873"
"53.92988","9.52944","1030.49367409767"
"53.93039","9.53052","1030.58431225272"
"53.9305","9.53087","1030.61028625393"
"53.93056","9.53098","1030.62010320156"
"53.93083","9.53175","1030.67877622962"
"53.93086","9.53191","1030.68976934295"
"53.93094","9.53213","1030.70669777085"
"53.93095","9.53226","1030.71528082763"
"53.93128","9.53315","1030.78413822473"
"53.93132","9.53332","1030.79612340462"
"53.93259","9.53664","1031.05531732251"
"53.93296","9.5374","1031.11987750916"
"53.93349","9.53812","1031.19534091164"
"53.93384","9.53842","1031.23893348844"
"53.93406","9.53856","1031.26505675522"
"53.93431","9.53867","1031.29377297602"
"53.93453","9.53873","1031.31854916441"
"53.93472","9.53875","1031.33971672751"
"53.93477","9.53878","1031.34561311838"
"53.93562","9.53869","1031.44031224339"
"53.93747","9.53838","1031.64702127899"
"53.93756","9.53832","1031.6577718818"
"53.93902","9.53807","1031.82093910884"
"53.9393","9.53805","1031.85210119703"
"53.93989","9.53793","1031.91817470836"
"53.94054","9.53786","1031.99059648332"
"53.94079","9.53787","1032.01840291921"
"53.94109","9.53792","1032.0519215376"
"53.94117","9.53788","1032.0611943881"
"53.94147","9.53801","1032.09562089642"
"53.94195","9.53835","1032.15344767925"
"53.94213","9.53855","1032.17736316085"
"53.94221","9.53858","1032.18647287372"
"53.94225","9.53861","1032.19133478294"
"53.94267","9.53924","1032.25363419384"
"53.94495","9.5436","1032.63533887993"
"53.94557","9.54451","1032.72644099838"
"53.94568","9.54462","1032.74063365838"
"53.94681","9.54608","1032.89848551004"
"53.95325","9.55531","1033.83528350734"
"53.95614","9.55846","1034.21705154897"
"53.95671","9.55897","1034.28867959897"
"53.95702","9.55917","1034.32555011756"
"53.95706","9.55921","1034.33071072147"
"53.96296","9.56266","1035.02450037223"
"53.96354","9.56319","1035.09772203742"
"53.96533","9.56508","1035.33203324158"
"53.96534","9.56508","1035.33314519084"
"53.97033","9.5702","1035.98124042157"
"53.97066","9.57059","1036.02592968359"
"53.97071","9.57062","1036.0318255112"
"53.97197","9.57197","1036.1974322566"
"53.9724","9.57264","1036.26228840043"
"53.97243","9.57274","1036.26963020879"
"53.97252","9.57287","1036.28276182074"
"53.97263","9.5731","1036.30214950549"
"53.9727","9.57318","1036.31152822243"
"53.97286","9.5736","1036.34425514218"
"53.97288","9.57373","1036.35304335369"
"53.97344","9.57554","1036.48679770138"
"53.97348","9.57552","1036.49143384026"
"53.97352","9.57572","1036.5052494498"
"53.97378","9.57633","1036.55451773268"
"53.97421","9.57703","1036.62071396748"
"53.97459","9.57748","1036.67220671501"
"53.97498","9.57776","1036.7192803163"
"53.9751","9.57782","1036.73318869096"
"53.97675","9.57832","1036.9195512817"
"53.9768","9.57835","1036.92544701388"
"53.97723","9.57849","1036.97412945727"
"53.97731","9.5785","1036.9830490558"
"53.98243","9.58006","1037.56143373283"
"53.98248","9.5801","1037.56757794675"
"53.98261","9.5801","1037.58203328721"
"53.98324","9.58027","1037.6529624815"
"53.98332","9.58025","1037.66195368129"
"53.98368","9.58037","1037.7027455552"
"53.98376","9.58043","1037.71246779657"
"53.98394","9.58049","1037.73286372718"
"53.98406","9.58047","1037.74627104265"
"53.98504","9.58081","1037.85748645322"
"53.98511","9.58089","1037.86686430088"
"54.00155","9.58599","1039.72505999506"
"54.00161","9.58603","1039.7322255953"
"54.00252","9.58625","1039.83442940846"
"54.00261","9.58622","1039.84462720426"
"54.00289","9.58632","1039.8764403154"
"54.00292","9.58638","1039.88158852741"
"54.0033","9.58648","1039.92434502253"
"54.00443","9.58688","1040.05268576061"
"54.00448","9.58691","1040.05858105913"
"54.00455","9.58691","1040.06636470399"
"54.02227","9.59244","1042.06959318217"
"54.02232","9.59244","1042.0751529285"
"54.02255","9.59251","1042.10113332836"
"54.02344","9.59293","1042.20382937597"
"54.02388","9.59322","1042.25629439125"
"54.02675","9.59545","1042.60709465381"
"54.02728","9.59594","1042.67415771987"
"54.02803","9.59679","1042.77434342326"
"54.02946","9.59864","1042.97405248088"
"54.02947","9.59864","1042.97516443014"
"54.03294","9.60305","1043.45665234828"
"54.03302","9.60309","1043.46592357206"
"54.03356","9.60378","1043.54099665772"
"54.03357","9.60385","1043.54570137126"
"54.04043","9.61267","1044.50151504182"
"54.04049","9.61272","1044.5089427049"
"54.0488","9.62345","1045.66851034923"
"54.04884","9.62354","1045.67587940994"
"54.04934","9.62419","1045.74581969139"
"54.04935","9.62422","1045.74807178093"
"54.05545","9.63212","1046.60013157186"
"54.05586","9.63255","1046.6536682765"
"54.05638","9.633","1046.71852203973"
"54.05696","9.63336","1046.78716217594"
"54.05761","9.63367","1046.86221754753"
"54.05766","9.63368","1046.86781547333"
"54.05991","9.63474","1047.12739307502"
"54.06","9.63476","1047.13748538448"
"54.06013","9.63482","1047.15246172772"
"54.06011","9.63494","1047.1606030739"
"54.06408","9.63682","1047.6187796538"
"54.06434","9.63703","1047.65077389305"
"54.06613","9.63926","1047.89733624651"
"54.06619","9.63931","1047.90476302242"
"54.07008","9.64414","1048.43995221477"
"54.07025","9.64443","1048.46669868042"
"54.07272","9.64949","1048.89615239941"
"54.07323","9.6502","1048.96937676151"
"54.07351","9.65049","1049.00580959808"
"54.07393","9.65077","1049.0559572325"
"54.07442","9.65095","1049.11169396533"
"54.07523","9.65107","1049.2021014721"
"54.07528","9.65111","1049.20824320648"
"54.07536","9.65113","1049.21723398621"
"54.07543","9.65112","1049.22504492451"
"54.07636","9.65127","1049.32891820108"
"54.07696","9.65132","1049.39571485004"
"54.07743","9.6513","1049.44799275004"
"54.07879","9.65108","1049.5998973543"
"54.07931","9.65109","1049.65772239594"
"54.07933","9.65108","1049.66003999685"
"54.07935","9.65108","1049.66226389538"
"54.07948","9.65102","1049.67723976168"
"54.07951","9.65099","1049.68110729211"
"54.08142","9.65066","1049.8945777658"
"54.08738","9.64919","1050.56419973233"
"54.08766","9.64916","1050.59539573317"
"54.08766","9.64906","1050.60191783606"
"54.091","9.64881","1050.97366661648"
"54.09103","9.64877","1050.97790133396"
"54.09116","9.64877","1050.99235667442"
"54.09127","9.64881","1051.00486319503"
"54.09484","9.64858","1051.40211233967"
"54.09502","9.64861","1051.42222280367"
"54.09546","9.64876","1051.47211675009"
"54.09645","9.64933","1051.58830523204"
"54.09669","9.64941","1051.61549708509"
"54.09688","9.64944","1051.63671449241"
"54.09694","9.64947","1051.6436670617"
"54.09698","9.64947","1051.64811485877"
"54.09721","9.64957","1051.6745078611"
"54.09727","9.64951","1051.68224207527"
"54.0973","9.64951","1051.68557792307"
"54.09731","9.6495","1051.68686695825"
"54.09733","9.6495","1051.68909085678"
"54.09742","9.64955","1051.69961608371"
"54.09747","9.64964","1051.70770002885"
"54.09747","9.64966","1051.70900414102"
"54.09748","9.64968","1051.71071794944"
"54.09748","9.6497","1051.71202206129"
"54.09749","9.64971","1051.71331109504"
"54.0975","9.64977","1051.71737837788"
"54.09769","9.6499","1051.74014251976"
"54.1011","9.65025","1052.12000334515"
"54.10148","9.65036","1052.1628617582"
"54.10178","9.6505","1052.19744652447"
"54.1031","9.65139","1052.35527743966"
"54.10343","9.65156","1052.39360908984"
"54.10347","9.6516","1052.39876503509"
"54.10422","9.65196","1052.48540097184"
"54.10697","9.65302","1052.79889822246"
"54.10962","9.65419","1053.10327560521"
"54.11004","9.65433","1053.15086078824"
"54.11043","9.65441","1053.19453923144"
"54.11069","9.65442","1053.22345726008"
"54.11102","9.65435","1053.26043419587"
"54.11259","9.65385","1053.43802642584"
"54.11284","9.65383","1053.46585570791"
"54.11435","9.65314","1053.63967907158"
"54.11737","9.65143","1053.99349971854"
"54.11752","9.65137","1054.01063122898"
"54.1177","9.65134","1054.03074158895"
"54.11789","9.65134","1054.05186862501"
"54.11958","9.65174","1054.24158761896"
"54.11992","9.65179","1054.27953406075"
"54.12025","9.65178","1054.31623417327"
"54.12058","9.6517","1054.35329702234"
"54.12094","9.65155","1054.39450348104"
"54.12101","9.6515","1054.40294163906"
"54.12142","9.65132","1054.45001647833"
"54.12149","9.65131","1054.45782735618"
"54.12163","9.65133","1054.47344911162"
"54.12392","9.65054","1054.73323744925"
"54.12392","9.65053","1054.73388908946"
"54.12394","9.65053","1054.736112988"
"54.12609","9.64976","1054.98039061404"
"54.1261","9.64986","1054.98700086903"
"54.12613","9.64984","1054.99058224314"
"54.13279","9.64745","1055.74733554071"
"54.13327","9.64723","1055.80260008979"
"54.13604","9.64565","1056.12735418572"
"54.13609","9.64564","1056.13295196791"
"54.13743","9.64487","1056.29016983828"
"54.13743","9.64486","1056.29082126603"
"54.14028","9.64322","1056.62524894478"
"54.14057","9.64296","1056.66167233305"
"54.14085","9.64265","1056.69878170648"
"54.141","9.64244","1056.72035269067"
"54.14132","9.64187","1056.77177833316"
"54.14151","9.64145","1056.80634385533"
"54.14247","9.63815","1057.04633838192"
"54.14269","9.63754","1057.09299753493"
"54.14302","9.63689","1057.14902357276"
"54.14302","9.63688","1057.14967491258"
"54.1473","9.62995","1057.80558336598"
"54.14835","9.62869","1057.94829069432"
"54.14843","9.62864","1057.95776354677"
"54.14897","9.62801","1058.0304876426"
"54.149","9.62793","1058.03667405085"
"54.14983","9.62696","1058.14851433536"
"54.15005","9.62676","1058.17622847256"
"54.15047","9.6265","1058.22590495553"
"54.15084","9.62637","1058.26790906246"
"54.15118","9.62632","1058.30585529324"
"54.15543","9.62684","1058.77964529429"
"54.15543","9.62685","1058.7802964389"
"54.15631","9.62696","1058.87840976422"
"54.15659","9.62703","1058.90987619856"
"54.15687","9.62714","1058.94182399225"
"54.15817","9.62792","1059.09503945242"
"54.15868","9.62816","1059.1538624069"
"54.15922","9.62833","1059.21491930958"
"54.16141","9.62874","1059.45989488631"
"54.16184","9.6289","1059.50883025193"
"54.16768","9.63176","1060.1843724524"
"54.16773","9.63183","1060.19156091076"
"54.16838","9.63214","1060.2666017455"
"54.16843","9.63213","1060.2721994685"
"54.16936","9.63256","1060.37933181377"
"54.16952","9.63261","1060.39741824342"
"54.16981","9.63265","1060.429769716"
"54.17369","9.63263","1060.86120799531"
"54.17388","9.63265","1060.88237509492"
"54.17509","9.63264","1061.01692253033"
"54.17535","9.63261","1061.04589906785"
"54.17541","9.63263","1061.05269655597"
"54.17596","9.63265","1061.11386761604"
"54.17615","9.63268","1061.13508467885"
"54.17644","9.63277","1061.16785886272"
"54.17664","9.63286","1061.19085626639"
"54.17896","9.6343","1061.46532304325"
"54.17902","9.63423","1061.47340161678"
"54.18052","9.63516","1061.65083462552"
"54.18059","9.63522","1061.6595426801"
"54.18065","9.63524","1061.66634013664"
"54.18204","9.63611","1061.83094342871"
"54.18212","9.63613","1061.83993372173"
"54.18227","9.63623","1061.8578373839"
"54.18231","9.63628","1061.86334818025"
"54.18254","9.63642","1061.89049713258"
"54.18276","9.6365","1061.91550777668"
"54.18353","9.63698","1062.00664703152"
"54.1836","9.63709","1062.0172214393"
"54.18424","9.6375","1062.09322253864"
"54.18433","9.6375","1062.10323008204"
"54.18482","9.63777","1062.16047800109"
"54.18489","9.63787","1062.17062313712"
"54.18492","9.63789","1062.17420383855"
"54.18496","9.63794","1062.1797145118"
"54.19684","9.64537","1063.58637420844"
"54.19695","9.6454","1063.59876034714"
"54.19728","9.64562","1063.63814652658"
"54.19731","9.64568","1063.64328078661"
"54.2065","9.65255","1064.75858437453"
"54.20656","9.65255","1064.76525607013"
"54.20683","9.65275","1064.79797508696"
"54.20691","9.65286","1064.80939028833"
"54.21305","9.65749","1065.55556739308"
"54.21349","9.65778","1065.60800125164"
"54.22003","9.66147","1066.373769611"
"54.22108","9.6622","1066.49980129464"
"54.22177","9.66284","1066.58708114991"
"54.22181","9.66256","1066.60581948113"
"54.22179","9.66231","1066.62222342994"
"54.22183","9.66228","1066.62708003038"
"54.22189","9.66228","1066.63375172598"
"54.22655","9.66333","1067.15639634524"
"54.2266","9.66333","1067.16195609158"
"54.22909","9.66395","1067.4417490212"
"54.22925","9.66395","1067.45954020946"
"54.23078","9.66362","1067.63101521735"
"54.231","9.66355","1067.65589758951"
"54.23124","9.66351","1067.68271070913"
"54.23135","9.66353","1067.69501103086"
"54.23207","9.6639","1067.77860506224"
"54.23228","9.66398","1067.80252787312"
"54.23227","9.66406","1067.8078449244"
"54.23265","9.66531","1067.89941780445"
"54.23265","9.66546","1067.90916674284"
"54.23271","9.66549","1067.91611751177"
"54.23278","9.66549","1067.92390115663"
"54.23286","9.66556","1067.93389262381"
"54.23322","9.6662","1067.99162099867"
"54.23324","9.66622","1067.99419690806"
"54.23345","9.66667","1068.03162167976"
"54.23352","9.66676","1068.04135814683"
"54.23405","9.6672","1068.10686289527"
"54.23438","9.66735","1068.14483009345"
"54.23442","9.6674","1068.15033846918"
"54.23448","9.66755","1068.1621513872"
"54.23471","9.6686","1068.23502580904"
"54.23476","9.6686","1068.24058555537"
"54.23518","9.66851","1068.28765227171"
"54.23645","9.66846","1068.4289072077"
"54.23715","9.66833","1068.50720079195"
"54.23748","9.6682","1068.54485506608"
"54.2385","9.66759","1068.66500165722"
"54.23863","9.66749","1068.68085049191"
"54.24109","9.66601","1068.97080404181"
"54.2416","9.66582","1069.02884180984"
"54.24218","9.6658","1069.09334795943"
"54.24561","9.6659","1069.47480189982"
"54.24566","9.66589","1069.48039948157"
"54.24742","9.66596","1069.67615539086"
"54.24793","9.66594","1069.73287968793"
"54.24966","9.66602","1069.92531711019"
"54.25029","9.666","1069.99538196251"
"54.25057","9.66596","1070.02662479759"
"54.25112","9.66599","1070.08781305311"
"54.25142","9.66607","1070.12157394434"
"54.25163","9.6662","1070.14640513063"
"54.25196","9.66652","1070.1885787966"
"54.25279","9.66763","1070.30569962866"
"54.25298","9.66783","1070.33050183013"
"54.25315","9.66797","1070.35147892915"
"54.25334","9.66807","1070.37358210318"
"54.25392","9.6682","1070.43862569507"
"54.25513","9.66825","1070.57321075288"
"54.25515","9.66824","1070.57552757665"
"54.25696","9.66814","1070.776895187"
"54.25766","9.66802","1070.85512092967"
"54.25799","9.66792","1070.89238569617"
"54.26055","9.6669","1071.18465238605"
"54.26122","9.66669","1071.26039119134"
"54.26214","9.66653","1071.36321695556"
"54.26295","9.66651","1071.45329421184"
"54.2684","9.66708","1072.06043602094"
"54.27065","9.66704","1072.31063808826"
"54.27102","9.66696","1072.3521068521"
"54.27118","9.66689","1072.37046947218"
"54.27387","9.6653","1072.6868990271"
"54.27425","9.66513","1072.73057095884"
"54.27463","9.66502","1072.77342436596"
"54.27973","9.66432","1073.34233655755"
"54.28052","9.66426","1073.43026686321"
"54.28437","9.66375","1073.85964553439"
"54.28442","9.66371","1073.86578168676"
"54.28552","9.66361","1073.98826822035"
"54.28556","9.66358","1073.99312361224"
"54.2862","9.66347","1074.06464564835"
"54.28625","9.66353","1074.07143372625"
"54.28665","9.66347","1074.11608187212"
"54.28669","9.66343","1074.12123199258"
"54.28826","9.66325","1074.29619852839"
"54.28886","9.66314","1074.36329640582"
"54.28897","9.66314","1074.37552784775"
"54.28914","9.66328","1074.39650150649"
"54.28943","9.66402","1074.45435130224"
"54.28951","9.6641","1074.46465136522"
"54.2897","9.66445","1074.49567351573"
"54.28989","9.66465","1074.52046962698"
"54.28997","9.66477","1074.53229289093"
"54.29018","9.66479","1074.55567987616"
"54.29034","9.66471","1074.57421322578"
"54.29036","9.66471","1074.57643712431"
"54.29134","9.66426","1074.68925400974"
"54.29175","9.66401","1074.73764504832"
"54.29181","9.66402","1074.74434823564"
"54.2922","9.66356","1074.79699666628"
"54.29224","9.66349","1074.80335443039"
"54.29235","9.66336","1074.81821339637"
"54.29241","9.66341","1074.82563236987"
"54.29246","9.66343","1074.83134161834"
"54.29368","9.66345","1074.96700563803"
"54.2937","9.66344","1074.96932229159"
"54.29377","9.66344","1074.97710593646"
"54.29381","9.66342","1074.98173924269"
"54.29402","9.66318","1075.00980792804"
"54.29406","9.6631","1075.01664434658"
"54.29417","9.66298","1075.03114447832"
"54.29429","9.66289","1075.04571015975"
"54.29444","9.66267","1075.06766537101"
"54.2946","9.66285","1075.08894861337"
"54.29469","9.66291","1075.09968695341"
"54.29475","9.66293","1075.10648372279"
"54.29482","9.66302","1075.11621497115"
"54.29515","9.66315","1075.15386659721"
"54.29584","9.66365","1075.237169983"
"54.29593","9.66375","1075.24909736067"
"54.29653","9.66464","1075.33733987524"
"54.29672","9.66482","1075.36148087208"
"54.29695","9.66491","1075.38771407167"
"54.29779","9.665","1075.48130021449"
"54.29783","9.66502","1075.48593348523"
"54.2979","9.66509","1075.49494557353"
"54.298","9.66505","1075.50636399144"
"54.29971","9.66508","1075.69651728054"
"54.29971","9.66515","1075.70105939009"
"54.30031","9.66514","1075.76777950134"
"54.30037","9.66515","1075.7744826756"
"54.30038","9.66504","1075.78170625709"
"54.30075","9.66493","1075.82346290328"
"54.30113","9.66487","1075.86589594463"
"54.30131","9.66488","1075.88592154585"
"54.30132","9.66475","1075.8944295392"
"54.30135","9.66466","1075.90115479729"
"54.30168","9.66413","1075.95144455461"
"54.30197","9.66392","1075.9864516449"
"54.30206","9.66376","1076.00087121656"
"54.30206","9.66375","1076.00152005232"
"54.30252","9.66307","1076.06906939996"
"54.30267","9.66292","1076.08838045418"
"54.30269","9.66291","1076.09069706806"
"54.3028","9.66278","1076.10555481851"
"54.30284","9.66269","1076.11289523094"
"54.30297","9.6621","1076.15381411865"
"54.30297","9.66197","1076.16224879702"
"54.30303","9.66197","1076.16892049262"
"54.30329","9.66207","1076.19855027503"
"54.30336","9.66207","1076.20633391989"
"54.30338","9.66205","1076.20890871481"
"54.30351","9.66169","1076.23637724944"
"54.30397","9.66083","1076.31207176894"
"54.30398","9.66083","1076.31318371821"
"54.30419","9.66034","1076.3526293581"
"54.30423","9.6602","1076.36274310599"
"54.30444","9.65995","1076.39117468113"
"54.30487","9.65958","1076.44467627857"
"54.30512","9.65926","1076.47937209332"
"54.30577","9.65857","1076.56438923978"
"54.30604","9.65836","1076.59735860861"
"54.30607","9.65832","1076.60158499935"
"54.30629","9.65813","1076.62897804368"
"54.30643","9.65807","1076.64502462917"
"54.30675","9.65802","1076.68075455919"
"54.3071","9.65802","1076.71967278351"
"54.30724","9.65797","1076.73557443729"
"54.30737","9.65787","1076.75141883456"
"54.30755","9.65753","1076.78120369603"
"54.30756","9.65738","1076.7909982562"
"54.30765","9.65721","1076.80589065817"
"54.30735","9.65522","1076.9392320304"
"54.30733","9.65455","1076.98275530448"
"54.30736","9.65441","1076.99243106346"
"54.30734","9.65421","1077.00559531749"
"54.30767","9.65136","1077.19409509349"
"54.30772","9.65121","1077.2053025514"
"54.30783","9.65041","1077.2586240508"
"54.30784","9.64972","1077.30340124608"
"54.30792","9.64953","1077.31860207617"
"54.30796","9.64936","1077.33049382247"
"54.30807","9.64931","1077.34314806378"
"54.30831","9.64902","1077.37579970527"
"54.30904","9.64839","1077.46668042648"
"54.30968","9.64813","1077.53981666191"
"54.30979","9.64812","1077.55206529459"
"54.31034","9.64793","1077.61445216662"
"54.3105","9.64794","1077.63225517751"
"54.31076","9.648","1077.66142668286"
"54.31106","9.64789","1077.6955398135"
"54.31143","9.64749","1077.7441808894"
"54.31394","9.64427","1078.09278320371"
"54.31406","9.64415","1078.10823096003"
"54.31422","9.64417","1078.12606938325"
"54.31432","9.64421","1078.13748756731"
"54.31436","9.64425","1078.14263680861"
"54.31438","9.64408","1078.15388573987"
"54.31469","9.64325","1078.21781255767"
"54.31479","9.64307","1078.23393580668"
"54.31486","9.64301","1078.24263817944"
"54.31551","9.64212","1078.33513920783"
"54.31571","9.6419","1078.36156261531"
"54.31982","9.63655","1078.93537835746"
"54.31995","9.63643","1078.95179562354"
"54.32182","9.6341","1079.20883817007"
"54.32278","9.63274","1079.34730796885"
"54.32499","9.63","1079.6505588723"
"54.32506","9.62999","1079.65836948339"
"54.32511","9.63012","1079.66846790657"
"54.32516","9.63012","1079.6740276529"
"54.32524","9.63004","1079.68432544547"
"54.32531","9.63006","1079.69221640104"
"54.32542","9.63022","1079.70825569827"
"54.32558","9.63038","1079.72885124529"
"54.32561","9.63048","1079.73614360683"
"54.3258","9.63063","1079.75940226379"
"54.32592","9.63068","1079.77313392855"
"54.3262","9.63073","1079.80443687513"
"54.32715","9.63079","1079.91014368078"
"54.32765","9.63088","1079.96604659636"
"54.32793","9.63098","1079.99784924101"
"54.33108","9.63271","1080.36563699394"
"54.33189","9.62976","1080.57705205603"
"54.33242","9.62824","1080.69187984006"
"54.33264","9.6271","1080.76973543243"
"54.33272","9.62624","1080.82619893186"
"54.33248","9.62516","1080.90113425306"
"54.33248","9.6251","1080.9050243904"
"54.33266","9.62436","1080.95701012607"
"54.33266","9.62421","1080.96673542687"
"54.33263","9.62411","1080.97402680004"
"54.33246","9.62386","1080.99892773173"
"54.33147","9.62187","1081.16853193182"
"54.33149","9.62177","1081.17538644483"
"54.33154","9.62165","1081.18494920043"
"54.33267","9.62023","1081.3407195445"
"54.33408","9.61805","1081.55180739948"
"54.33543","9.61566","1081.76754570355"
"54.33704","9.61228","1082.05050335374"
"54.33788","9.61021","1082.21400304702"
"54.33886","9.60746","1082.42294261173"
"54.34704","9.58162","1084.32890758282"
"54.34711","9.58149","1084.34037826383"
"54.34731","9.58087","1084.38630539146"
"54.34732","9.58087","1084.38741734072"
"54.34737","9.58069","1084.40034060802"
"54.34739","9.5805","1084.41285411334"
"54.34954","9.57384","1084.90627569343"
"54.34956","9.57364","1084.91942683251"
"54.35403","9.55967","1085.95222359421"
"54.35441","9.55876","1086.02476858414"
"54.355","9.55762","1086.12356730042"
"54.35556","9.55679","1086.20584814441"
"54.35565","9.55674","1086.21636709168"
"54.35599","9.55632","1086.26295032966"
"54.35604","9.55619","1086.27304346061"
"54.35679","9.55537","1086.3719281158"
"54.35687","9.55534","1086.38103363101"
"54.35744","9.55491","1086.4502686553"
"54.35748","9.55486","1086.45577131626"
"54.3581","9.55449","1086.5287618218"
"54.35878","9.55415","1086.60751832721"
"54.35882","9.55414","1086.61201307153"
"54.35883","9.55413","1086.61330002857"
"54.36323","9.55222","1087.11796541162"
"54.3633","9.55216","1087.12666573587"
"54.36337","9.55215","1087.13447629682"
"54.36599","9.55102","1087.43486409218"
"54.36602","9.55099","1087.43872479227"
"54.3661","9.55099","1087.4476203864"
"54.37323","9.54793","1088.26484341526"
"54.37329","9.54789","1088.27200051231"
"54.37516","9.54709","1088.48629386696"
"54.37522","9.54698","1088.49605451002"
"54.37589","9.54669","1088.57288631797"
"54.37593","9.54662","1088.57923748525"
"54.38025","9.54476","1089.07447324139"
"54.38062","9.54454","1089.11801238382"
"54.39401","9.53877","1090.65307011812"
"54.39409","9.53875","1090.66205944651"
"54.39418","9.53869","1090.67279437692"
"54.39729","9.53734","1091.0294825677"
"54.39732","9.53734","1091.0328184155"
"54.40176","9.53542","1091.54192639846"
"54.40178","9.53555","1091.55062974453"
"54.40519","9.5341","1091.94124609716"
"54.40526","9.5341","1091.94902974202"
"54.40601","9.53378","1092.03495906785"
"54.40604","9.53374","1092.03918158912"
"54.40725","9.53317","1092.17869299715"
"54.40732","9.53316","1092.18650350062"
"54.41038","9.53184","1092.53731930653"
"54.41045","9.53179","1092.54574868707"
"54.41126","9.53144","1092.63862070129"
"54.41132","9.53145","1092.6453237064"
"54.41216","9.53114","1092.74085733054"
"54.41225","9.53113","1092.75088577317"
"54.41227","9.53118","1092.75481185411"
"54.41233","9.53126","1092.76325641095"
"54.41238","9.53128","1092.76896480069"
"54.41243","9.53133","1092.77539745894"
"54.41248","9.53125","1092.78299414208"
"54.41252","9.53121","1092.78814026566"
"54.41257","9.53113","1092.79573694106"
"54.41259","9.53097","1092.80632657434"
"54.41276","9.53082","1092.82757609629"
"54.41337","9.53056","1092.89746038962"
"54.41342","9.53051","1092.90389300857"
"54.4135","9.5305","1092.91281210639"
"54.41459","9.53005","1093.03746323655"
"54.41523","9.52987","1093.10957478094"
"54.4157","9.52979","1093.16209212415"
"54.41681","9.52969","1093.28568797298"
"54.41726","9.52969","1093.33572568997"
"54.41806","9.5298","1093.42496588911"
"54.41939","9.53008","1093.57396057383"
"54.41943","9.53007","1093.57845518039"
"54.41953","9.53014","1093.59046159241"
"54.42801","9.53178","1094.53934440253"
"54.42807","9.53178","1094.54601609813"
"54.43897","9.53388","1095.76562708555"
"54.43937","9.53401","1095.81089256128"
"54.44014","9.53436","1095.89945363357"
"54.44097","9.53491","1095.99836117208"
"54.44358","9.53691","1096.31609034653"
"54.44498","9.53743","1096.47535284535"
"54.44525","9.53742","1096.50538243723"
"54.44594","9.5375","1096.58228109982"
"54.44799","9.53748","1096.81023436712"
"54.44808","9.53744","1096.82057066256"
"54.45178","9.5372","1097.23228436876"
"54.45187","9.53716","1097.24262060431"
"54.45223","9.53722","1097.28283826242"
"54.45248","9.5372","1097.31066704516"
"54.4527","9.53711","1097.33581229424"
"54.45271","9.5371","1097.33709850602"
"54.45278","9.53712","1097.34498880148"
"54.45314","9.53709","1097.38506592634"
"54.45319","9.53712","1097.39095420969"
"54.45415","9.53702","1097.49789689836"
"54.45423","9.53704","1097.50688595348"
"54.455","9.53709","1097.59256703177"
"54.45509","9.53708","1097.60259543078"
"54.45586","9.5372","1097.68856618888"
"54.4569","9.53752","1097.80604428094"
"54.457","9.53763","1097.81924275389"
"54.45707","9.53758","1097.82767072259"
"54.45738","9.53771","1097.86315059685"
"54.45748","9.5377","1097.87428886108"
"54.45757","9.53778","1097.88555344449"
"54.45966","9.53864","1098.12450640383"
"54.45971","9.53865","1098.13010359476"
"54.46443","9.54061","1098.6700148387"
"54.46454","9.54055","1098.68284621659"
"54.46919","9.54246","1099.21443115193"
"54.46932","9.54246","1099.22888649239"
"54.47035","9.54286","1099.34629771035"
"54.47043","9.54284","1099.35528669189"
"54.4709","9.54302","1099.40882696056"
"54.47094","9.54309","1099.41517063833"
"54.47232","9.54371","1099.5737630548"
"54.47236","9.54374","1099.57861490779"
"54.47299","9.544","1099.65065397088"
"54.47303","9.54405","1099.656151268"
"54.47318","9.54413","1099.67361312856"
"54.47541","9.54502","1099.92815832384"
"54.47581","9.54523","1099.97465974101"
"54.4766","9.54551","1100.06434715346"
"54.47671","9.54551","1100.07657859539"
"54.47711","9.54565","1100.12196695631"
"54.47713","9.54558","1100.12700668575"
"54.4772","9.54551","1100.13600880943"
"54.47722","9.54551","1100.13823270796"
"54.47723","9.5455","1100.13951872515"
"54.47732","9.54551","1100.14954710153"
"54.47739","9.54557","1100.15824260368"
"54.47742","9.54563","1100.16335674817"
"54.47745","9.54575","1100.17179678169"
"54.47784","9.54595","1100.21704688667"
"54.47791","9.54601","1100.22574236684"
"54.47954","9.54669","1100.412238205"
"54.47961","9.54676","1100.42124019481"
"54.48167","9.54765","1100.65740737743"
"54.48236","9.54808","1100.73900552308"
"54.48243","9.54807","1100.74681592837"
"54.48348","9.54883","1100.87347268043"
"54.48407","9.54938","1100.94808015252"
"54.48419","9.54956","1100.96577876716"
"54.48496","9.55027","1101.06290859388"
"54.48637","9.55183","1101.24928284849"
"54.48816","9.55364","1101.48011723961"
"54.48919","9.55448","1101.60684879727"
"54.48947","9.55465","1101.63986276185"
"54.48949","9.55461","1101.64327161324"
"54.48956","9.55456","1101.65169859834"
"54.48961","9.55455","1101.65729573476"
"54.4897","9.5546","1101.66781142823"
"54.48972","9.55463","1101.67076102362"
"54.48976","9.55465","1101.67539260146"
"54.48981","9.55479","1101.68600734178"
"54.48982","9.55492","1101.69447700159"
"54.49002","9.55512","1101.72019533073"
"54.4907","9.5555","1101.79969130118"
"54.49102","9.55563","1101.83625085016"
"54.49108","9.5557","1101.84431005239"
"54.49137","9.5558","1101.8771969943"
"54.49228","9.55601","1101.97928926883"
"54.49262","9.55604","1102.01714515766"
"54.49345","9.55601","1102.109457281"
"54.49412","9.5559","1102.18429580804"
"54.49583","9.55538","1102.37738174345"
"54.4984","9.5544","1102.67007602188"
"54.49953","9.55387","1102.80030368954"
"54.50014","9.5537","1102.8690151024"
"54.50022","9.55362","1102.8793017828"
"54.50029","9.55376","1102.89123095654"
"54.5003","9.55373","1102.89346453562"
"54.50047","9.55369","1102.91254330894"
"54.50165","9.55319","1103.04766686074"
"54.50178","9.55317","1103.06217976896"
"54.50184","9.55313","1103.06933393137"
"54.50193","9.55315","1103.0794244491"
"54.50215","9.55304","1103.10489753113"
"54.50235","9.55279","1103.13237723181"
"54.50307","9.55227","1103.21919270857"
"54.50364","9.55173","1103.29153062931"
"54.50411","9.55119","1103.35435463286"
"54.5049","9.55007","1103.46813320266"
"54.50557","9.54879","1103.57939777283"
"54.50618","9.54725","1103.6997562709"
"54.50667","9.54546","1103.82752083002"
"54.50667","9.54531","1103.83720493258"
"54.50684","9.54439","1103.89953613213"
"54.50711","9.54195","1104.05989847232"
"54.50716","9.5418","1104.07106496179"
"54.50736","9.539","1104.2531951095"
"54.50733","9.53892","1104.25934350142"
"54.5074","9.53756","1104.34748887631"
"54.50744","9.53754","1104.35212029837"
"54.50746","9.53673","1104.40446072097"
"54.50747","9.53671","1104.406164716"
"54.50749","9.53594","1104.45592517713"
"54.50747","9.53578","1104.46649136803"
"54.50753","9.53425","1104.56549226701"
"54.50757","9.53406","1104.57854003208"
"54.50766","9.53205","1104.70868932945"
"54.50786","9.52982","1104.85436335243"
"54.50787","9.5298","1104.85606733787"
"54.50794","9.5292","1104.89557687972"
"54.50846","9.52635","1105.08843957573"
"54.50893","9.52446","1105.22117467267"
"54.50919","9.52371","1105.27756704139"
"54.50919","9.52366","1105.28079487648"
"54.51","9.52147","1105.44842512527"
"54.51","9.52145","1105.44971623371"
"54.51032","9.52073","1105.50825229141"
"54.51032","9.52071","1105.50954338974"
"54.51108","9.5192","1105.63855267332"
"54.51192","9.51781","1105.76807296301"
"54.51276","9.51665","1105.88778625702"
"54.51391","9.51531","1106.04216750092"
"54.51469","9.51458","1106.14087306585"
"54.51552","9.51392","1106.24252266595"
"54.51617","9.51348","1106.32017895975"
"54.51684","9.5131","1106.39861314119"
"54.51778","9.51269","1106.50643426853"
"54.51876","9.5124","1106.61700108828"
"54.51974","9.51223","1106.72652308773"
"54.52091","9.51211","1106.85685146748"
"54.52468","9.51222","1107.27611644325"
"54.52582","9.51219","1107.40289344181"
"54.5272","9.51204","1107.55664742062"
"54.52897","9.51168","1107.7548285736"
"54.52989","9.51142","1107.858494392"
"54.53113","9.51096","1107.99953446698"
"54.53111","9.51081","1108.00946499287"
"54.53309","9.50988","1108.23766125695"
"54.53508","9.5086","1108.47384705999"
"54.53635","9.50765","1108.62779102731"
"54.53762","9.50654","1108.78612697678"
"54.53882","9.50538","1108.93911233522"
"54.54074","9.5032","1109.19476071435"
"54.54211","9.50136","1109.38787734448"
"54.54392","9.49861","1109.6561529026"
"54.54526","9.49637","1109.86370124733"
"54.54538","9.49605","1109.88827868375"
"54.54542","9.4961","1109.89377262163"
"54.54736","9.49297","1110.18922013177"
"54.54734","9.49291","1110.19368342067"
"54.54748","9.49278","1110.2113650681"
"54.5492","9.49022","1110.46402851697"
"54.55154","9.48733","1110.78409072216"
"54.55328","9.48552","1111.01005239761"
"54.555","9.48399","1111.22525689895"
"54.55682","9.48267","1111.44480305065"
"54.55917","9.48128","1111.7210544517"
"54.56076","9.48053","1111.90434833627"
"54.56309","9.47976","1112.16814595915"
"54.56461","9.47943","1112.33849601019"
"54.56622","9.47923","1112.51798354852"
"54.56806","9.4792","1112.72259135361"
"54.56959","9.47928","1112.89279773387"
"54.573","9.47963","1113.27264300302"
"54.57551","9.47998","1113.55265247033"
"54.57551","9.48015","1113.56360928706"
"54.57647","9.4803","1113.67079330374"
"54.57659","9.48026","1113.68438345547"
"54.5774","9.48038","1113.77478278494"
"54.57752","9.48038","1113.78812617614"
"54.58475","9.48172","1114.59668994584"
"54.58983","9.48279","1115.16575197057"
"54.59195","9.48308","1115.40222449306"
"54.59274","9.48313","1115.49012752752"
"54.59458","9.48311","1115.69473024956"
"54.59569","9.48297","1115.81848569103"
"54.59701","9.48267","1115.96652980021"
"54.59803","9.48231","1116.0822951336"
"54.59947","9.48165","1116.24796370135"
"54.60046","9.48106","1116.36442205889"
"54.60202","9.47999","1116.55107614574"
"54.6066","9.4766","1117.1051789909"
"54.60667","9.47652","1117.11451335751"
"54.60825","9.4755","1117.30208030223"
"54.60837","9.47545","1117.31580671773"
"54.60963","9.47471","1117.46379522157"
"54.6097","9.47464","1117.47278998818"
"54.61216","9.47351","1117.75584289469"
"54.61896","9.47064","1118.53422260554"
"54.62102","9.46995","1118.76755202295"
"54.62215","9.46967","1118.89448874102"
"54.62381","9.46944","1119.0796652364"
"54.62463","9.46939","1119.17090187095"
"54.63054","9.46951","1119.82810928212"
"54.632","9.46942","1119.9905571893"
"54.63313","9.46924","1120.11674040488"
"54.63404","9.46901","1120.21900481379"
"54.63458","9.46883","1120.28015737749"
"54.63545","9.46846","1120.37978456215"
"54.63663","9.46779","1120.51789784999"
"54.63729","9.46734","1120.5967936805"
"54.63858","9.46626","1120.75618592906"
"54.63924","9.46562","1120.84034113242"
"54.6401","9.46463","1120.9552463459"
"54.64019","9.46458","1120.96575839156"
"54.64044","9.46429","1120.99923993687"
"54.6407","9.46392","1121.03669258632"
"54.64088","9.4636","1121.06540870555"
"54.64124","9.46308","1121.117582033"
"54.64132","9.46308","1121.12647762713"
"54.6418","9.46232","1121.19886780885"
"54.64186","9.46218","1121.21007788822"
"54.64202","9.46193","1121.23406346737"
"54.64207","9.46177","1121.24576420179"
"54.6424","9.46123","1121.29629961099"
"54.64444","9.45731","1121.63552720286"
"54.64444","9.4573","1121.63617063093"
"54.64763","9.45084","1122.18259135299"
"54.64765","9.45082","1122.18516068417"
"54.64784","9.45041","1122.21895671882"
"54.64939","9.44792","1122.4542615866"
"54.65075","9.44613","1122.64434136084"
"54.65177","9.44501","1122.77871137036"
"54.65318","9.44372","1122.95610396736"
"54.65319","9.44372","1122.95721591663"
"54.65369","9.44332","1123.01847915298"
"54.65518","9.44234","1123.19574761121"
"54.65657","9.44166","1123.35637869248"
"54.65694","9.44152","1123.39849483013"
"54.65696","9.44152","1123.40071872866"
"54.65712","9.44146","1123.41892370408"
"54.65714","9.44146","1123.42114760261"
"54.65715","9.44145","1123.42243219286"
"54.658","9.44121","1123.51820027176"
"54.65888","9.44111","1123.61626297846"
"54.65946","9.4411","1123.68075924315"
"54.65946","9.44111","1123.68140243346"
"54.6598","9.44113","1123.71923058693"
"54.6605","9.44126","1123.79751484213"
"54.6612","9.44145","1123.8763047271"
"54.66121","9.44146","1123.87758928516"
"54.66179","9.44167","1123.9434814326"
"54.66384","9.44274","1124.1815919485"
"54.66411","9.44282","1124.21205223151"
"54.66474","9.4431","1124.28438239099"
"54.66477","9.44313","1124.28823598075"
"54.66481","9.44325","1124.29714323469"
"54.66485","9.44331","1124.30303152289"
"54.66488","9.44328","1124.30688511004"
"54.66495","9.44329","1124.31469527713"
"54.66498","9.44328","1124.31809254989"
"54.66505","9.44318","1124.32818924206"
"54.66508","9.44321","1124.33204282446"
"54.66573","9.44342","1124.40557041971"
"54.66631","9.44355","1124.47060307406"
"54.6669","9.44362","1124.53636233784"
"54.66712","9.44362","1124.5608252217"
"54.66776","9.44355","1124.63213219968"
"54.66869","9.4433","1124.73678562894"
"54.66955","9.44292","1124.8354858554"
"54.67073","9.44221","1124.97441174079"
"54.6727","9.4407","1125.21401891743"
"54.6728","9.44068","1125.22521252318"
"54.67344","9.4402","1125.3027814065"
"54.67348","9.4401","1125.31059957561"
"54.67408","9.43964","1125.38357841657"
"54.67415","9.43956","1125.39290806985"
"54.67624","9.43792","1125.64810728634"
"54.67755","9.43706","1125.80391309099"
"54.68093","9.43515","1126.19930164933"
"54.68101","9.43512","1126.20840389614"
"54.68178","9.43468","1126.2985751048"
"54.6818","9.43466","1126.3011438946"
"54.68298","9.43405","1126.43808798847"
"54.68436","9.43353","1126.59513540246"
"54.68817","9.43252","1127.02373324178"
"54.68824","9.43252","1127.03151688665"
"54.69066","9.43187","1127.30383220282"
"54.69108","9.43179","1127.35081624327"
"54.69115","9.43176","1127.35883513164"
"54.69168","9.43168","1127.41799229453"
"54.69234","9.43166","1127.49139220125"
"54.69272","9.43176","1127.53413221361"
"54.69277","9.4318","1127.54025749209"
"54.69282","9.43181","1127.54585425851"
"54.69288","9.43179","1127.55264863691"
"54.693","9.43182","1127.56613059514"
"54.69308","9.43189","1127.57609899964"
"54.69371","9.4321","1127.64743993861"
"54.69377","9.43208","1127.65423431168"
"54.69446","9.43246","1127.7347514139"
"54.6945","9.43245","1127.73924539648"
"54.69866","9.43471","1128.22407841365"
"54.69867","9.43471","1128.22519036292"
"54.70001","9.43542","1128.38101942124"
"54.70006","9.43546","1128.38714450591"
"54.70344","9.43727","1128.78056496457"
"54.7041","9.43754","1128.8559759671"
"54.70412","9.43756","1128.85854440314"
"54.70469","9.43774","1128.92297192199"
"54.70473","9.43777","1128.92781938025"
"54.70525","9.43791","1128.98633614866"
"54.70531","9.43794","1128.99328066956"
"54.70614","9.43817","1129.08674788348"
"54.70627","9.43823","1129.10170835084"
"54.70631","9.43823","1129.1061561479"
"54.70632","9.43822","1129.10744034845"
"54.70687","9.43839","1129.16956509767"
"54.70688","9.4384","1129.17084929377"
"54.70996","9.43935","1129.51872484225"
"54.70997","9.43936","1129.52000901386"
"54.71179","9.43994","1129.72578483962"
"54.71269","9.44037","1129.82960210951"
"54.71275","9.44035","1129.83639636887"
"54.71307","9.44057","1129.8746822233"
"54.7132","9.4407","1129.89137612779"
"54.71363","9.44103","1129.94367792113"
"54.71379","9.44119","1129.96422419222"
"54.71384","9.4413","1129.97321495599"
"54.71513","9.4427","1130.14251319411"
"54.71556","9.44311","1130.19709952954"
"54.71651","9.44378","1130.31116395237"
"54.71676","9.44387","1130.3395573389"
"54.71684","9.44392","1130.34901486272"
"54.71746","9.44404","1130.41838520371"
"54.7175","9.44403","1130.42287913421"
"54.71764","9.44406","1130.43856521424"
"54.71775","9.44412","1130.45138935044"
"54.71821","9.44415","1130.50257529461"
"54.71832","9.44412","1130.51495756587"
"54.71946","9.44415","1130.64173442439"
"54.71954","9.44413","1130.65072227625"
"54.72074","9.44403","1130.78431065417"
"54.72139","9.44391","1130.85699705601"
"54.72213","9.4437","1130.94037916894"
"54.72264","9.44351","1130.99838639698"
"54.72309","9.44329","1131.05038039857"
"54.72407","9.4427","1131.1657502792"
"54.72464","9.44242","1131.23163248545"
"54.72466","9.4424","1131.23420059596"
"54.72562","9.44205","1131.34328811453"
"54.7257","9.44208","1131.35238991164"
"54.72577","9.44205","1131.3604084046"
"54.7263","9.44192","1131.41993000047"
"54.72637","9.44186","1131.42861499301"
"54.72733","9.44164","1131.53629281573"
"54.7274","9.44167","1131.54431129007"
"54.72859","9.44163","1131.67665817743"
"54.72927","9.44168","1131.75233885347"
"54.73127","9.44197","1131.97550684199"
"54.73221","9.44199","1132.08003796041"
"54.73355","9.4419","1132.22915115986"
"54.73362","9.44188","1132.23704000433"
"54.73367","9.44188","1132.24259975066"
"54.73414","9.44178","1132.29525423099"
"54.73646","9.44149","1132.55389740128"
"54.73651","9.44151","1132.5596034755"
"54.73719","9.44141","1132.63548805618"
"54.73737","9.44136","1132.65575888358"
"54.7374","9.44137","1132.65915593939"
"54.73745","9.44136","1132.66475262466"
"54.73749","9.44133","1132.66959946402"
"54.73849","9.44112","1132.78160859642"
"54.7385","9.4411","1132.78330705788"
"54.73856","9.4411","1132.78997875347"
"54.7391","9.44093","1132.85100763107"
"54.7392","9.44094","1132.86214563757"
"54.73959","9.44077","1132.90686363277"
"54.73968","9.44069","1132.91811187186"
"54.74433","9.43875","1133.44995195564"
"54.74434","9.43874","1133.45123585493"
"54.74603","9.43801","1133.64490822399"
"54.74609","9.438","1133.65161072004"
"54.74646","9.43786","1133.69372261762"
"54.74647","9.43785","1133.69500650004"
"54.74651","9.43784","1133.69950036487"
"54.74685","9.43898","1133.78185695242"
"54.74692","9.43909","1133.79236536637"
"54.74697","9.43921","1133.80186411733"
"54.74744","9.43973","1133.86387278813"
"54.74818","9.44033","1133.95472167921"
"54.74924","9.44138","1134.0904916576"
"54.75077","9.4427","1134.28054351113"
"54.7508","9.44271","1134.28394052682"
"54.75106","9.4429","1134.31531725142"
"54.75197","9.44416","1134.44484309233"
"54.75203","9.44421","1134.45224625244"
"54.7523","9.44462","1134.49216624486"
"54.75231","9.44468","1134.49617390984"
"54.75242","9.44478","1134.5099865294"
"54.75285","9.44538","1134.57137571258"
"54.75298","9.44551","1134.58806551974"
"54.75299","9.44553","1134.58976363405"
"54.75314","9.44565","1134.60813465953"
"54.75397","9.44591","1134.7019223811"
"54.75425","9.44597","1134.73329411462"
"54.75667","9.44915","1135.07100277993"
"54.75701","9.4495","1135.11497619746"
"54.75744","9.44981","1135.16676238091"
"54.75747","9.44987","1135.17185640258"
"54.75765","9.45002","1135.19406531004"
"54.75796","9.45035","1135.23451952099"
"54.75798","9.45036","1135.23683412972"
"54.75991","9.45293","1135.50747439402"
"54.76034","9.45359","1135.57134369022"
"54.76086","9.45211","1135.68251819747"
"54.76093","9.45203","1135.69184179159"
"54.7614","9.45119","1135.76691305475"
"54.76143","9.45117","1135.77048717782"
"54.76151","9.45108","1135.78109248907"
"54.76158","9.45092","1135.79397499123"
"54.76191","9.45041","1135.84313876421"
"54.76253","9.44959","1135.92985932756"
"54.76261","9.44954","1135.93931562057"
"54.76279","9.4493","1135.96456796841"
"54.76287","9.4493","1135.97346356254"
"54.76292","9.44932","1135.97916944845"
"54.76294","9.44934","1135.98173695242"
"54.76301","9.44951","1135.99513597438"
"54.76304","9.44954","1135.99898722807"
"54.7631","9.44956","1136.00578118588"
"54.76313","9.44954","1136.0093552896"
"54.76343","9.44912","1136.0522367156"
"54.76353","9.44909","1136.06352154206"
"54.76371","9.44948","1136.09556226106"
"54.76396","9.44916","1136.13011970204"
"54.76398","9.44915","1136.1324342844"
"54.76403","9.44908","1136.13958113819"
"54.76408","9.44904","1136.14570452131"
"54.76418","9.44904","1136.15682401398"
"54.76442","9.44909","1136.18370287849"
"54.76459","9.44916","1136.20313210518"
"54.76553","9.44937","1136.30851994615"
"54.7656","9.44936","1136.31632998211"
"54.76589","9.44911","1136.35234449753"
"54.76593","9.449","1136.36068582302"
"54.76599","9.44856","1136.38968972875"
"54.7659","9.44852","1136.40002100899"
"54.76538","9.44819","1136.46159591602"
"54.76447","9.44742","1136.57419676459"
"54.76434","9.44725","1136.59230469448"
"54.76468","9.44685","1136.63799718608"
"54.76581","9.44528","1136.79903153401"
"54.76649","9.44446","1136.89114198386"
"54.76656","9.44444","1136.89903065845"
"54.76723","9.44367","1136.98841838998"
"54.76729","9.44356","1136.99812936378"
"54.76786","9.44288","1137.0750703208"
"54.768","9.44281","1137.09127227556"
"54.76869","9.44195","1137.18577062999"
"54.76884","9.4417","1137.20890859298"
"54.76963","9.43908","1137.39854194989"
"54.76998","9.43814","1137.47030673313"
"54.76999","9.43793","1137.48382277747"
"54.77047","9.43637","1137.59723146083"
"54.77056","9.43616","1137.61401219964"
"54.77067","9.43569","1137.64654619363"
"54.77068","9.43557","1137.65432323794"
"54.77076","9.43528","1137.67494225457"
"54.77177","9.43529","1137.78725096213"
"54.77181","9.43528","1137.79174476971"
"54.7759","9.43533","1138.24654332609"
"54.77616","9.43529","1138.27556760243"
"54.77627","9.43524","1138.28821240835"
"54.77664","9.43499","1138.33236832358"
"54.77674","9.43495","1138.34377989873"
"54.77681","9.43488","1138.35276539492"
"54.77692","9.43486","1138.36506390662"
"54.77722","9.43492","1138.39864358603"
"54.77769","9.43516","1138.45312460095"
"54.77775","9.43522","1138.46082640992"
"54.778","9.43532","1138.48935530556"
"54.77825","9.43537","1138.51733836215"
"54.77831","9.43536","1138.52404080931"
"54.779","9.43538","1138.6007760286"
"54.77989","9.43557","1138.70048677688"
"54.78008","9.43558","1138.72162354328"
"54.7802","9.43563","1138.73534677316"
"54.78024","9.43561","1138.73997579511"
"54.7804","9.43606","1138.773876767"
"54.78066","9.43581","1138.80693499227"
"54.78072","9.4358","1138.81363743578"
"54.78122","9.43596","1138.87017371203"
"54.7813","9.4359","1138.87986573672"
"54.78148","9.43582","1138.90052781077"
"54.78178","9.43575","1138.93418694372"
"54.78186","9.4358","1138.94364271924"
"54.78241","9.43564","1139.00565457966"
"54.78252","9.43667","1139.07282548433"
"54.78258","9.43668","1139.07952792501"
"54.78258","9.4367","1139.08081040445"
"54.78319","9.43634","1139.15245991584"
"54.78326","9.43625","1139.16214961776"
"54.78378","9.43589","1139.22440863516"
"54.78432","9.43537","1139.29309055296"
"54.78483","9.43499","1139.35481295498"
"54.78484","9.43499","1139.35592490425"
"54.7855","9.43453","1139.43501888217"
"54.78551","9.43453","1139.43613083143"
"54.78634","9.43404","1139.5336237764"
"54.78685","9.43352","1139.59940819772"
"54.78763","9.43285","1139.69619583386"
"54.78764","9.43276","1139.70207242844"
"54.78767","9.4327","1139.70716427949"
"54.78797","9.43246","1139.74390078976"
"54.78818","9.43223","1139.77151827862"
"54.78846","9.43208","1139.80410436709"
"54.78872","9.43203","1139.83319223614"
"54.7892","9.43187","1139.8875426587"
"54.78967","9.43162","1139.94220692561"
"54.78969","9.43164","1139.94477400581"
"54.78992","9.43155","1139.97099168016"
"54.79001","9.43154","1139.98101973895"
"54.79007","9.43156","1139.9878135353"
"54.79058","9.43156","1140.04452294789"
"54.79068","9.43154","1140.05571612509"
"54.79117","9.43155","1140.11020541084"
"54.79225","9.43139","1140.23073320797"
"54.79315","9.43133","1140.33088253577"
"54.79375","9.43145","1140.39804153752"
"54.79422","9.43146","1140.45030708462"
"54.79441","9.43142","1140.47158916274"
"54.79458","9.43135","1140.49101762043"
"54.79472","9.43125","1140.50785314257"
"54.7954","9.4304","1140.60105325211"
"54.79548","9.43025","1140.61415249437"
"54.7955","9.43014","1140.62154625909"
"54.79565","9.42997","1140.64146996595"
"54.79567","9.43003","1140.64591281775"
"54.79612","9.43083","1140.71756228453"
"54.7977","9.42805","1140.96780623096"
"54.798","9.42765","1141.00987988903"
"54.79826","9.42744","1141.04177067324"
"54.79856","9.42725","1141.07728279607"
"54.79894","9.42711","1141.12047926693"
"54.79904","9.42709","1141.13167241376"
"54.79913","9.42711","1141.14176173168"
"54.79959","9.42693","1141.19419648021"
"54.79992","9.42668","1141.23423706002"
"54.80008","9.4265","1141.25544169771"
"54.80037","9.42609","1141.29704029397"
"54.80049","9.42586","1141.31692427633"
"54.8007","9.42526","1141.36191567229"
"54.80072","9.42515","1141.36930856861"
"54.80082","9.42491","1141.38828946949"
"54.80104","9.42458","1141.42062846357"
"54.8013","9.42445","1141.45071590998"
"54.80158","9.42437","1141.48226988839"
"54.80175","9.42435","1141.50121643978"
"54.80194","9.42438","1141.52243079396"
"54.80205","9.42442","1141.53492802845"
"54.80233","9.42447","1141.5662270984"
"54.80257","9.42447","1141.5929138808"
"54.8028","9.42438","1141.61913115065"
"54.80287","9.42439","1141.62694113809"
"54.80328","9.42425","1141.67340566272"
"54.80338","9.42425","1141.68452515539"
"54.80408","9.42404","1141.76351665607"
"54.80434","9.42392","1141.79343279338"
"54.80483","9.42378","1141.84865214213"
"54.80488","9.42374","1141.85477444131"
"54.80659","9.42318","1142.04827507259"
"54.80663","9.42315","1142.05312060633"
"54.8081","9.42267","1142.21944636565"
"54.80814","9.42264","1142.22429187088"
"54.80824","9.42262","1142.23548498429"
"54.8089","9.42235","1142.31088568263"
"54.80901","9.42236","1142.3231338998"
"54.81031","9.42196","1142.46994230322"
"54.81035","9.42192","1142.47507580943"
"54.81154","9.42165","1142.60852406813"
"54.81177","9.42163","1142.6341309906"
"54.81232","9.42166","1142.69531840432"
"54.81239","9.4217","1142.70351318657"
"54.81279","9.42176","1142.74815700687"
"54.8129","9.4218","1142.76065410018"
"54.81316","9.42183","1142.78962861649"
"54.81328","9.42179","1142.80321593175"
"54.814","9.42185","1142.88336853147"
"54.81412","9.42192","1142.89744556808"
"54.81428","9.42194","1142.9152828482"
"54.81444","9.42191","1142.93317757537"
"54.81562","9.42201","1143.06454393519"
"54.81562","9.42203","1143.06582536671"
"54.81722","9.42218","1143.24399663425"
"54.81728","9.4222","1143.25079026777"
"54.81752","9.42238","1143.27986224805"
"54.81812","9.42247","1143.34682791422"
"54.81859","9.42245","1143.39910523532"
"54.81892","9.4224","1143.43593911741"
"54.81903","9.4224","1143.44817055934"
"54.81913","9.42242","1143.4593636332"
"54.81915","9.42236","1143.46380455086"
"54.82051","9.42249","1143.61525881393"
"54.82087","9.42249","1143.65528898752"
"54.82134","9.42243","1143.70769176458"
"54.82141","9.4224","1143.71570916596"
"54.82151","9.42238","1143.72690223118"
"54.82186","9.4222","1143.76749281692"
"54.8237","9.42104","1143.98516818998"
"54.82376","9.42102","1143.99196178473"
"54.82817","9.41826","1144.51322743009"
"54.82855","9.41795","1144.55991430528"
"54.83","9.41623","1144.75518970244"
"54.83005","9.41611","1144.76467564065"
"54.83022","9.41594","1144.78649037594"
"54.83065","9.41528","1144.85031090821"
"54.8312","9.41458","1144.92614105976"
"54.83124","9.41463","1144.93162174308"
"54.83135","9.41448","1144.94717496612"
"54.83158","9.4143","1144.97522804364"
"54.83183","9.41417","1145.00424685745"
"54.83202","9.41411","1145.02572052327"
"54.83261","9.41405","1145.09143797372"
"54.83294","9.41395","1145.12868700523"
"54.83348","9.41387","1145.18895045588"
"54.8339","9.41374","1145.2363886245"
"54.83404","9.41366","1145.25277733127"
"54.83405","9.41366","1145.25388928054"
"54.83422","9.41355","1145.27406242102"
"54.83471","9.41309","1145.33600202175"
"54.8352","9.4124","1145.40615378833"
"54.83544","9.41199","1145.44359160195"
"54.83544","9.41194","1145.44679360867"
"54.83806","9.40734","1145.86109790002"
"54.83829","9.40708","1145.8916146414"
"54.83838","9.40702","1145.90233438519"
"54.83848","9.40692","1145.91516592561"
"54.83878","9.40639","1145.96275390588"
"54.83896","9.40578","1146.00664443001"
"54.83916","9.40536","1146.04154261905"
"54.83993","9.40409","1146.15962810435"
"54.84003","9.40398","1146.17279076876"
"54.84012","9.40391","1146.18375625507"
"54.84046","9.40373","1146.22328041731"
"54.84135","9.40301","1146.33245562512"
"54.84143","9.40297","1146.34171259453"
"54.84191","9.40262","1146.39960017393"
"54.84216","9.40236","1146.43200257934"
"54.84241","9.40218","1146.46209578979"
"54.84242","9.40218","1146.46320773906"
"54.84265","9.40203","1146.49052651054"
"54.84272","9.40208","1146.49894282173"
"54.8433","9.40178","1146.56623560379"
"54.84335","9.40168","1146.57471535293"
"54.84509","9.40074","1146.77733909295"
"54.84513","9.4007","1146.78247149756"
"54.84555","9.4005","1146.83089700401"
"54.84558","9.4005","1146.83423285181"
"54.84587","9.40042","1146.86688361793"
"54.84616","9.40041","1146.89913650174"
"54.84649","9.40047","1146.93603134803"
"54.847","9.40075","1146.99550660902"
"54.84764","9.40118","1147.0718104511"
"54.84775","9.40118","1147.08404189303"
"54.84782","9.40128","1147.09412015835"
"54.84843","9.40169","1147.16685067845"
"54.84852","9.40179","1147.17873073853"
"54.84936","9.40233","1147.27832667497"
"54.84944","9.40231","1147.28731393907"
"54.84948","9.40232","1147.29180757098"
"54.8496","9.40232","1147.30515096218"
"54.84978","9.40236","1147.32532919027"
"54.84987","9.40243","1147.33629423396"
"54.85014","9.40249","1147.36656157229"
"54.85024","9.40246","1147.37784569586"
"54.85801","9.40357","1148.24474689555"
"54.85906","9.4036","1148.36151735613"
"54.8601","9.40348","1148.47741483376"
"54.86063","9.40336","1148.53684646369"
"54.86071","9.40336","1148.54574205782"
"54.86098","9.40328","1148.57619813403"
"54.86108","9.40364","1148.60178088008"
"54.86115","9.40378","1148.61364954496"
"54.86122","9.40387","1148.62333262213"
"54.86125","9.40389","1148.62690560964"
"54.86128","9.40393","1148.63111052433"
"54.86136","9.40399","1148.64079952663"
"54.86145","9.40403","1148.65112930429"
"54.86161","9.40404","1148.66893199969"
"54.86167","9.40407","1148.67587446009"
"54.86195","9.40408","1148.7070156164"
"54.86337","9.40428","1148.86543033313"
"54.86342","9.40432","1148.87155107769"
"54.86434","9.40441","1148.97401241603"
"54.86439","9.40444","1148.97989429628"
"54.86457","9.40445","1148.99991961084"
"54.86645","9.40477","1149.20996663973"
"54.86651","9.40475","1149.21675997876"
"54.86652","9.40479","1149.21955070482"
"54.8678","9.40501","1149.36257472909"
"54.86831","9.40517","1149.42020091238"
"54.86865","9.40536","1149.45991392315"
"54.86871","9.40544","1149.4683231794"
"54.87113","9.40757","1149.76996042992"
"54.87134","9.40779","1149.79722596305"
"54.87872","9.41439","1150.72010736187"
"54.87877","9.41442","1150.72598901866"
"54.8788","9.41447","1150.73061056751"
"54.89825","9.43205","1153.16815039695"
"54.89827","9.43211","1153.17258479515"
"54.89893","9.43267","1153.25424254457"
"54.89903","9.43272","1153.26581249262"
"54.90799","9.44074","1154.38631430132"
"54.90859","9.44109","1154.45668282501"
"54.90882","9.44118","1154.48289676745"
"54.90884","9.44118","1154.48512066599"
"54.91118","9.44203","1154.75092915927"
"54.91125","9.44207","1154.7591219808"
"54.92298","9.44633","1156.09155070052"
"54.92306","9.44638","1156.10100268311"
"54.92394","9.4467","1156.20096791832"
"54.92397","9.44669","1156.20436441603"
"54.92399","9.44654","1156.21420396677"
"54.92858","9.44823","1156.73588693964"
"54.92867","9.44819","1156.74621566016"
"54.92969","9.44862","1156.86291446261"
"54.92983","9.44863","1156.8784948576"
"54.93021","9.44876","1156.92155750089"
"54.93029","9.44883","1156.93151404792"
"54.93861","9.45189","1157.87708291478"
"54.93898","9.45199","1157.91871794541"
"54.9414","9.45235","1158.188790354"
"54.94178","9.45236","1158.2310492533"
"54.9422","9.45229","1158.27796464677"
"54.94242","9.45219","1158.30324758679"
"54.94257","9.45217","1158.31997567016"
"54.94324","9.45182","1158.3977577745"
"54.94362","9.45158","1158.44270629044"
"54.9438","9.45141","1158.46547669261"
"54.94389","9.45139","1158.47556542767"
"54.94389","9.45128","1158.48259090323"
"54.94394","9.45113","1158.4936674903"
"54.94397","9.45111","1158.49723953758"
"54.94409","9.45109","1158.51064392954"
"54.94417","9.45117","1158.52090246878"
"54.94418","9.45121","1158.52368867133"
"54.94426","9.45114","1158.5336445207"
"54.94443","9.45114","1158.55254765822"
"54.94485","9.45104","1158.59968420696"
"54.94517","9.4509","1158.63637278479"
"54.94539","9.45072","1158.66340215613"
"54.94539","9.45067","1158.66659543496"
"54.94544","9.45054","1158.67658756258"
"54.94548","9.45048","1158.68245838623"
"54.94556","9.45041","1158.69241417068"
"54.94564","9.45041","1158.70130976481"
"54.94568","9.45043","1158.70593733454"
"54.94569","9.45045","1158.7076308315"
"54.94571","9.45046","1158.70994461619"
"54.94577","9.45054","1158.71834791695"
"54.94604","9.45046","1158.74880217857"
"54.94611","9.45036","1158.75887053773"
"54.94681","9.44989","1158.84229400157"
"54.94719","9.4497","1158.88625580233"
"54.94728","9.44962","1158.89749203501"
"54.94757","9.44949","1158.93079013641"
"54.9486","9.44917","1159.04712977983"
"54.94943","9.44903","1159.13985358817"
"54.9504","9.449","1159.2477296791"
"54.95374","9.44922","1159.61938632793"
"54.95431","9.44919","1159.68279637625"
"54.95442","9.44923","1159.69529162963"
"54.96437","9.44836","1160.80307449282"
"54.96437","9.44853","1160.81392651422"
"54.97462","9.44763","1161.95512122821"
"54.97473","9.44767","1161.96761621778"
"54.97518","9.44763","1162.01771900835"
"54.97524","9.44757","1162.0254114374"
"54.98392","9.44679","1162.99186591003"
"54.98521","9.44654","1163.13619151461"
"54.98557","9.44652","1163.17624202118"
"54.98628","9.44635","1163.25593198002"
"54.98634","9.4463","1163.26332709991"
"54.98655","9.44626","1163.28681707477"
"54.98663","9.44628","1163.29580371911"
"54.98683","9.44623","1163.31827032836"
"54.98691","9.44616","1163.32822404823"
"54.98703","9.44614","1163.34162831021"
"54.9871","9.44617","1163.34964382323"
"54.98751","9.4461","1163.39545195909"
"54.98758","9.44604","1163.40412594681"
"54.98804","9.44596","1163.45552962058"
"54.98813","9.4459","1163.46624425852"
"54.9882","9.44591","1163.47405400505"
"54.98858","9.44581","1163.51678698408"
"54.98863","9.44581","1163.52234673041"
"54.99855","9.44378","1164.63297514963"
"54.99855","9.44379","1164.63361296058"
"55.00138","9.44321","1164.95046138519"
"55.00145","9.44321","1164.95824503006"
"55.00365","9.44274","1165.20470337725"
"55.00369","9.44276","1165.20933043838"
"55.01108","9.4406","1166.04252456979"
"55.01297","9.43989","1166.25750334419"
"55.01348","9.43966","1166.3160780721"
"55.01585","9.4384","1166.59158182195"
"55.01586","9.4384","1166.59269377122"
"55.01642","9.4381","1166.65783400211"
"55.01643","9.4381","1166.65894595138"
"55.01678","9.43792","1166.69952074257"
"55.01682","9.43791","1166.70401399657"
"55.01692","9.43785","1166.71577302057"
"55.01702","9.43784","1166.72691077378"
"55.01749","9.43757","1166.78193403446"
"55.01757","9.43747","1166.79287813749"
"55.01784","9.43729","1166.82501902413"
"55.01836","9.43683","1166.88985162273"
"55.01995","9.43493","1167.10416148149"
"55.02002","9.4349","1167.11217661974"
"55.02049","9.43438","1167.1740642699"
"55.02059","9.4342","1167.19004246646"
"55.02141","9.43314","1167.3035302851"
"55.02193","9.4323","1167.38233639404"
"55.02218","9.43182","1167.42367578331"
"55.02249","9.43105","1167.48365315314"
"55.02257","9.43074","1167.5053234518"
"55.02262","9.43065","1167.51331233888"
"55.02282","9.43005","1167.55755370355"
"55.02299","9.4292","1167.61493759579"
"55.02304","9.4292","1167.62049734212"
"55.02307","9.42915","1167.62511096644"
"55.02355","9.42746","1167.7453319883"
"55.02391","9.42649","1167.81898807263"
"55.02424","9.42576","1167.87824655537"
"55.02484","9.42483","1167.96749358351"
"55.02489","9.42464","1167.98081927232"
"55.02489","9.42459","1167.98400623307"
"55.02654","9.42297","1168.1945377435"
"55.02687","9.42271","1168.23480046013"
"55.02721","9.4225","1168.27490606739"
"55.02752","9.42235","1168.31067769772"
"55.0286","9.42194","1168.4335783199"
"55.02868","9.42187","1168.44352995489"
"55.02873","9.42187","1168.44908970122"
"55.03072","9.42114","1168.67520558897"
"55.03073","9.42112","1168.67689704782"
"55.03091","9.42109","1168.6970032418"
"55.0314","9.42093","1168.7524346727"
"55.03143","9.42093","1168.75577052049"
"55.0321","9.42071","1168.83157887196"
"55.03284","9.42056","1168.91441650224"
"55.03353","9.4206","1168.99118333372"
"55.03362","9.42064","1169.00151040533"
"55.03374","9.42066","1169.014914526"
"55.03377","9.42069","1169.01875935136"
"55.03402","9.42076","1169.04691370638"
"55.03406","9.42072","1169.05204013117"
"55.03447","9.42089","1169.09889946906"
"55.03463","9.42103","1169.11880214918"
"55.03502","9.42125","1169.1643778929"
"55.03505","9.42128","1169.16822268789"
"55.03519","9.42134","1169.18425261987"
"55.03525","9.4214","1169.19194220107"
"55.03572","9.42166","1169.24676709461"
"55.0358","9.42165","1169.25568548255"
"55.03626","9.42183","1169.30810538593"
"55.03672","9.42194","1169.35973307643"
"55.03728","9.42197","1169.42203157049"
"55.03889","9.42187","1169.60116875958"
"55.03899","9.42188","1169.61230649279"
"55.03905","9.42193","1169.61969980603"
"55.03933","9.42193","1169.65083438549"
"55.03968","9.42199","1169.68993992467"
"55.03974","9.42195","1169.69708184428"
"55.04006","9.42198","1169.73271552498"
"55.04033","9.42206","1169.76316777726"
"55.0412","9.42248","1169.86354027343"
"55.04158","9.42254","1169.9059669189"
"55.04159","9.42255","1169.90724846544"
"55.04173","9.42257","1169.92286781961"
"55.04207","9.42252","1169.96080806912"
"55.04262","9.42229","1170.02369632955"
"55.0427","9.4223","1170.03261470964"
"55.04341","9.42192","1170.11519176418"
"55.04421","9.4217","1170.20524512591"
"55.04424","9.42166","1170.20944297179"
"55.04446","9.42159","1170.23430902351"
"55.04452","9.42159","1170.24098071911"
"55.04502","9.42145","1170.29728904553"
"55.04509","9.42147","1170.30517628633"
"55.04531","9.42141","1170.32993600244"
"55.04539","9.42134","1170.33988680357"
"55.04567","9.42121","1170.3721040467"
"55.04588","9.42105","1170.39758271575"
"55.04596","9.42103","1170.40656909238"
"55.04644","9.42069","1170.46417017552"
"55.04649","9.42062","1170.47129734327"
"55.04651","9.42062","1170.4735212418"
"55.04683","9.42041","1170.51153538858"
"55.0469","9.42039","1170.51942262008"
"55.04751","9.41995","1170.59281486104"
"55.04757","9.41986","1170.60161157091"
"55.04766","9.4198","1170.61232418114"
"55.04775","9.41981","1170.62235197907"
"55.04784","9.41977","1170.63267882741"
"55.04792","9.41977","1170.64157442154"
"55.04795","9.41976","1170.64497054907"
"55.04816","9.41978","1170.66835621441"
"55.04828","9.41984","1170.68223622667"
"55.04858","9.42006","1170.71841897394"
"55.04879","9.42026","1170.74501936357"
"55.04878","9.42026","1170.74613131283"
"55.04881","9.42027","1170.7495274378"
"55.04897","9.42038","1170.76864878812"
"55.04937","9.42077","1170.81959460368"
"55.04942","9.4208","1170.82547361107"
"55.04954","9.42102","1170.84482403575"
"55.05017","9.42174","1170.92855497022"
"55.05023","9.42177","1170.93549495033"
"55.05056","9.42216","1170.97980772541"
"55.05063","9.42229","1170.9911724294"
"55.05142","9.42316","1171.09503582858"
"55.05148","9.42329","1171.10566973489"
"55.05192","9.42372","1171.16174037721"
"55.05202","9.42379","1171.17372050206"
"55.05224","9.42406","1171.20362368112"
"55.05236","9.42415","1171.21814638258"
"55.05348","9.42542","1171.36665004619"
"55.05352","9.42545","1171.37149092407"
"55.05354","9.42549","1171.37487274858"
"55.05515","9.42726","1171.58643555912"
"55.05519","9.42735","1171.59369096791"
"55.05566","9.42789","1171.6562541478"
"55.0557","9.42791","1171.6608807532"
"55.05633","9.42861","1171.74391701695"
"55.05639","9.4287","1171.75271290388"
"55.05847","9.43101","1172.02682359846"
"55.0585","9.43106","1172.0314352768"
"55.0592","9.43185","1172.12411612937"
"55.05923","9.43194","1172.13074781839"
"55.05942","9.43213","1172.15509453741"
"55.05951","9.43219","1172.16580674414"
"55.05993","9.43262","1172.21994499562"
"55.05994","9.43264","1172.22163575435"
"55.0602","9.43291","1172.25527319794"
"55.06028","9.43304","1172.26742514979"
"55.06048","9.43323","1172.29274265017"
"55.0608","9.43343","1172.33053581354"
"55.06085","9.43342","1172.33613191216"
"55.06132","9.43362","1172.38992308735"
"55.06154","9.43368","1172.41468256436"
"55.06218","9.43373","1172.48591851079"
"55.06278","9.43363","1172.5529386787"
"55.06303","9.43353","1172.5814574324"
"55.0635","9.43328","1172.63608991666"
"55.06375","9.43311","1172.66592201808"
"55.06398","9.43291","1172.69449234587"
"55.06398","9.4329","1172.69512911625"
"55.06416","9.43273","1172.71788402532"
"55.0653","9.43139","1172.87068822367"
"55.06562","9.43109","1172.91107395629"
"55.06607","9.43075","1172.96559423047"
"55.06642","9.4306","1173.0056672897"
"55.06644","9.43061","1173.00798054532"
"55.06669","9.43052","1173.03636379456"
"55.06711","9.43044","1173.08334263338"
"55.06751","9.43043","1173.12782516122"
"55.07191","9.43083","1173.61774520715"
"55.07205","9.43081","1173.63336448266"
"55.07216","9.43084","1173.64574414254"
"55.07856","9.43143","1174.35838210734"
"55.08131","9.43177","1174.664933024"
"55.08142","9.43184","1174.67795067597"
"55.08146","9.43197","1174.68734475122"
"55.08151","9.43203","1174.69408976174"
"55.08154","9.43202","1174.69748578906"
"55.08157","9.43204","1174.70105627396"
"55.08162","9.43204","1174.70661602029"
"55.08165","9.43203","1174.71001204729"
"55.08166","9.43202","1174.71129327701"
"55.08168","9.43202","1174.71351717555"
"55.08169","9.432","1174.71520741295"
"55.08172","9.43198","1174.71877789614"
"55.08175","9.43194","1174.72297429335"
"55.08176","9.43191","1174.72518392654"
"55.08184","9.43182","1174.73576437786"
"55.08189","9.4318","1174.7414679939"
"55.08384","9.43199","1174.95863505906"
"55.08391","9.43205","1174.96730499401"
"55.08484","9.43212","1175.07081219812"
"55.08491","9.43207","1175.07922120861"
"55.08507","9.4321","1175.0971145548"
"55.08512","9.43206","1175.1032294186"
"55.08555","9.4321","1175.15111095927"
"55.08566","9.43213","1175.16349051975"
"55.09192","9.43276","1175.86072437079"
"55.09247","9.43291","1175.92262193054"
"55.09306","9.4332","1175.99077273573"
"55.0936","9.43362","1176.05649674238"
"55.09498","9.43523","1176.2409988729"
"55.09524","9.43549","1176.27430808029"
"55.0957","9.43583","1176.32984439079"
"55.09628","9.43607","1176.39612059639"
"55.10088","9.43704","1176.91132673918"
"55.10101","9.43705","1176.92579607212"
"55.10252","9.43737","1177.094930017"
"55.1026","9.43743","1177.10460992482"
"55.10357","9.4376","1177.21300980801"
"55.10359","9.43765","1177.21689086245"
"55.10364","9.43766","1177.22248688362"
"55.10368","9.43762","1177.22761110673"
"55.11037","9.43897","1177.97644506028"
"55.11044","9.43893","1177.98463393722"
"55.11219","9.43927","1178.18042292337"
"55.11227","9.43936","1178.19100101532"
"55.11372","9.43964","1178.3532140869"
"55.11379","9.43969","1178.36162222791"
"55.11388","9.43967","1178.37171027983"
"55.11455","9.43986","1178.44718444246"
"55.11464","9.43993","1178.45813748033"
"55.11519","9.44003","1178.51962446086"
"55.11526","9.43999","1178.52781324246"
"55.11613","9.44018","1178.62530450572"
"55.11622","9.44018","1178.63531204912"
"55.11727","9.44038","1178.75275742693"
"55.11728","9.44039","1178.75403837509"
"55.11812","9.44055","1178.847994651"
"55.11813","9.44043","1178.85570614409"
"55.11816","9.44045","1178.85927621387"
"55.12139","9.44111","1179.22087953332"
"55.12146","9.44111","1179.22866317818"
"55.12226","9.44131","1179.3185235208"
"55.12233","9.44137","1179.32719184022"
"55.12245","9.44136","1179.3405503724"
"55.12371","9.4416","1179.48148456366"
"55.12375","9.44157","1179.48632411899"
"55.12433","9.44164","1179.55097056671"
"55.12444","9.44163","1179.56321852265"
"55.12452","9.44166","1179.57231631663"
"55.12478","9.44163","1179.60128985113"
"55.12487","9.44158","1179.61179018584"
"55.12508","9.44161","1179.63521889295"
"55.12553","9.44149","1179.6858349268"
"55.12601","9.44126","1179.74117544055"
"55.12683","9.44045","1179.84589314356"
"55.12703","9.44031","1179.86984718231"
"55.12745","9.44012","1179.91808595386"
"55.12764","9.44007","1179.93945079368"
"55.13072","9.43965","1180.28297042602"
"55.13092","9.43959","1180.30553413336"
"55.14017","9.43544","1181.36737451455"
"55.14024","9.43538","1181.37604208104"
"55.14209","9.43456","1181.58825134198"
"55.14247","9.43445","1181.63107980681"
"55.14301","9.4344","1181.69120908697"
"55.14335","9.43442","1181.72903672137"
"55.14376","9.43451","1181.77498401578"
"55.14433","9.43476","1181.84032599544"
"55.1597","9.44526","1183.67498646486"
"55.15974","9.4453","1183.68010891586"
"55.16849","9.45127","1184.724348081"
"55.16856","9.45128","1184.7321575936"
"55.16931","9.4518","1184.82185479225"
"55.16961","9.45197","1184.85691693039"
"55.16988","9.45207","1184.88760392799"
"55.16999","9.45208","1184.8998518463"
"55.17025","9.45204","1184.9288739191"
"55.17039","9.45199","1184.9447617633"
"55.1707","9.45181","1184.9810782285"
"55.17084","9.4517","1184.99814109851"
"55.17194","9.45021","1185.15278429471"
"55.17212","9.45001","1185.17648912963"
"55.17233","9.44986","1185.20170827368"
"55.1725","9.44979","1185.22112706292"
"55.17268","9.44976","1185.24123261429"
"55.17285","9.44977","1185.26014641566"
"55.17308","9.44985","1185.28622095034"
"55.17323","9.44996","1185.30430387592"
"55.17358","9.45032","1185.34943982993"
"55.17394","9.45081","1185.40014118134"
"55.17402","9.45088","1185.41008556721"
"55.17418","9.45108","1185.43194477866"
"55.17449","9.45139","1185.47164019429"
"55.17517","9.45191","1185.55414835945"
"55.17524","9.452","1185.56380477246"
"55.17802","9.454","1185.89799659402"
"55.17811","9.45409","1185.90952080431"
"55.17979","9.45531","1186.11175210545"
"55.17989","9.45542","1186.12488305878"
"55.18011","9.45558","1186.15137142085"
"55.18023","9.45563","1186.16508725805"
"55.18079","9.45605","1186.2328260715"
"55.18095","9.4562","1186.25300591554"
"55.18165","9.45706","1186.34808403686"
"55.18169","9.45709","1186.35292250171"
"55.1823","9.45785","1186.43616306669"
"55.18239","9.45792","1186.44711303689"
"55.18383","9.45968","1186.64236662839"
"55.18384","9.45968","1186.64347857766"
"55.18449","9.46048","1186.73181542372"
"55.18455","9.46058","1186.74102493658"
"55.18464","9.46065","1186.75197480493"
"55.18725","9.46386","1187.10659177401"
"55.18762","9.46419","1187.15276012152"
"55.18793","9.46436","1187.18888032007"
"55.18833","9.46446","1187.23380899883"
"55.18966","9.46453","1187.38176498998"
"55.18991","9.4646","1187.40991659792"
"55.19022","9.46477","1187.44603661114"
"55.19041","9.46492","1187.46921005255"
"55.19056","9.46508","1187.48873806706"
"55.19219","9.4674","1187.7222681253"
"55.19267","9.46792","1187.78502252128"
"55.19433","9.46935","1187.99071420018"
"55.19429","9.4695","1188.00122236129"
"55.19715","9.47194","1188.35494087862"
"55.19724","9.47194","1188.36494842202"
"55.1982","9.47276","1188.48370518448"
"55.19825","9.47288","1188.49313429095"
"55.19962","9.47403","1188.66205105169"
"55.20048","9.47463","1188.76498036621"
"55.20854","9.47876","1189.69873980261"
"55.20859","9.47875","1189.704335634"
"55.21009","9.47947","1189.87727041263"
"55.21019","9.47954","1189.88924398732"
"55.21443","9.48166","1190.37951884821"
"55.21451","9.48176","1190.39044471758"
"55.21503","9.48202","1190.45057248692"
"55.21512","9.48203","1190.46060011589"
"55.22003","9.48448","1191.02825509102"
"55.22007","9.48455","1191.03453971135"
"55.2204","9.48467","1191.07201512618"
"55.22051","9.48465","1191.08431217496"
"55.22067","9.48471","1191.10250583908"
"55.22148","9.48488","1191.19321685638"
"55.22333","9.48506","1191.39924402025"
"55.22348","9.4851","1191.41611509036"
"55.22439","9.48518","1191.51742959977"
"55.22514","9.48536","1191.6016034989"
"55.2252","9.48535","1191.60830527001"
"55.2258","9.48549","1191.67561043201"
"55.22643","9.48571","1191.74703912091"
"55.22649","9.4857","1191.75374089008"
"55.23358","9.48842","1192.56076045172"
"55.23401","9.48853","1192.60908030289"
"55.23494","9.48866","1192.71281957006"
"55.23592","9.48855","1192.82201356142"
"55.23599","9.48849","1192.83067710445"
"55.23628","9.48846","1192.86297968244"
"55.23632","9.48865","1192.87582105623"
"55.23633","9.48866","1192.87710106386"
"55.23634","9.4887","1192.87987022289"
"55.23642","9.48881","1192.89117385295"
"55.23646","9.48869","1192.89998684838"
"55.23651","9.48874","1192.90638688022"
"55.23657","9.48875","1192.91308863418"
"55.23661","9.48873","1192.91771365643"
"55.23667","9.48867","1192.92539368729"
"55.23668","9.48865","1192.92708020925"
"55.23673","9.48875","1192.93551281546"
"55.23684","9.48924","1192.96890083585"
"55.23705","9.48958","1193.0006805496"
"55.23732","9.48986","1193.03555896084"
"55.23748","9.4901","1193.05896962421"
"55.23757","9.48997","1193.07193430155"
"55.23764","9.48992","1193.08033871644"
"55.23767","9.48991","1193.08373427854"
"55.23771","9.48991","1193.08818207561"
"55.23797","9.49","1193.11765046627"
"55.23841","9.49009","1193.16690783883"
"55.23894","9.4901","1193.22584455998"
"55.23898","9.49011","1193.23033731346"
"55.24046","9.49012","1193.39490702603"
"55.24049","9.49023","1193.40263737667"
"55.24482","9.49027","1193.88411808616"
"55.24486","9.49026","1193.88861082641"
"55.24534","9.4903","1193.94204458347"
"55.24616","9.49029","1194.03322662662"
"55.24626","9.49027","1194.04441815338"
"55.24635","9.49029","1194.05450567396"
"55.24655","9.49028","1194.07675369077"
"55.2466","9.49025","1194.08262964258"
"55.24689","9.49023","1194.11490108082"
"55.24698","9.4902","1194.12508768426"
"55.24733","9.48998","1194.16642876056"
"55.24739","9.4899","1194.17480876657"
"55.24749","9.48981","1194.18730620528"
"55.24766","9.4896","1194.21042557344"
"55.24782","9.48933","1194.23511175733"
"55.2481","9.4887","1194.28574692623"
"55.24878","9.48803","1194.37246880417"
"55.24912","9.48815","1194.41103256964"
"55.24913","9.48807","1194.4162236318"
"55.25016","9.48798","1194.53089637285"
"55.25024","9.48801","1194.53999290878"
"55.25062","9.48807","1194.58241775914"
"55.25072","9.48806","1194.59355529995"
"55.25103","9.48811","1194.62817108698"
"55.25112","9.48809","1194.63825858844"
"55.25294","9.48895","1194.84784461858"
"55.25305","9.48896","1194.86009246831"
"55.2536","9.48926","1194.92413686336"
"55.25368","9.48938","1194.9358401756"
"55.25441","9.48991","1195.02368732036"
"55.25449","9.49002","1195.0349889952"
"55.25682","9.49176","1195.3165620434"
"55.2569","9.4918","1195.32581173351"
"55.25772","9.49241","1195.42484699734"
"55.25837","9.49281","1195.50143942913"
"55.25945","9.49324","1195.62458229552"
"55.25955","9.49326","1195.63577377428"
"55.25961","9.4933","1195.64291070743"
"55.26069","9.49366","1195.76514853283"
"55.26076","9.49366","1195.7729321777"
"55.26112","9.49381","1195.81407522364"
"55.2649","9.49505","1196.24167189207"
"55.26496","9.49504","1196.24837360322"
"55.2651","9.49509","1196.26425994054"
"55.26529","9.49528","1196.28857575414"
"55.26536","9.49516","1196.29945633512"
"55.26543","9.49508","1196.30874475678"
"55.26554","9.495","1196.32198476073"
"55.26575","9.4949","1196.34617991972"
"55.26584","9.49535","1196.37639533171"
"55.26589","9.49539","1196.38250540861"
"55.2696","9.49662","1196.80233358373"
"55.2697","9.49642","1196.81919089762"
"55.27092","9.49721","1196.96378537847"
"55.27145","9.49746","1197.02480945171"
"55.27151","9.49742","1197.03194611529"
"55.27207","9.49756","1197.09484363014"
"55.27462","9.49771","1197.37854984426"
"55.27467","9.49773","1197.38425209247"
"55.27485","9.49774","1197.40427719949"
"55.27491","9.49776","1197.41106810212"
"55.28217","9.49827","1198.21898922975"
"55.28222","9.49826","1198.22458492815"
"55.28301","9.49831","1198.31248597058"
"55.28307","9.49826","1198.31987093014"
"55.28353","9.4983","1198.37108328199"
"55.28359","9.49836","1198.37876109001"
"55.29075","9.49889","1199.17562378666"
"55.29083","9.49888","1199.18454188525"
"55.29169","9.49894","1199.28024494976"
"55.29174","9.49898","1199.28635434274"
"55.29266","9.499","1199.38866151194"
"55.29772","9.4994","1199.95187742911"
"55.29777","9.49937","1199.95775258898"
"55.30238","9.49969","1200.47076126903"
"55.30247","9.49971","1200.48084856477"
"55.30476","9.49985","1200.73563908706"
"55.30478","9.49986","1200.73795130027"
"55.30634","9.4999","1200.91143385965"
"55.30641","9.49993","1200.9194457435"
"55.30728","9.49974","1201.01692984937"
"55.30735","9.49967","1201.02588597942"
"55.3077","9.49959","1201.06513216852"
"55.30771","9.49958","1201.06641161259"
"55.30779","9.49959","1201.07532969198"
"55.30911","9.49921","1201.22406416467"
"55.32513","9.49371","1203.03908194149"
"55.32519","9.49363","1203.04745594309"
"55.32613","9.49326","1203.15456783242"
"55.32622","9.49331","1203.16506331948"
"55.32675","9.49316","1203.22475563611"
"55.32679","9.49313","1203.22959137258"
"55.33056","9.49182","1203.65690768119"
"55.3306","9.49182","1203.66135547826"
"55.33686","9.48965","1204.37083716381"
"55.34244","9.48737","1205.0078368515"
"55.34287","9.4871","1205.0586073621"
"55.34289","9.48724","1205.06773498582"
"55.34378","9.48682","1205.17019993209"
"55.34384","9.48674","1205.1785724946"
"55.34597","9.48579","1205.42291609226"
"55.34788","9.48508","1205.63999074643"
"55.34792","9.48504","1205.64510725382"
"55.34816","9.48496","1205.6722691236"
"55.34823","9.48491","1205.68067021499"
"55.34947","9.48447","1205.82133013894"
"55.3499","9.48442","1205.86924833686"
"55.35075","9.48418","1205.96497416401"
"55.3519","9.48397","1206.09353564574"
"55.35203","9.48392","1206.1083325432"
"55.35217","9.4839","1206.12395109331"
"55.35224","9.48384","1206.1326097557"
"55.35311","9.48366","1206.23001627614"
"55.35316","9.48367","1206.23561184652"
"55.35383","9.48353","1206.31063627799"
"55.35388","9.48354","1206.31623184708"
"55.35725","9.4832","1206.69157457804"
"55.35735","9.48311","1206.70406482333"
"55.35845","9.48301","1206.82654245565"
"55.35855","9.48305","1206.83794576406"
"55.36007","9.48287","1207.00734453936"
"55.36013","9.48288","1207.0140461071"
"55.36099","9.48278","1207.10988238843"
"55.36105","9.48276","1207.11667277871"
"55.36232","9.48265","1207.25806136574"
"55.36238","9.48263","1207.26485174811"
"55.36277","9.4826","1207.30825919856"
"55.36323","9.48252","1207.35965814648"
"55.36492","9.48237","1207.54781653041"
"55.36495","9.48249","1207.556101463"
"55.36499","9.48254","1207.56155743614"
"55.36682","9.48234","1207.76543630176"
"55.3669","9.48226","1207.77566811971"
"55.36907","9.48207","1208.01725964513"
"55.36913","9.48205","1208.02404998737"
"55.37398","9.48153","1208.56434538139"
"55.37404","9.48154","1208.57104692819"
"55.37581","9.48136","1208.76819025004"
"55.37631","9.48127","1208.82407772958"
"55.37639","9.48132","1208.83351757055"
"55.37689","9.48127","1208.88920470357"
"55.37697","9.48122","1208.89864452904"
"55.37734","9.48117","1208.93990774353"
"55.37727","9.48118","1208.94771698601"
"55.37908","9.481","1209.14930080862"
"55.37914","9.48097","1209.15623647455"
"55.37945","9.48095","1209.19073005016"
"55.37952","9.48087","1209.20001053102"
"55.37992","9.48082","1209.24460052066"
"55.37998","9.48088","1209.25227376448"
"55.38988","9.47985","1210.35502443599"
"55.38994","9.47986","1210.36172595885"
"55.39303","9.47952","1210.70598859217"
"55.39304","9.47951","1210.70726736291"
"55.3934","9.47947","1210.74737716113"
"55.39347","9.47948","1210.75518638278"
"55.39467","9.47937","1210.88880099266"
"55.39476","9.4794","1210.89898627767"
"55.39705","9.47915","1211.15411157142"
"55.39714","9.47911","1211.16443294678"
"55.41112","9.47766","1212.72163125887"
"55.41118","9.47764","1212.72842135123"
"55.4162","9.47712","1213.28758402235"
"55.41627","9.47705","1213.29653413656"
"55.41716","9.47695","1213.39569867601"
"55.41723","9.477","1213.40409769556"
"55.41904","9.47682","1213.60568087033"
"55.41912","9.47683","1213.61459882374"
"55.42334","9.47639","1214.08466225541"
"55.42339","9.47637","1214.09036345053"
"55.42496","9.47621","1214.26523120038"
"55.42503","9.47622","1214.27304038127"
"55.42922","9.47578","1214.73977358535"
"55.4293","9.47575","1214.74886833273"
"55.4337","9.4753","1215.23894906192"
"55.43432","9.47528","1215.30790146151"
"55.43565","9.47537","1215.45589966133"
"55.43617","9.47546","1215.51399909798"
"55.43621","9.47548","1215.51862237722"
"55.43624","9.47552","1215.52280509376"
"55.43629","9.47568","1215.53432839049"
"55.43638","9.47579","1215.54650635779"
"55.43641","9.4757","1215.55309132105"
"55.43646","9.47572","1215.55879242372"
"55.4365","9.47572","1215.56324022078"
"55.43655","9.4757","1215.56894132281"
"55.43659","9.47566","1215.57405503229"
"55.43663","9.47559","1215.58032258222"
"55.43665","9.47552","1215.58526676856"
"55.43671","9.47555","1215.59220168099"
"55.43673","9.47553","1215.59475853336"
"55.43678","9.47551","1215.60045963377"
"55.43732","9.4755","1215.6605082077"
"55.43736","9.47549","1215.66500051541"
"55.43738","9.47547","1215.66755735753"
"55.44026","9.47575","1215.98828543653"
"55.44035","9.47579","1215.9986061364"
"55.44204","9.47595","1216.18679636149"
"55.44212","9.47599","1216.1960428172"
"55.44234","9.47596","1216.22057877384"
"55.44242","9.47593","1216.22967339032"
"55.44271","9.4759","1216.26197538771"
"55.44784","9.47632","1216.83302006276"
"55.44791","9.47629","1216.84103034267"
"55.44828","9.4764","1216.88275320866"
"55.44833","9.47654","1216.89318688957"
"55.44837","9.4766","1216.89902644278"
"55.44842","9.47663","1216.9048992736"
"55.44847","9.47664","1216.91049467217"
"55.44851","9.47662","1216.91511784412"
"55.44854","9.47662","1216.91845369192"
"55.4486","9.47656","1216.92612368836"
"55.44864","9.47649","1216.93239029168"
"55.44897","9.47638","1216.96973456951"
"55.45055","9.47651","1217.14561372001"
"55.45067","9.47661","1217.16037218599"
"55.45085","9.47663","1217.18042696938"
"55.45096","9.47659","1217.19291579131"
"55.45102","9.47655","1217.20004839226"
"55.45398","9.47676","1217.52945164932"
"55.45403","9.47679","1217.53532439348"
"55.45478","9.47685","1217.61880635816"
"55.45483","9.47684","1217.62440174528"
"55.45562","9.47686","1217.71225478857"
"55.45576","9.47684","1217.7278730711"
"55.45581","9.47689","1217.73426445034"
"55.45592","9.47687","1217.74656072609"
"55.45603","9.47679","1217.75979143419"
"55.4564","9.47659","1217.80282274832"
"55.45923","9.47408","1218.15505634675"
"55.45962","9.47381","1218.20164366352"
"55.45981","9.47373","1218.22336439769"
"55.46","9.47368","1218.24472530886"
"55.46006","9.47365","1218.25165991582"
"55.46057","9.47352","1218.3089585139"
"55.46065","9.47356","1218.31820464641"
"55.46116","9.47343","1218.37550322695"
"55.46124","9.47336","1218.3854333119"
"55.46405","9.47265","1218.70108063784"
"55.46414","9.47267","1218.71116728678"
"55.4647","9.47254","1218.77397338548"
"55.46478","9.47247","1218.78390329438"
"55.46768","9.47173","1219.10972492663"
"55.46776","9.47176","1219.11881929036"
"55.46802","9.4717","1219.14797629251"
"55.46811","9.47162","1219.15918248694"
"55.46839","9.47157","1219.19047617171"
"55.46848","9.47153","1219.20079643201"
"55.46923","9.47136","1219.2848781985"
"55.46936","9.47142","1219.29982005754"
"55.46957","9.47137","1219.32338270176"
"55.46963","9.47137","1219.33005439735"
"55.4706","9.47117","1219.43864762247"
"55.47067","9.47111","1219.44730131757"
"55.47096","9.47096","1219.4809052012"
"55.47102","9.47095","1219.48760660208"
"55.47108","9.47098","1219.49454106491"
"55.47142","9.47087","1219.53297778213"
"55.47147","9.4708","1219.54007536293"
"55.47242","9.47054","1219.64697400801"
"55.47243","9.47053","1219.64825215267"
"55.4768","9.46943","1220.13909416739"
"55.47686","9.4694","1220.14602855463"
"55.47723","9.46931","1220.18755976891"
"55.47722","9.46917","1220.19645207434"
"55.47888","9.46875","1220.38292351452"
"55.47896","9.46875","1220.39181910865"
"55.47952","9.46857","1220.45511289799"
"55.47958","9.46858","1220.46181428599"
"55.48059","9.4683","1220.5754986554"
"55.48107","9.46821","1220.6291726596"
"55.48119","9.46823","1220.64257543085"
"55.48132","9.46821","1220.6570856013"
"55.4815","9.46835","1220.67895850312"
"55.48156","9.46837","1220.68574817753"
"55.48306","9.4699","1220.87839713638"
"55.48313","9.46995","1220.88679417849"
"55.48415","9.47102","1221.01873751326"
"55.48422","9.47105","1221.02674738202"
"55.48442","9.47125","1221.05230839949"
"55.48449","9.47135","1221.06232254657"
"55.48478","9.47159","1221.09793851333"
"55.48543","9.47193","1221.17332296532"
"55.4859","9.47212","1221.2269380517"
"55.48605","9.47215","1221.24372404464"
"55.48617","9.47214","1221.25708230184"
"55.48632","9.47207","1221.27433475886"
"55.48654","9.4719","1221.30103959825"
"55.48671","9.47184","1221.32031700263"
"55.48678","9.47179","1221.32871393524"
"55.487","9.47171","1221.35369064991"
"55.48706","9.47173","1221.36048029167"
"55.4871","9.47169","1221.36559240813"
"55.48714","9.47167","1221.37021524325"
"55.48772","9.47166","1221.43471137786"
"55.48791","9.47169","1221.4559227867"
"55.48806","9.47174","1221.47289687692"
"55.48811","9.47177","1221.47876909475"
"55.48812","9.47173","1221.48152353362"
"55.48827","9.47167","1221.49862574358"
"55.48835","9.47158","1221.5091747101"
"55.48861","9.47106","1221.5528673007"
"55.48868","9.47083","1221.56931549088"
"55.48873","9.47075","1221.57681962492"
"55.48884","9.47046","1221.59880587278"
"55.48887","9.47019","1221.61613970593"
"55.48911","9.4703","1221.64371157374"
"55.48915","9.47014","1221.65472909161"
"55.48921","9.47003","1221.6643485822"
"55.48927","9.47002","1221.67104995563"
"55.48928","9.47003","1221.67232796744"
"55.48945","9.47004","1221.69124159982"
"55.49001","9.4669","1221.89862439199"
"55.49005","9.46685","1221.90407458409"
"55.49013","9.46646","1221.93020436961"
"55.49036","9.46649","1221.95584893747"
"55.49064","9.46647","1221.98700899959"
"55.49142","9.46625","1222.07484134849"
"55.49402","9.46528","1222.37033477717"
"55.4942","9.46506","1222.39467913854"
"55.49428","9.46489","1222.40860041279"
"55.49445","9.46519","1222.43532925537"
"55.49501","9.46427","1222.5203923834"
"55.49505","9.46405","1222.53494635737"
"55.49515","9.46403","1222.54613698647"
"55.49521","9.46395","1222.55449787284"
"55.49539","9.46389","1222.57486665086"
"55.49555","9.4639","1222.59266898605"
"55.49656","9.46379","1222.70518938728"
"55.49657","9.46378","1222.70646734162"
"55.49671","9.46375","1222.72214889515"
"55.49688","9.46362","1222.74274928915"
"55.49697","9.46352","1222.75457400113"
"55.49713","9.46325","1222.77918578492"
"55.49806","9.46123","1222.94314147357"
"55.49823","9.46105","1222.96518372399"
"55.49835","9.46097","1222.97944678738"
"55.50061","9.45992","1223.23930314566"
"55.50072","9.45989","1223.25167965783"
"55.50254","9.45904","1223.46101486139"
"55.50263","9.45903","1223.47104220101"
"55.5027","9.459","1223.47905186059"
"55.50269","9.45869","1223.49860642983"
"55.5027","9.45868","1223.49988433585"
"55.5028","9.45868","1223.51100382852"
"55.5028","9.45867","1223.51163359874"
"55.50281","9.45867","1223.512745548"
"55.50282","9.45864","1223.51493778959"
"55.50316","9.45864","1223.55274406465"
"55.50349","9.4586","1223.58952475448"
"55.50368","9.45855","1223.61088515056"
"55.50379","9.45848","1223.62388673371"
"55.50414","9.45837","1223.66341666184"
"55.50421","9.45833","1223.67159776523"
"55.50426","9.45832","1223.67719306333"
"55.50478","9.45808","1223.73695707918"
"55.50486","9.45798","1223.74785609648"
"55.50504","9.45789","1223.76865815512"
"55.50513","9.45792","1223.77884245702"
"55.50618","9.45742","1223.89976820361"
"55.50627","9.45741","1223.90979553956"
"55.50674","9.4572","1223.96370424742"
"55.50683","9.45719","1223.97373158282"
"55.5069","9.45716","1223.98174119486"
"55.50696","9.45716","1223.98841289046"
"55.5078","9.45676","1224.08515320036"
"55.50788","9.45668","1224.09537612414"
"55.50838","9.45645","1224.1528289578"
"55.50846","9.45636","1224.16337636871"
"55.50914","9.45604","1224.24162765076"
"55.50924","9.45606","1224.25281822913"
"55.50966","9.4559","1224.30059440087"
"55.5098","9.45592","1224.31621254395"
"55.51014","9.45586","1224.35420711215"
"55.51028","9.45581","1224.37008955658"
"55.51047","9.45582","1224.39122597327"
"55.51049","9.45583","1224.39353728902"
"55.51091","9.4559","1224.44044667725"
"55.51115","9.45589","1224.46714088634"
"55.51177","9.45611","1224.53745956438"
"55.51266","9.45655","1224.64022746842"
"55.51493","9.45791","1224.90676765953"
"55.51503","9.45795","1224.9181687542"
"55.51561","9.45833","1224.98695607772"
"55.51571","9.45845","1225.00039920716"
"55.51589","9.45857","1225.02179261515"
"55.51623","9.45874","1225.06108456956"
"55.51631","9.45874","1225.06998016369"
"55.51737","9.45929","1225.19282735311"
"55.51742","9.45935","1225.19954882424"
"55.51871","9.46006","1225.34979267504"
"55.51886","9.46019","1225.36837142029"
"55.51893","9.46021","1225.37625623307"
"55.51981","9.46072","1225.47923991532"
"55.51986","9.46077","1225.48562876998"
"55.51999","9.46084","1225.50074081421"
"55.52008","9.46093","1225.5122407384"
"55.52071","9.46129","1225.5858677934"
"55.5208","9.4613","1225.59589511476"
"55.52125","9.46158","1225.6489462972"
"55.52129","9.46159","1225.65343841665"
"55.522","9.46199","1225.73630468854"
"55.52205","9.46204","1225.7426934569"
"55.52321","9.46271","1225.87839905521"
"55.52329","9.4628","1225.88894531908"
"55.52359","9.46297","1225.92397799446"
"55.52366","9.46298","1225.93178704808"
"55.52445","9.46346","1226.02468145675"
"55.52459","9.46358","1226.04198433006"
"55.52483","9.46372","1226.07008830695"
"55.52493","9.46382","1226.08286561866"
"55.52505","9.46385","1226.09634195201"
"55.52636","9.46472","1226.25195958695"
"55.52642","9.46474","1226.25874899514"
"55.52643","9.46476","1226.26042856943"
"55.52774","9.46568","1226.41718049627"
"55.52786","9.46583","1226.43352583677"
"55.52861","9.46642","1226.52481517454"
"55.52894","9.46658","1226.56286608652"
"55.52982","9.4672","1226.66821045445"
"55.52989","9.46718","1226.67609521124"
"55.53155","9.4683","1226.8736784228"
"55.53163","9.46842","1226.88534718483"
"55.53189","9.46859","1226.91617378597"
"55.53248","9.46907","1226.9883987394"
"55.53252","9.46909","1226.99302117901"
"55.53255","9.46912","1226.99685419154"
"55.53263","9.46915","1227.00594790858"
"55.53324","9.46955","1227.07829682756"
"55.53334","9.46955","1227.08941632022"
"55.53363","9.46973","1227.12359438597"
"55.53378","9.46975","1227.14032104032"
"55.53666","9.47174","1227.48417400553"
"55.53667","9.47174","1227.48528595479"
"55.53852","9.47298","1227.70529587424"
"55.53858","9.473","1227.7120852103"
"55.53864","9.47307","1227.72007958937"
"55.53973","9.47377","1227.8490363243"
"55.54018","9.47411","1227.90345497755"
"55.54054","9.47433","1227.94581071098"
"55.5406","9.47434","1227.95251200727"
"55.54069","9.47444","1227.96433299518"
"55.54367","9.47644","1228.31878007097"
"55.54374","9.47653","1228.32840523846"
"55.54404","9.47674","1228.36428459662"
"55.54414","9.47688","1228.37846965175"
"55.54414","9.47694","1228.38224430478"
"55.54421","9.47719","1228.39979269201"
"55.54428","9.47709","1228.40980082416"
"55.54434","9.4772","1228.4194133284"
"55.54439","9.47723","1228.42528467747"
"55.5445","9.47723","1228.4375161194"
"55.54457","9.47717","1228.44616671745"
"55.5446","9.4771","1228.45169125908"
"55.54468","9.47719","1228.46223586869"
"55.54495","9.47729","1228.49291052856"
"55.54497","9.47729","1228.49513442709"
"55.54504","9.47736","1228.50407743512"
"55.5475","9.47901","1228.79664837586"
"55.54759","9.4791","1228.80814634891"
"55.55356","9.48302","1229.51629330275"
"55.55446","9.4837","1229.62512459782"
"55.55499","9.48419","1229.69162938185"
"55.55511","9.48422","1229.70510551309"
"55.55629","9.48544","1229.85710341539"
"55.5565","9.48571","1229.88597569264"
"55.55655","9.48574","1229.89184685407"
"55.55747","9.48689","1230.01713009263"
"55.55751","9.48691","1230.02175231453"
"55.56251","9.49383","1230.72778248228"
"55.56334","9.49476","1230.8370417464"
"55.56353","9.4949","1230.8599294722"
"55.56365","9.49512","1230.8791495942"
"55.56413","9.49552","1230.93815252585"
"55.56414","9.49552","1230.93926447511"
"55.56457","9.49583","1230.99089888937"
"55.56468","9.49583","1231.0031303313"
"55.56532","9.49621","1231.07819909315"
"55.56559","9.49632","1231.1090081102"
"55.56579","9.49635","1231.131326949"
"55.56586","9.49643","1231.14059447163"
"55.57061","9.49796","1231.67745869442"
"55.57071","9.49805","1231.68993498738"
"55.57121","9.49821","1231.7464350658"
"55.57127","9.49818","1231.75336821902"
"55.57183","9.49839","1231.81702152124"
"55.57191","9.49839","1231.82591711537"
"55.57457","9.49926","1232.1267096239"
"55.5756","9.49951","1232.24231356055"
"55.57686","9.49969","1232.38287530508"
"55.57762","9.49972","1232.46740448613"
"55.57861","9.49967","1232.57753231758"
"55.57961","9.49954","1232.6890270673"
"55.58051","9.49932","1232.79005329679"
"55.58185","9.49887","1232.94171508693"
"55.58281","9.49841","1233.05230798509"
"55.5846","9.49729","1233.26342676529"
"55.58881","9.49429","1233.7680941812"
"55.58912","9.49411","1233.8043729639"
"55.58918","9.49405","1233.81203631254"
"55.58946","9.49392","1233.84422473934"
"55.58951","9.49387","1233.85061085001"
"55.58994","9.49367","1233.90004874426"
"55.59047","9.49349","1233.96005763355"
"55.59049","9.4935","1233.96236860085"
"55.59074","9.49343","1233.99051316983"
"55.59175","9.49329","1234.10316405095"
"55.59286","9.49338","1234.22671990045"
"55.5947","9.49369","1234.43224361233"
"55.59502","9.49378","1234.46827250131"
"55.59507","9.49378","1234.47383224764"
"55.60087","9.49501","1235.12337576333"
"55.60092","9.49501","1235.12893550966"
"55.60214","9.49525","1235.26542852896"
"55.60218","9.49527","1235.27005036187"
"55.61131","9.49728","1236.29307998706"
"55.61138","9.49732","1236.3012589805"
"55.61235","9.49743","1236.409339067"
"55.61303","9.49745","1236.48496204849"
"55.61388","9.49739","1236.57955281441"
"55.61462","9.49727","1236.66218141682"
"55.61538","9.49704","1236.74791494929"
"55.6169","9.49645","1236.92094432498"
"55.61697","9.49639","1236.92959189075"
"55.61782","9.49606","1237.02635248163"
"55.61788","9.49596","1237.03551441251"
"55.61879","9.49559","1237.13933474971"
"55.61887","9.49562","1237.14842760782"
"55.62154","9.49453","1237.45310447361"
"55.6216","9.49449","1237.46023322089"
"55.62228","9.49423","1237.53758789264"
"55.62229","9.49422","1237.53886485643"
"55.62334","9.49395","1237.65684375959"
"55.62452","9.49384","1237.78823539734"
"55.62583","9.49386","1237.93390616282"
"55.62587","9.49387","1237.93839804799"
"55.62743","9.49389","1238.11186667758"
"55.62747","9.4939","1238.11635855917"
"55.63166","9.49397","1238.58228602319"
"55.63251","9.49408","1238.67705358203"
"55.63348","9.49433","1238.7860481902"
"55.63398","9.49451","1238.84278200624"
"55.63488","9.49491","1238.94595870048"
"55.63492","9.49495","1238.95106615826"
"55.64058","9.49775","1239.60450281124"
"55.64062","9.49775","1239.6089506083"
"55.64069","9.49782","1239.61788834219"
"55.64376","9.49936","1239.97267259388"
"55.64383","9.49938","1239.98055676907"
"55.64677","9.50084","1240.32006402983"
"55.64684","9.50091","1240.32900142474"
"55.65037","9.50265","1240.73641937747"
"55.65044","9.50263","1240.74430351895"
"55.6505","9.50272","1240.75304401355"
"55.65201","9.50349","1240.92775994471"
"55.65206","9.50349","1240.93331969104"
"55.65309","9.504","1241.05223580483"
"55.65318","9.50401","1241.06226299336"
"55.65627","9.50558","1241.41969322845"
"55.65631","9.50562","1241.42480001252"
"55.65662","9.50577","1241.46053167794"
"55.657","9.50606","1241.50653547611"
"55.65907","9.50836","1241.77818833115"
"55.65911","9.50845","1241.78537537401"
"55.66178","9.51148","1242.13788791744"
"55.6622","9.51183","1242.18949206571"
"55.66283","9.51225","1242.26433421018"
"55.66331","9.51245","1242.31916204545"
"55.6662","9.51308","1242.64293539131"
"55.66689","9.51317","1242.71986722707"
"55.66765","9.51337","1242.80530110077"
"55.66769","9.51335","1242.80992236357"
"55.6702","9.51387","1243.09092021875"
"55.67128","9.51427","1243.21360234013"
"55.67133","9.5143","1243.21947173165"
"55.68937","9.52091","1245.26778516021"
"55.68944","9.52098","1245.27672020747"
"55.68991","9.52119","1245.33061383922"
"55.6901","9.52131","1245.35303974332"
"55.6902","9.52134","1245.36431709612"
"55.69024","9.52137","1245.36914601473"
"55.69026","9.52137","1245.37136991326"
"55.69034","9.52142","1245.38080137892"
"55.69035","9.52142","1245.38191332818"
"55.69068","9.52161","1245.42049164457"
"55.69076","9.5217","1245.43102496253"
"55.6912","9.52199","1245.48321783555"
"55.69132","9.52204","1245.49692427767"
"55.69165","9.52225","1245.53590766634"
"55.69225","9.52273","1245.60909355652"
"55.69297","9.5234","1245.69949765209"
"55.69305","9.52352","1245.71114636111"
"55.69476","9.52511","1245.925818179"
"55.6955","9.52571","1246.01628676146"
"55.69559","9.52575","1246.02660347829"
"55.69582","9.52595","1246.05508441642"
"55.69657","9.52632","1246.14164398184"
"55.69665","9.52633","1246.150561622"
"55.69763","9.52669","1246.26184335842"
"55.69783","9.52684","1246.28598724837"
"55.69799","9.52701","1246.30672398782"
"55.69821","9.52731","1246.33757598627"
"55.69913","9.52925","1246.49645856482"
"55.69927","9.52948","1246.51767311636"
"55.69932","9.52953","1246.52405490374"
"55.6994","9.52968","1246.53699627844"
"55.69966","9.52983","1246.56739651343"
"55.69972","9.52984","1246.57409757092"
"55.69987","9.52977","1246.5913439249"
"55.69983","9.53019","1246.61803494571"
"55.69989","9.53023","1246.62516192658"
"55.70085","9.53055","1246.73377596142"
"55.70131","9.53048","1246.78511334357"
"55.70137","9.53045","1246.7920447985"
"55.70168","9.53042","1246.82656644196"
"55.70172","9.5304","1246.83118740879"
"55.70209","9.53047","1246.87256266599"
"55.70226","9.53054","1246.89196797396"
"55.70251","9.5307","1246.92151918106"
"55.70264","9.53081","1246.9375335627"
"55.70276","9.53088","1246.95157930729"
"55.70286","9.53077","1246.9646615891"
"55.70305","9.53119","1246.99840872675"
"55.70328","9.53148","1247.02978118972"
"55.70338","9.53152","1247.04117962539"
"55.70342","9.53158","1247.0470033347"
"55.70349","9.53163","1247.05539377383"
"55.7041","9.53188","1247.12500781446"
"55.70417","9.53194","1247.13365173065"
"55.70415","9.53199","1247.1374935677"
"55.70484","9.53224","1247.21580061898"
"55.70495","9.53233","1247.22926926013"
"55.70502","9.53244","1247.2396655489"
"55.70508","9.53258","1247.25068596984"
"55.7051","9.53268","1247.25733426325"
"55.70515","9.53268","1247.26289400958"
"55.70515","9.53269","1247.26352053939"
"55.70516","9.53269","1247.26463248866"
"55.70516","9.5327","1247.2652590183"
"55.70517","9.5327","1247.26637096757"
"55.70517","9.53271","1247.26699749706"
"55.70518","9.53271","1247.26810944632"
"55.70518","9.53272","1247.26873597565"
"55.70519","9.53273","1247.27001228677"
"55.70519","9.53275","1247.2712653451"
"55.7052","9.53275","1247.27237729437"
"55.7052","9.53277","1247.27363035238"
"55.70548","9.53343","1247.32539180436"
"55.70596","9.53426","1247.39990934482"
"55.706","9.5343","1247.40501456426"
"55.70603","9.53437","1247.41052468853"
"55.70619","9.53457","1247.43228553652"
"55.7062","9.53461","1247.43502720186"
"55.70629","9.5347","1247.44651392683"
"55.70649","9.53499","1247.47523112241"
"55.70655","9.535","1247.48193216965"
"55.70669","9.53519","1247.50152902257"
"55.70696","9.53544","1247.53539160578"
"55.70712","9.53553","1247.55405491234"
"55.70746","9.53567","1247.59286526881"
"55.70739","9.53627","1247.6312522868"
"55.70742","9.5365","1247.64604273519"
"55.70727","9.53831","1247.76065836312"
"55.70735","9.53846","1247.77359834926"
"55.70875","9.54028","1247.96656104727"
"55.70883","9.54034","1247.97621818908"
"55.70905","9.54061","1248.00595938187"
"55.70907","9.54062","1248.00826983329"
"55.70951","9.5412","1248.06921205322"
"55.70982","9.54151","1248.10877660482"
"55.71216","9.54435","1248.42398008876"
"55.71219","9.54435","1248.42731593656"
"55.71246","9.54472","1248.46524412799"
"55.71248","9.54483","1248.47248465439"
"55.71261","9.54498","1248.48972544473"
"55.71267","9.54498","1248.49639714033"
"55.71269","9.54522","1248.51159455461"
"55.71279","9.54574","1248.54601341415"
"55.71277","9.54581","1248.55092998351"
"55.71285","9.54625","1248.57989186084"
"55.71293","9.54712","1248.63511039855"
"55.71298","9.54731","1248.648246645"
"55.71304","9.54734","1248.65517794772"
"55.71349","9.54739","1248.70531358909"
"55.71432","9.54756","1248.79821766571"
"55.71454","9.54847","1248.86024596009"
"55.71476","9.54904","1248.90352613781"
"55.71577","9.55065","1249.05446515251"
"55.71603","9.55133","1249.10594264269"
"55.71644","9.55363","1249.25704527508"
"55.71663","9.55425","1249.30125381162"
"55.71734","9.556","1249.43633561507"
"55.71737","9.55617","1249.44749361519"
"55.7175","9.55656","1249.47587731173"
"55.71758","9.55669","1249.48793669493"
"55.71765","9.55692","1249.50431064102"
"55.71767","9.55707","1249.51396520417"
"55.71799","9.55804","1249.58437197871"
"55.71804","9.55809","1249.59075302942"
"55.71838","9.55913","1249.66606693965"
"55.71841","9.5593","1249.67722466922"
"55.71876","9.56037","1249.75472127609"
"55.71883","9.56051","1249.76644600054"
"55.7189","9.56082","1249.78736371821"
"55.71972","9.56328","1249.96639297721"
"55.71981","9.56343","1249.98011909378"
"55.72088","9.56662","1250.21264879245"
"55.72098","9.56702","1250.24005680745"
"55.7219","9.56979","1250.44144999431"
"55.72192","9.56998","1250.45355499241"
"55.72225","9.57102","1250.52831127858"
"55.72231","9.57108","1250.53596833805"
"55.72238","9.57123","1250.5481678798"
"55.72258","9.57186","1250.59345783918"
"55.7226","9.57203","1250.60433388725"
"55.72369","9.57535","1250.84499439355"
"55.72377","9.57547","1250.85663928735"
"55.72379","9.57564","1250.86751501785"
"55.72528","9.58019","1251.19711311065"
"55.72535","9.5803","1251.2075070226"
"55.72545","9.58058","1251.22826937435"
"55.72546","9.58084","1251.24458861062"
"55.72585","9.58214","1251.33682509993"
"55.72592","9.5822","1251.34546810626"
"55.72626","9.58319","1251.4180798987"
"55.72634","9.5833","1251.42933056442"
"55.72748","9.58684","1251.68468399735"
"55.72932","9.59421","1252.18948324321"
"55.72934","9.5944","1252.2015860189"
"55.72997","9.59683","1252.36908945196"
"55.72998","9.59698","1252.37854702257"
"55.73013","9.59756","1252.41850972168"
"55.7302","9.59769","1252.42977202166"
"55.73112","9.60129","1252.67730358706"
"55.73113","9.60147","1252.68862834805"
"55.7316","9.60308","1252.80217413602"
"55.73166","9.60318","1252.81132357818"
"55.73261","9.60642","1253.04003546419"
"55.73267","9.60653","1253.04962410326"
"55.73328","9.60853","1253.19203192558"
"55.73329","9.60869","1253.20211070989"
"55.73458","9.6129","1253.50218917107"
"55.73463","9.61314","1253.51821018227"
"55.73469","9.61325","1253.52779856538"
"55.73533","9.61519","1253.66856599445"
"55.7354","9.61528","1253.67817493171"
"55.73591","9.61651","1253.77380661592"
"55.73785","9.62033","1254.09586603533"
"55.73785","9.62034","1254.09649204075"
"55.73807","9.62076","1254.13240457372"
"55.7381","9.62091","1254.14236953461"
"55.73901","9.62271","1254.29381401317"
"55.73904","9.6228","1254.30036141532"
"55.73909","9.6228","1254.30592116165"
"55.74039","9.62523","1254.51576332204"
"55.74044","9.62541","1254.52832772068"
"55.74075","9.62604","1254.58070495189"
"55.74089","9.62611","1254.59687714543"
"55.74147","9.62725","1254.69306131304"
"55.74149","9.62742","1254.70393231959"
"55.74273","9.62999","1254.91580299155"
"55.74465","9.63462","1255.27575046009"
"55.74471","9.63471","1255.28448217919"
"55.74475","9.63489","1255.29659449356"
"55.74522","9.63602","1255.38453423583"
"55.74525","9.63619","1255.39568498237"
"55.74764","9.64191","1255.84154089309"
"55.74767","9.64207","1255.85209548786"
"55.74882","9.64477","1256.06400311083"
"55.74893","9.64492","1256.07942167067"
"55.74955","9.64645","1256.19740926177"
"55.74956","9.64646","1256.19868522373"
"55.75212","9.6529","1256.69209222991"
"55.75218","9.65297","1256.70007343965"
"55.75219","9.65306","1256.70581413836"
"55.76196","9.67882","1258.64954616554"
"55.763","9.68095","1258.82598350152"
"55.76308","9.68104","1258.83651123316"
"55.76311","9.68112","1258.84252587687"
"55.76479","9.68405","1259.10424097149"
"55.76484","9.68408","1259.11010892273"
"55.76484","9.68416","1259.11511350229"
"55.76487","9.68431","1259.12507239339"
"55.7649","9.68438","1259.13057725847"
"55.76496","9.68444","1259.13823230445"
"55.76494","9.68453","1259.14428574624"
"55.76498","9.68454","1259.14877732027"
"55.76507","9.68451","1259.15895931218"
"55.76672","9.68685","1259.39366964532"
"55.76715","9.68762","1259.46153843047"
"55.76989","9.69195","1259.86919584501"
"55.76989","9.69196","1259.86982133643"
"55.77093","9.69355","1260.0223464223"
"55.77147","9.69456","1260.10950260017"
"55.77149","9.69458","1260.11205417911"
"55.77194","9.6955","1260.18830976455"
"55.77256","9.69701","1260.30523886048"
"55.7736","9.70053","1260.55391826577"
"55.77467","9.70599","1260.91553305804"
"55.77472","9.70614","1260.92643800964"
"55.77482","9.70685","1260.97221341497"
"55.7751","9.70806","1261.05404256514"
"55.77563","9.70959","1261.16642178222"
"55.77596","9.71036","1261.2269645761"
"55.77599","9.71049","1261.2357524494"
"55.77649","9.7115","1261.31990001043"
"55.77663","9.71171","1261.34026709404"
"55.77668","9.71193","1261.35510639941"
"55.77696","9.71245","1261.40012747852"
"55.77702","9.71245","1261.40679917412"
"55.77718","9.71272","1261.43132741267"
"55.77721","9.71285","1261.44011505052"
"55.77771","9.71372","1261.51790463694"
"55.77779","9.71377","1261.52733377469"
"55.77927","9.7163","1261.75561986295"
"55.77938","9.71654","1261.77498098514"
"55.77987","9.71733","1261.8485280965"
"55.78","9.71749","1261.86610827197"
"55.78018","9.71779","1261.89354064349"
"55.78022","9.71792","1261.90280711016"
"55.78051","9.71841","1261.94728968974"
"55.78058","9.71848","1261.95621971686"
"55.78075","9.71876","1261.98198579599"
"55.78081","9.71883","1261.98996524134"
"55.78085","9.71899","1262.00091439666"
"55.78126","9.71967","1262.06325616514"
"55.78132","9.71981","1262.07426296394"
"55.78154","9.72018","1262.10793375978"
"55.78168","9.72034","1262.1264388295"
"55.78428","9.72475","1262.52596392671"
"55.7843","9.72483","1262.53143809846"
"55.7903","9.73503","1263.45436673462"
"55.79037","9.73509","1263.46300704585"
"55.79043","9.73524","1263.47451564243"
"55.79196","9.73786","1263.7106734524"
"55.79197","9.73794","1263.71579667459"
"55.79205","9.73801","1263.72571033073"
"55.79412","9.74154","1264.04457361924"
"55.79421","9.74164","1264.0563730327"
"55.79647","9.74553","1264.40605492244"
"55.79651","9.74573","1264.41932387755"
"55.79689","9.74641","1264.47925725872"
"55.79696","9.7466","1264.49345679132"
"55.79753","9.74764","1264.58424706407"
"55.79771","9.74771","1264.60473479618"
"55.79791","9.74808","1264.63681925162"
"55.79801","9.74816","1264.64901131432"
"55.80509","9.76079","1265.76384675445"
"55.80513","9.7609","1265.77203438893"
"55.80525","9.761","1265.7867686755"
"55.80591","9.76213","1265.88861407859"
"55.80594","9.76227","1265.89797725592"
"55.8061","9.76254","1265.92249686901"
"55.80618","9.7626","1265.9321503673"
"55.80657","9.76332","1265.9946403816"
"55.80661","9.76346","1266.00445473297"
"55.80666","9.7635","1266.0105505359"
"55.80677","9.76349","1266.0227979304"
"55.80683","9.76353","1266.0299225008"
"55.80681","9.76361","1266.03539402923"
"55.80688","9.76374","1266.04664477476"
"55.80689","9.76391","1266.05732607135"
"55.80694","9.76395","1266.06342186691"
"55.80697","9.76403","1266.0694318258"
"55.80761","9.76498","1266.16210644579"
"55.80762","9.76502","1266.16484216336"
"55.8108","9.77022","1266.64506156339"
"55.81181","9.77204","1266.80488873106"
"55.81181","9.77206","1266.8061383683"
"55.81277","9.77415","1266.97480228729"
"55.81354","9.77628","1267.13304753092"
"55.81465","9.78058","1267.42869975917"
"55.81474","9.7808","1267.44570198534"
"55.81498","9.78176","1267.51134900572"
"55.81499","9.78191","1267.52078625743"
"55.81585","9.78456","1267.71198061024"
"55.81604","9.78502","1267.74764934937"
"55.81685","9.78664","1267.88313144394"
"55.81748","9.78766","1267.97783087207"
"55.81822","9.78864","1268.08039265243"
"55.81827","9.78867","1268.08625978139"
"55.81852","9.78892","1268.11814529322"
"55.81858","9.78902","1268.12728519653"
"55.8187","9.78907","1268.14098930617"
"55.81934","9.78967","1268.22142148448"
"55.82079","9.79081","1268.39768103661"
"55.82083","9.79082","1268.40217248588"
"55.82207","9.79183","1268.5538031101"
"55.82214","9.79194","1268.56418570778"
"55.82222","9.79198","1268.57342554758"
"55.8229","9.79265","1268.65984769596"
"55.82362","9.79357","1268.75839741159"
"55.82367","9.79367","1268.76675964035"
"55.82582","9.79663","1269.06897882501"
"55.82587","9.79676","1269.07881958285"
"55.82595","9.79681","1269.08824743954"
"55.82761","9.79913","1269.32291259126"
"55.82766","9.79924","1269.33175060944"
"55.83012","9.80261","1269.67689131278"
"55.83019","9.80266","1269.68527796203"
"55.83116","9.80399","1269.82141261225"
"55.8312","9.80412","1269.8306697474"
"55.83158","9.80464","1269.8839612257"
"55.83168","9.80472","1269.89615151549"
"55.8317","9.80475","1269.89905938767"
"55.8316","9.80484","1269.9115186471"
"55.83168","9.80495","1269.92275793808"
"55.83173","9.80478","1269.93474211773"
"55.83302","9.80657","1270.11659641785"
"55.83306","9.80668","1270.12477991149"
"55.8357","9.81035","1270.4971986137"
"55.83578","9.8104","1270.506626209"
"55.83611","9.81086","1270.55322590882"
"55.83616","9.81099","1270.56306489442"
"55.83861","9.81439","1270.90844515718"
"55.83868","9.81444","1270.91683155265"
"55.83909","9.81501","1270.97466822376"
"55.83914","9.81512","1270.98350466576"
"55.83922","9.81522","1270.99437280861"
"55.83927","9.81526","1271.00046775306"
"55.83979","9.81597","1271.07332724131"
"55.83985","9.8161","1271.08383409106"
"55.84259","9.81998","1271.47307646674"
"55.84269","9.82007","1271.48553500974"
"55.84299","9.82046","1271.52683437134"
"55.84307","9.82064","1271.54116677403"
"55.84314","9.82067","1271.54917258836"
"55.84348","9.82112","1271.59627451656"
"55.84425","9.82199","1271.69766908732"
"55.84434","9.82214","1271.71137470471"
"55.84454","9.82235","1271.73719038816"
"55.84487","9.82261","1271.77731440596"
"55.84538","9.82291","1271.83703638341"
"55.84564","9.823","1271.8664879536"
"55.84576","9.82298","1271.87988963122"
"55.84646","9.82314","1271.95836433157"
"55.84653","9.82319","1271.96675049241"
"55.84678","9.82319","1271.99454922408"
"55.84809","9.82296","1272.1409204578"
"55.84814","9.82294","1272.14661865576"
"55.84823","9.82287","1272.15753857767"
"55.84826","9.82287","1272.16087442547"
"55.84831","9.8229","1272.16674109234"
"55.85227","9.82219","1272.60929764018"
"55.8526","9.82216","1272.6460397114"
"55.85331","9.8222","1272.72502757568"
"55.85396","9.82242","1272.7985970564"
"55.85468","9.8229","1272.88407905817"
"55.85546","9.8236","1272.98119315498"
"55.85595","9.82396","1273.04012944738"
"55.85652","9.82424","1273.10587546362"
"55.85679","9.82433","1273.13641900203"
"55.85732","9.82439","1273.19547115553"
"55.8574","9.82435","1273.2047103845"
"55.859","9.82439","1273.38263977912"
"55.85903","9.8244","1273.38603349864"
"55.86187","9.82448","1273.70186654885"
"55.86193","9.82446","1273.70865397084"
"55.86284","9.82449","1273.80985866927"
"55.86294","9.82455","1273.8215915538"
"55.86393","9.8246","1273.93171873475"
"55.86399","9.82457","1273.93864807055"
"55.86481","9.8246","1274.02984712366"
"55.86486","9.82463","1274.03571353602"
"55.86528","9.8246","1274.08245290441"
"55.86561","9.82453","1274.11940625824"
"55.86731","9.82396","1274.31175413136"
"55.86736","9.82391","1274.31812930981"
"55.86754","9.82386","1274.33838605592"
"55.8681","9.82378","1274.40085494226"
"55.86819","9.82382","1274.41116897264"
"55.86832","9.82381","1274.42563777129"
"55.86836","9.82383","1274.43025729048"
"55.86923","9.82398","1274.52744849398"
"55.86943","9.82406","1274.55024068868"
"55.86971","9.82411","1274.58153115111"
"55.87041","9.82409","1274.65937760035"
"55.87048","9.82432","1274.67570193286"
"55.87056","9.82435","1274.68479228951"
"55.87086","9.82431","1274.71824397899"
"55.87088","9.8243","1274.7205537276"
"55.87148","9.82426","1274.787317337"
"55.87159","9.82421","1274.79994026012"
"55.87201","9.82413","1274.84690804789"
"55.87254","9.82412","1274.90584466084"
"55.87329","9.82401","1274.98952270617"
"55.87347","9.82404","1275.00962509838"
"55.87377","9.82401","1275.04303603197"
"55.87417","9.82391","1275.087949338"
"55.87422","9.82395","1275.09404336267"
"55.8743","9.82395","1275.1029389568"
"55.87437","9.82389","1275.11157575775"
"55.87607","9.82378","1275.30073163312"
"55.87642","9.82372","1275.33982940812"
"55.87759","9.82362","1275.47007692403"
"55.87803","9.82362","1275.51900269176"
"55.87829","9.82359","1275.54797386851"
"55.87839","9.82356","1275.55924971418"
"55.87848","9.8236","1275.56956358457"
"55.87896","9.82364","1275.62299543205"
"55.87984","9.82381","1275.72141980108"
"55.88067","9.82413","1275.81584509874"
"55.88122","9.82443","1275.87980067032"
"55.88534","9.82717","1276.36875744534"
"55.88667","9.82798","1276.52503563863"
"55.88783","9.82853","1276.65850397589"
"55.88789","9.82859","1276.66615322206"
"55.88794","9.82856","1276.67201927956"
"55.88836","9.8287","1276.71953014827"
"55.88842","9.82877","1276.72750296469"
"55.88906","9.82898","1276.79986253557"
"55.88987","9.82914","1276.89048134315"
"55.88993","9.82912","1276.89726859977"
"55.89094","9.82929","1277.01007464525"
"55.89187","9.82937","1277.1136061697"
"55.89199","9.82934","1277.12708004129"
"55.89208","9.82939","1277.13756196239"
"55.89985","9.82906","1278.00179148101"
"55.90084","9.82907","1278.11187622351"
"55.90093","9.829","1278.12279377525"
"55.90145","9.82904","1278.1806688786"
"55.90146","9.82909","1278.18397817723"
"55.90157","9.82927","1278.20057680735"
"55.9016","9.82929","1278.20413802545"
"55.90165","9.8293","1278.20973261005"
"55.9017","9.82928","1278.2154304312"
"55.9018","9.82918","1278.22817808318"
"55.90184","9.82907","1278.23635137754"
"55.90184","9.82903","1278.23884486774"
"55.90224","9.82898","1278.28343191302"
"55.90367","9.82899","1278.44244187997"
"55.90861","9.82972","1278.99362612508"
"55.90921","9.82974","1279.06035472481"
"55.90927","9.82971","1279.0672834713"
"55.90932","9.82973","1279.07298123886"
"55.90948","9.8297","1279.09087040756"
"55.9096","9.8297","1279.10421379875"
"55.91039","9.82953","1279.19269443615"
"55.91041","9.82959","1279.19704517297"
"55.91045","9.82965","1279.20285603032"
"55.91045","9.82966","1279.2034792645"
"55.91052","9.82972","1279.21211455559"
"55.91053","9.82972","1279.21322650485"
"55.91056","9.82974","1279.21678762213"
"55.91063","9.83006","1279.23819615052"
"55.91072","9.83032","1279.25724136941"
"55.91096","9.8307","1279.2929212343"
"55.9113","9.83101","1279.33537796244"
"55.91147","9.83111","1279.35528195247"
"55.91195","9.83147","1279.41317925903"
"55.91261","9.83205","1279.49498646252"
"55.91266","9.83205","1279.50054620885"
"55.9148","9.83355","1279.75620534178"
"55.91617","9.8343","1279.91555049068"
"55.91623","9.83435","1279.92291385699"
"55.92141","9.83709","1280.52367391885"
"55.92142","9.83709","1280.52478586812"
"55.92292","9.83789","1280.69886657393"
"55.92299","9.83797","1280.70810930237"
"55.92662","9.83991","1281.12945367831"
"55.92671","9.83993","1281.13953848416"
"55.93053","9.84197","1281.58290555206"
"55.93059","9.84202","1281.59026843007"
"55.9322","9.84288","1281.77713520065"
"55.93228","9.84294","1281.78678398463"
"55.93682","9.84538","1282.31398843291"
"55.93712","9.84558","1282.34959663296"
"55.93733","9.84576","1282.3754991567"
"55.93734","9.84578","1282.37716887539"
"55.93776","9.84622","1282.43131678806"
"55.93947","9.84865","1282.67433331861"
"55.93956","9.84883","1282.68936031619"
"55.93983","9.84922","1282.72797709322"
"55.93992","9.84928","1282.73865945521"
"55.94018","9.84967","1282.77641808076"
"55.94063","9.85011","1282.83346713242"
"55.94094","9.8503","1282.86991176079"
"55.94263","9.85108","1283.06400721315"
"55.94285","9.85123","1283.0901927408"
"55.94323","9.85158","1283.13773664177"
"55.94584","9.85485","1283.49226080265"
"55.94589","9.85488","1283.49812596957"
"55.94657","9.85576","1283.59150497766"
"55.94662","9.85589","1283.60132493469"
"55.94768","9.85713","1283.74222772867"
"55.94782","9.85721","1283.75857250249"
"55.95075","9.86089","1284.15687207661"
"55.95077","9.8609","1284.15918147874"
"55.95179","9.86212","1284.29568391239"
"55.95203","9.86236","1284.32626881835"
"55.95848","9.86767","1285.11598572563"
"55.95856","9.86778","1285.12721132274"
"55.96461","9.87277","1285.86817482056"
"55.96467","9.8728","1285.87510284645"
"55.96758","9.87522","1286.23201237366"
"55.9691","9.87636","1286.41531364753"
"55.96917","9.87645","1286.42490280937"
"55.97136","9.87808","1286.6886993294"
"55.97175","9.87827","1286.73364807802"
"55.97221","9.87842","1286.78564236439"
"55.97226","9.87842","1286.79120211073"
"55.97291","9.87861","1286.86443934474"
"55.97295","9.87865","1286.86953616862"
"55.97324","9.87873","1286.90216464182"
"55.97328","9.87873","1286.90661243889"
"55.97357","9.8788","1286.93915179112"
"55.97388","9.87892","1286.97442161531"
"55.97423","9.87912","1287.01528097227"
"55.9743","9.87896","1287.02791797055"
"55.97473","9.87942","1287.0836435944"
"55.97505","9.87969","1287.12299233795"
"55.97564","9.8801","1287.19338245009"
"55.97574","9.88015","1287.20492892046"
"55.9758","9.8802","1287.21229026158"
"55.97627","9.88045","1287.26681749025"
"55.97736","9.88085","1287.39054859313"
"55.97743","9.8809","1287.39893084433"
"55.98087","9.88221","1287.79002725384"
"55.98136","9.88235","1287.84520446282"
"55.98181","9.88238","1287.89527697114"
"55.98212","9.88231","1287.93002136363"
"55.98484","9.88128","1288.23918372678"
"55.98537","9.88112","1288.29895151257"
"55.98538","9.88111","1288.3002256208"
"55.98582","9.88101","1288.34954521485"
"55.98608","9.88087","1288.37973895021"
"55.98788","9.87959","1288.59514357151"
"55.98795","9.87957","1288.6030259954"
"55.9881","9.87947","1288.62082722488"
"55.98855","9.87926","1288.67254162397"
"55.98885","9.87919","1288.70618302559"
"55.9892","9.87919","1288.74510124992"
"55.99536","9.88066","1289.43613613169"
"55.9954","9.88066","1289.44058392876"
"55.99905","9.88154","1289.85011783407"
"55.9991","9.88157","1289.85598218377"
"56.00324","9.88257","1290.3205092577"
"56.00328","9.88259","1290.32512760693"
"56.00476","9.88296","1290.49129611155"
"56.00482","9.88295","1290.49799671259"
"56.00664","9.88337","1290.702049048"
"56.00748","9.88342","1290.79550449467"
"56.01345","9.88301","1291.45982728285"
"56.01381","9.88303","1291.49987675499"
"56.01595","9.88332","1291.73851561532"
"56.01724","9.8836","1291.88300889248"
"56.01781","9.88384","1291.94812156887"
"56.01814","9.88405","1291.98706791511"
"56.01842","9.88428","1292.02132714402"
"56.0189","9.88476","1292.08247179313"
"56.01953","9.88566","1292.17211535398"
"56.01976","9.88609","1292.2091048186"
"56.02026","9.88727","1292.30113150804"
"56.02178","9.89202","1292.64128523575"
"56.02182","9.8921","1292.64795600603"
"56.0232","9.89638","1292.95501977569"
"56.02327","9.89651","1292.96623791709"
"56.02328","9.89663","1292.97377740029"
"56.02614","9.90536","1293.60260071378"
"56.02614","9.90539","1293.60446483428"
"56.0265","9.90663","1293.69129288468"
"56.02657","9.90703","1293.71733785598"
"56.02663","9.90777","1293.76380044597"
"56.02708","9.90769","1293.81408446856"
"56.02746","9.9077","1293.85634310902"
"56.0281","9.90748","1293.92880883219"
"56.02832","9.90744","1293.95339764478"
"56.02849","9.90752","1293.97294339703"
"56.02862","9.90764","1293.98920836049"
"56.02868","9.90783","1294.00276849744"
"56.02872","9.90838","1294.03723000814"
"56.02875","9.90851","1294.04596905035"
"56.02886","9.90855","1294.05845043646"
"56.02898","9.90853","1294.0718515665"
"56.02931","9.90853","1294.1085458923"
"56.02952","9.90862","1294.13255704279"
"56.0296","9.90884","1294.14886573132"
"56.03019","9.90832","1294.22199467103"
"56.03055","9.90794","1294.26846862386"
"56.03078","9.90764","1294.30011487423"
"56.03093","9.90756","1294.31751894559"
"56.0312","9.90752","1294.34764425767"
"56.03128","9.90749","1294.35673302118"
"56.03136","9.90743","1294.36637810523"
"56.03148","9.90728","1294.38265372993"
"56.03159","9.90709","1294.39965235146"
"56.0317","9.90683","1294.41991415645"
"56.0318","9.90669","1294.43403144057"
"56.0323","9.90634","1294.493729948"
"56.03242","9.90621","1294.50932728157"
"56.0325","9.90615","1294.51897232306"
"56.03257","9.90612","1294.52697600481"
"56.03268","9.90613","1294.53922321458"
"56.03363","9.90661","1294.64898684266"
"56.0338","9.90673","1294.66930692918"
"56.0348","9.90773","1294.79667933588"
"56.03523","9.90822","1294.85336066643"
"56.03532","9.90822","1294.86336820982"
"56.03639","9.90694","1295.00647188511"
"56.03878","9.91291","1295.46271295246"
"56.03908","9.91379","1295.52675047695"
"56.03915","9.9139","1295.53710771777"
"56.03973","9.91531","1295.64587453428"
"56.03975","9.91546","1295.65545358217"
"56.04036","9.91692","1295.7687012893"
"56.04043","9.917","1295.77793587666"
"56.04082","9.918","1295.85369051497"
"56.04136","9.91985","1295.98334253042"
"56.04138","9.92002","1295.99413336231"
"56.04157","9.92041","1296.02627602764"
"56.04176","9.92058","1296.04989479721"
"56.04186","9.92061","1296.06116933675"
"56.04187","9.92062","1296.06244300143"
"56.04199","9.92066","1296.076015721"
"56.04224","9.92062","1296.10392525434"
"56.0424","9.92117","1296.14244168274"
"56.04246","9.92113","1296.14956095167"
"56.04353","9.92693","1296.52893970511"
"56.04354","9.92711","1296.54017455038"
"56.04415","9.92963","1296.71075441111"
"56.04452","9.93078","1296.79318074818"
"56.04524","9.93237","1296.92030787281"
"56.04528","9.93254","1296.93176460651"
"56.0461","9.93418","1297.06846840515"
"56.04619","9.93431","1297.08132667345"
"56.04652","9.93498","1297.13680535649"
"56.04661","9.93508","1297.14858332666"
"56.04694","9.93575","1297.20406166995"
"56.04699","9.93592","1297.21599376009"
"56.04755","9.93715","1297.31454546332"
"56.04798","9.93838","1297.40466206308"
"56.04837","9.93989","1297.50797781777"
"56.04852","9.94098","1297.57769303335"
"56.04862","9.94242","1297.66780749264"
"56.04863","9.94243","1297.66908110425"
"56.04891","9.94424","1297.78571610239"
"56.04944","9.9441","1297.84528724858"
"56.05027","9.94376","1297.93996334652"
"56.05082","9.9492","1298.28326809812"
"56.05158","9.95281","1298.52283836111"
"56.05163","9.95295","1298.53315764183"
"56.05273","9.95778","1298.85706100988"
"56.05283","9.95781","1298.86833546187"
"56.05386","9.95694","1298.99496724906"
"56.05394","9.95685","1299.00547253998"
"56.05402","9.95672","1299.01748458639"
"56.05409","9.95653","1299.0316185004"
"56.05412","9.95636","1299.04268875871"
"56.05424","9.95636","1299.05603214991"
"56.05514","9.95612","1299.15721100212"
"56.05528","9.95604","1299.17355156598"
"56.05554","9.95595","1299.20299735632"
"56.05574","9.95592","1299.22531421328"
"56.05586","9.95602","1299.24003145761"
"56.05591","9.9562","1299.25251408918"
"56.05591","9.95653","1299.27300360079"
"56.05587","9.95675","1299.28736917761"
"56.05585","9.95708","1299.30797905145"
"56.05587","9.95723","1299.31755431316"
"56.05595","9.95737","1299.32999181694"
"56.05681","9.95816","1299.43746531352"
"56.0575","9.95847","1299.5165671449"
"56.05752","9.95849","1299.51911422865"
"56.05784","9.95866","1299.55622901818"
"56.05785","9.95866","1299.55734096745"
"56.05794","9.95874","1299.56851329966"
"56.05802","9.95888","1299.58095047736"
"56.05811","9.95912","1299.59889984248"
"56.05825","9.95968","1299.63699389287"
"56.0583","9.9598","1299.64628998724"
"56.05838","9.9599","1299.65713792294"
"56.05848","9.95997","1299.66907654199"
"56.05868","9.95993","1299.69145375741"
"56.05869","9.95992","1299.69272729006"
"56.05886","9.95987","1299.7118836185"
"56.05908","9.95988","1299.73635437933"
"56.05916","9.95993","1299.74577604232"
"56.05945","9.96031","1299.78573122526"
"56.05945","9.96032","1299.78635206255"
"56.05971","9.96066","1299.82214859719"
"56.06009","9.96129","1299.87972618045"
"56.06065","9.96199","1299.95566042095"
"56.06066","9.96202","1299.95782956016"
"56.06114","9.9626","1300.02221322679"
"56.06123","9.96266","1300.03289149811"
"56.06125","9.96266","1300.03511539664"
"56.06132","9.96269","1300.04311875517"
"56.06144","9.96267","1300.05651978835"
"56.06199","9.96239","1300.1200992892"
"56.06222","9.96234","1300.14586179561"
"56.06238","9.96233","1300.16366381127"
"56.06247","9.96235","1300.17374807837"
"56.06255","9.96239","1300.18298375048"
"56.06267","9.96261","1300.20207741342"
"56.06314","9.96399","1300.30242810074"
"56.06356","9.96484","1300.37289296924"
"56.06394","9.96586","1300.44901536473"
"56.06409","9.96617","1300.47448134485"
"56.06428","9.96644","1300.50144924506"
"56.06435","9.96649","1300.50982890315"
"56.06447","9.96653","1300.52340135781"
"56.06458","9.96652","1300.53564854153"
"56.06466","9.96649","1300.54473697458"
"56.06531","9.96609","1300.62115979171"
"56.06598","9.96595","1300.69616553341"
"56.06713","9.96559","1300.82597750143"
"56.06732","9.9655","1300.84783063892"
"56.06764","9.96529","1300.88572540511"
"56.06839","9.9649","1300.97256386178"
"56.06884","9.96486","1301.02266313536"
"56.06889","9.96484","1301.02835978194"
"56.06909","9.96481","1301.05067658509"
"56.07155","9.96479","1301.32421892119"
"56.07272","9.96491","1301.45452998364"
"56.0732","9.96485","1301.50803328726"
"56.07361","9.96473","1301.55422748427"
"56.07385","9.9646","1301.58210714165"
"56.07386","9.9646","1301.58321909092"
"56.07407","9.9645","1301.60738065185"
"56.07458","9.9644","1301.66442862847"
"56.07563","9.96406","1301.78307456955"
"56.076","9.96405","1301.82422137241"
"56.07641","9.96412","1301.87001777943"
"56.07729","9.96408","1301.96790079352"
"56.07762","9.96413","1302.00472606367"
"56.07918","9.96455","1302.18013710979"
"56.07924","9.96458","1302.18706364701"
"56.08031","9.96479","1302.30675366284"
"56.08261","9.96502","1302.56289985825"
"56.08306","9.96518","1302.61391285495"
"56.08522","9.96639","1302.86555331063"
"56.08544","9.96656","1302.89219303749"
"56.08637","9.96753","1303.0118404904"
"56.088","9.96895","1303.21336357262"
"56.08865","9.97","1303.31066220131"
"56.08873","9.97027","1303.32962771044"
"56.08873","9.97031","1303.33210917361"
"56.08925","9.9701","1303.39137997658"
"56.09123","9.96951","1303.61456738299"
"56.09202","9.96938","1303.70278074615"
"56.09241","9.9694","1303.74616450979"
"56.09295","9.96949","1303.80646873894"
"56.09432","9.97003","1303.96244477644"
"56.09438","9.97009","1303.97008429299"
"56.09571","9.97067","1304.12228631133"
"56.09629","9.97078","1304.18713925407"
"56.09668","9.9708","1304.23052301378"
"56.09673","9.97082","1304.23621946501"
"56.09681","9.97082","1304.24511505915"
"56.09684","9.97083","1304.24850807735"
"56.09715","9.97081","1304.2830008173"
"56.09773","9.9707","1304.3478537332"
"56.09872","9.97043","1304.4592031021"
"56.09878","9.97044","1304.46590356295"
"56.099","9.97042","1304.49039787433"
"56.09924","9.97043","1304.51709186243"
"56.10007","9.97056","1304.60973514456"
"56.10518","9.97194","1305.18434980725"
"56.10544","9.97209","1305.21471994092"
"56.10572","9.97234","1305.24950046976"
"56.10574","9.97237","1305.25239984057"
"56.10582","9.97243","1305.26204214654"
"56.10717","9.974","1305.44095963581"
"56.10744","9.97442","1305.48070363644"
"56.10745","9.97442","1305.48181558571"
"56.1091","9.97716","1305.73186717553"
"56.11232","9.98316","1306.24818816855"
"56.11303","9.98407","1306.34522353"
"56.11415","9.98514","1306.48632737871"
"56.11459","9.9855","1306.54010318414"
"56.11578","9.98628","1306.68098375793"
"56.11583","9.9863","1306.6866800752"
"56.11863","9.98812","1307.01783749577"
"56.11924","9.98858","1307.09141625573"
"56.11933","9.98862","1307.10172638749"
"56.12162","9.99027","1307.3761349563"
"56.12163","9.99027","1307.37724690557"
"56.12407","9.99198","1307.66852982843"
"56.12412","9.99203","1307.67489492535"
"56.12522","9.99279","1307.80596584117"
"56.1253","9.99287","1307.81614992314"
"56.12672","9.99379","1307.9840263544"
"56.12672","9.9938","1307.98464610818"
"56.12921","9.99531","1308.27690822786"
"56.13239","9.99706","1308.6467639729"
"56.13605","9.99889","1309.06923918759"
"56.13609","9.99886","1309.07405977583"
"56.1405","10.00114","1309.58437059833"
"56.14098","10.00145","1309.64109434478"
"56.14162","10.00194","1309.71846316596"
"56.14292","10.00313","1309.8807297833"
"56.14293","10.00315","1309.88239457029"
"56.1459","10.0058","1310.25119342611"
"56.14647","10.00619","1310.31902248899"
"56.14746","10.00668","1310.43321313103"
"56.14806","10.00688","1310.50107049655"
"56.14901","10.00704","1310.60716954487"
"56.14985","10.00705","1310.7005753369"
"56.15148","10.00689","1310.88209378124"
"56.15152","10.00686","1310.88691408186"
"56.15153","10.00686","1310.88802603113"
"56.15157","10.00682","1310.89311724725"
"56.15167","10.00679","1310.90439091102"
"56.15175","10.00682","1310.91347848256"
"56.15174","10.0069","1310.91855652484"
"56.15177","10.00699","1310.92505260535"
"56.15178","10.007","1310.92632540762"
"56.15178","10.00701","1310.92694475755"
"56.15179","10.00701","1310.92805670682"
"56.15182","10.00703","1310.93161511318"
"56.15183","10.00703","1310.93272706245"
"56.15184","10.00702","1310.93399986424"
"56.15185","10.00702","1310.93511181351"
"56.15186","10.00701","1310.93638461515"
"56.1519","10.00715","1310.94612971633"
"56.15193","10.00712","1310.94994811983"
"56.15199","10.00697","1310.96138575241"
"56.15224","10.00695","1310.98921206788"
"56.15226","10.00693","1310.99175766496"
"56.15257","10.0069","1311.02627813121"
"56.15264","10.00691","1311.03408637719"
"56.15309","10.00687","1311.08418538201"
"56.15315","10.00692","1311.09154070061"
"56.15316","10.00691","1311.09281349205"
"56.15373","10.00686","1311.15627020094"
"56.15383","10.00679","1311.16820491011"
"56.15401","10.00681","1311.18825828653"
"56.15403","10.0069","1311.19425939004"
"56.15409","10.00701","1311.20379463669"
"56.15414","10.00705","1311.20988130596"
"56.15422","10.00708","1311.21896885308"
"56.15431","10.00704","1311.22927844281"
"56.15437","10.00695","1311.23797203375"
"56.15438","10.00691","1311.24068738117"
"56.1544","10.00688","1311.24358524326"
"56.15441","10.00682","1311.24746389516"
"56.15465","10.00674","1311.27460668201"
"56.15468","10.00672","1311.27816505629"
"56.15654","10.00661","1311.48509977657"
"56.15664","10.00666","1311.49664233152"
"56.15761","10.00657","1311.60464531012"
"56.15766","10.00652","1311.61100909165"
"56.16248","10.00618","1312.14738198352"
"56.16368","10.006","1312.28128052847"
"56.16544","10.00559","1312.47862308636"
"56.1655","10.00556","1312.48554850414"
"56.16604","10.00542","1312.54621614827"
"56.17262","10.00308","1313.29208148008"
"56.17401","10.00268","1313.44861310555"
"56.17604","10.00231","1313.67549765227"
"56.17735","10.0022","1313.82132203316"
"56.17857","10.00222","1313.95698549117"
"56.17995","10.00237","1314.11071506063"
"56.182","10.00283","1314.34043548299"
"56.18257","10.00302","1314.40489805053"
"56.18413","10.00366","1314.58282615463"
"56.18596","10.00457","1314.79396092128"
"56.18604","10.00467","1314.80479709791"
"56.18674","10.00508","1314.88666390152"
"56.18681","10.00508","1314.89444754638"
"56.1873","10.00537","1314.95181201213"
"56.18731","10.00537","1314.95292396139"
"56.1874","10.00545","1314.9640888849"
"56.19279","10.00867","1315.59567618808"
"56.19421","10.0096","1315.76372946379"
"56.19454","10.00987","1315.80404687996"
"56.19486","10.0102","1315.84507012776"
"56.19515","10.01059","1315.88534385841"
"56.1954","10.01101","1315.92339512019"
"56.19541","10.01101","1315.92450706945"
"56.19627","10.01279","1316.07035145609"
"56.1965","10.01318","1316.10551059394"
"56.19693","10.01373","1316.16419467286"
"56.1971","10.01388","1316.18525255013"
"56.19746","10.01413","1316.2281663437"
"56.19754","10.01414","1316.23708342151"
"56.19772","10.01425","1316.25822361749"
"56.19777","10.01431","1316.2649084622"
"56.2008","10.01609","1316.6193647666"
"56.20148","10.01639","1316.69722108305"
"56.20153","10.0164","1316.70281513178"
"56.20664","10.01854","1317.28623386966"
"56.20913","10.01996","1317.57670277934"
"56.20927","10.0201","1317.59451570711"
"56.20941","10.02018","1317.61085024194"
"56.20972","10.02029","1317.64598549106"
"56.20978","10.02035","1317.65361957709"
"56.21003","10.02049","1317.68273532217"
"56.21032","10.02079","1317.71993780418"
"56.21036","10.02087","1317.7265904834"
"56.2104","10.02089","1317.73120704036"
"56.21182","10.02244","1317.9159198052"
"56.21195","10.02254","1317.93164228438"
"56.21224","10.02269","1317.96519636774"
"56.21231","10.02268","1317.97300453747"
"56.21439","10.0235","1318.20978288227"
"56.21441","10.0235","1318.2120067808"
"56.21547","10.02391","1318.33256898018"
"56.21556","10.02401","1318.34433261769"
"56.21596","10.02418","1318.39003578654"
"56.21693","10.02483","1318.50513928242"
"56.21703","10.02485","1318.51632732469"
"56.22013","10.02696","1318.8848916887"
"56.22018","10.02698","1318.8905872746"
"56.22304","10.02888","1319.2296043463"
"56.22312","10.02898","1319.24043710903"
"56.22429","10.02974","1319.37875868034"
"56.22467","10.02988","1319.4218899539"
"56.22503","10.0299","1319.46193921535"
"56.22573","10.0297","1319.54075141621"
"56.22579","10.02963","1319.54870347936"
"56.22641","10.02941","1319.61897284176"
"56.2265","10.02941","1319.62898038516"
"56.22725","10.02909","1319.71469031156"
"56.22916","10.02841","1319.93119189145"
"56.22924","10.02835","1319.94082959741"
"56.23029","10.02804","1320.05914608985"
"56.231","10.02802","1320.1381041649"
"56.23108","10.02806","1320.14733692178"
"56.23168","10.02821","1320.21469494703"
"56.2327","10.02855","1320.33004402666"
"56.23279","10.0286","1320.34051782227"
"56.23349","10.02879","1320.41923506457"
"56.23403","10.02889","1320.47959754587"
"56.23495","10.02899","1320.58208338797"
"56.23503","10.02898","1320.59100042385"
"56.23562","10.02908","1320.65689586861"
"56.23587","10.02907","1320.68470146878"
"56.23647","10.02891","1320.75214716026"
"56.23734","10.02851","1320.85199494869"
"56.23822","10.02817","1320.95207678717"
"56.23858","10.02814","1320.99214986531"
"56.24098","10.02835","1321.2593329977"
"56.2413","10.02832","1321.29496362809"
"56.24163","10.02823","1321.33207696453"
"56.24416","10.02785","1321.61437823611"
"56.24461","10.02784","1321.66441976754"
"56.24859","10.0282","1322.10753412037"
"56.24929","10.02853","1322.18799613605"
"56.24967","10.02883","1322.2341360016"
"56.24987","10.02903","1322.25957668146"
"56.2513","10.03123","1322.46875205555"
"56.25134","10.03127","1322.47384014293"
"56.25152","10.03156","1322.50070153763"
"56.2518","10.03186","1322.536934168"
"56.25208","10.03204","1322.56999470576"
"56.25219","10.03208","1322.58247323317"
"56.25243","10.03211","1322.60922428273"
"56.25267","10.03207","1322.63602520989"
"56.25584","10.0308","1322.99713703492"
"56.25612","10.03075","1323.02842441138"
"56.25643","10.03079","1323.06298326711"
"56.2587","10.03176","1323.32240848542"
"56.26017","10.03265","1323.49485986967"
"56.26075","10.03283","1323.56030401797"
"56.2631","10.03384","1323.8289534962"
"56.26359","10.03381","1323.88347049869"
"56.26463","10.03359","1323.99990852775"
"56.26545","10.0335","1324.09125759081"
"56.26654","10.0335","1324.21246006085"
"56.26659","10.03349","1324.21805399362"
"56.26727","10.03349","1324.29366654374"
"56.26766","10.03354","1324.33714232982"
"56.2699","10.03435","1324.59119078903"
"56.27039","10.03443","1324.64589974775"
"56.27139","10.03448","1324.75713752087"
"56.27176","10.03456","1324.79857508077"
"56.27293","10.0353","1324.93646234961"
"56.27294","10.0353","1324.93757429888"
"56.27393","10.03599","1325.05561243143"
"56.27758","10.03957","1325.51774831819"
"56.2776","10.03958","1325.52005630637"
"56.27889","10.04095","1325.68657293053"
"56.27892","10.04103","1325.69253242954"
"56.27913","10.04125","1325.71954534002"
"56.27919","10.04128","1325.72646928423"
"56.27921","10.04125","1325.72936327781"
"56.27921","10.04122","1325.73121516127"
"56.27927","10.04115","1325.73916393882"
"56.27929","10.04114","1325.7414719197"
"56.27935","10.04114","1325.7481436153"
"56.27935","10.04115","1325.74876090753"
"56.27937","10.04116","1325.75106888807"
"56.2794","10.0412","1325.75521914884"
"56.2794","10.04121","1325.75583644026"
"56.27941","10.04122","1325.75710824204"
"56.27942","10.04126","1325.75981623124"
"56.27948","10.0412","1325.76744703981"
"56.28005","10.04112","1325.83102023798"
"56.28009","10.04108","1325.83610742426"
"56.28457","10.03943","1326.3445650359"
"56.28463","10.03939","1326.35167887054"
"56.28751","10.03835","1326.67828954415"
"56.28753","10.03835","1326.68051344268"
"56.28801","10.03819","1326.73479274984"
"56.28808","10.03819","1326.74257639471"
"56.28839","10.03809","1326.77759492722"
"56.28944","10.03794","1326.89471600541"
"56.29004","10.03796","1326.96144437709"
"56.29034","10.03802","1326.99500772118"
"56.29106","10.03825","1327.07631648353"
"56.29623","10.0406","1327.66920111784"
"56.29628","10.04061","1327.67479499772"
"56.29876","10.04173","1327.95908500539"
"56.29953","10.04215","1328.04854044846"
"56.30005","10.04262","1328.11322544651"
"56.30006","10.04262","1328.11433739578"
"56.3028","10.04502","1328.45308424449"
"56.30355","10.04551","1328.5417898579"
"56.30416","10.04579","1328.61178357581"
"56.30834","10.04689","1329.08150521243"
"56.30875","10.04696","1329.12729913921"
"56.30924","10.04695","1329.18178814454"
"56.3094","10.04681","1329.20156426857"
"56.30943","10.04674","1329.20702045435"
"56.30948","10.04667","1329.21405983096"
"56.30951","10.04666","1329.21745222386"
"56.30952","10.04665","1329.21872378976"
"56.30956","10.04664","1329.22321415132"
"56.30957","10.04665","1329.22448571683"
"56.3096","10.04665","1329.22782156463"
"56.30964","10.04668","1329.23263892055"
"56.30969","10.04677","1329.24049556614"
"56.30983","10.04683","1329.2564967063"
"56.31006","10.04678","1329.2822568129"
"56.31037","10.04665","1329.31764754368"
"56.3108","10.04641","1329.36770038972"
"56.31217","10.04537","1329.53299130022"
"56.31224","10.04526","1329.54331665414"
"56.31266","10.04495","1329.59378069659"
"56.31272","10.04495","1329.60045239219"
"56.31335","10.04458","1329.67412826047"
"56.31409","10.04425","1329.75889213536"
"56.31549","10.04379","1329.9171288505"
"56.3155","10.04378","1329.91840036956"
"56.31585","10.04366","1329.95801596151"
"56.31587","10.04366","1329.96023986004"
"56.31734","10.04317","1330.12646608952"
"56.31745","10.04315","1330.13875955683"
"56.31821","10.0429","1330.22466242845"
"56.31833","10.04284","1330.23850930402"
"56.32011","10.04228","1330.4394261178"
"56.32017","10.04228","1330.44609781339"
"56.32022","10.04226","1330.45179269909"
"56.32029","10.04218","1330.46100791214"
"56.3206","10.0421","1330.49582953096"
"56.32068","10.04215","1330.50524426793"
"56.32134","10.04214","1330.57863550992"
"56.32142","10.04211","1330.58772140592"
"56.32165","10.04215","1330.6134148961"
"56.32188","10.04222","1330.63935139777"
"56.32194","10.0423","1330.64764865254"
"56.3221","10.04239","1330.66628524417"
"56.32217","10.04239","1330.67406888903"
"56.32246","10.04251","1330.70715342487"
"56.32304","10.04287","1330.77535954116"
"56.32369","10.04345","1330.8559996245"
"56.32421","10.04407","1330.9253152028"
"56.32666","10.04737","1331.26533448299"
"56.32674","10.04745","1331.27550593344"
"56.3272","10.04807","1331.33936042953"
"56.32724","10.04819","1331.34799273678"
"56.32816","10.04941","1331.47496659474"
"56.32825","10.04944","1331.48514360868"
"56.32839","10.04963","1331.50462558167"
"56.32882","10.05004","1331.55870937141"
"56.32889","10.05016","1331.56944781955"
"56.32912","10.05035","1331.59757741121"
"56.32958","10.05066","1331.65218070679"
"56.32986","10.05081","1331.68465950673"
"56.33043","10.05103","1331.74947542426"
"56.33068","10.05109","1331.77751914991"
"56.33119","10.05114","1331.83431226593"
"56.33155","10.05111","1331.87438513604"
"56.33212","10.05101","1331.93806531575"
"56.33316","10.05074","1332.05489960385"
"56.33361","10.05067","1332.10512302281"
"56.33395","10.05051","1332.14419456716"
"56.3347","10.0503","1332.2285893851"
"56.33477","10.05034","1332.23675420411"
"56.33505","10.05027","1332.26818634118"
"56.33512","10.05021","1332.27680393635"
"56.33559","10.05012","1332.32935915602"
"56.33565","10.05009","1332.33628236922"
"56.33628","10.05","1332.406554476"
"56.3364","10.05003","1332.42002538237"
"56.33732","10.04991","1332.52259174928"
"56.33735","10.04992","1332.52598406046"
"56.33736","10.04993","1332.52725540832"
"56.34008","10.04941","1332.83139893404"
"56.34066","10.04925","1332.89664149692"
"56.34071","10.04921","1332.9027232751"
"56.3414","10.04894","1332.98123147839"
"56.34313","10.04808","1333.18076624502"
"56.3445","10.04758","1333.33618822106"
"56.34641","10.04717","1333.55006803925"
"56.34647","10.04714","1333.55699111242"
"56.34703","10.04702","1333.6196977786"
"56.34717","10.04701","1333.63527725901"
"56.34739","10.04696","1333.65993339621"
"56.34743","10.04697","1333.6644236738"
"56.34815","10.0469","1333.74460012812"
"56.34914","10.04672","1333.85524042278"
"56.34952","10.0467","1333.89751246123"
"56.34959","10.04667","1333.90551258555"
"56.34971","10.04669","1333.91891276042"
"56.34975","10.04672","1333.92372937014"
"56.34986","10.04675","1333.93609969708"
"56.35692","10.04992","1334.74506503371"
"56.35748","10.05011","1334.80842470019"
"56.35859","10.05036","1334.9328081598"
"56.35973","10.05044","1335.05966613135"
"56.36063","10.05038","1335.15980978976"
"56.36316","10.04997","1335.44226421752"
"56.36385","10.04996","1335.51899118918"
"56.36429","10.05006","1335.5683031247"
"56.36472","10.05021","1335.61700133639"
"56.36603","10.05104","1335.77137634667"
"56.36639","10.05121","1335.81275313019"
"56.36658","10.05125","1335.83402331312"
"56.36675","10.05126","1335.852936481"
"56.36718","10.05121","1335.90084935875"
"56.3677","10.051","1335.96009949896"
"56.37307","10.0458","1336.63766427087"
"56.37312","10.04577","1336.6435228905"
"56.37559","10.04335","1336.95599436049"
"56.37677","10.04236","1337.10067274888"
"56.37719","10.04211","1337.14984596806"
"56.37948","10.04099","1337.41365432164"
"56.37998","10.04084","1337.47001356524"
"56.38392","10.04005","1337.91081284958"
"56.38448","10.04005","1337.9730820085"
"56.38499","10.04012","1338.02995490258"
"56.38554","10.0403","1338.09210778698"
"56.39123","10.04316","1338.74884132315"
"56.39144","10.04329","1338.77352505651"
"56.39827","10.0467","1339.56144823921"
"56.39828","10.0467","1339.56256018847"
"56.40053","10.04786","1339.82273237542"
"56.40424","10.05053","1340.26677475589"
"56.40485","10.05106","1340.34203515047"
"56.40528","10.05152","1340.39759742142"
"56.4053","10.05153","1340.39990485871"
"56.40576","10.0521","1340.46192224644"
"56.40958","10.05852","1341.04194545873"
"56.40961","10.05861","1341.04840942506"
"56.41107","10.06079","1341.25898205248"
"56.41138","10.0611","1341.29837590908"
"56.41144","10.06109","1341.30507590479"
"56.41177","10.06141","1341.34671689551"
"56.41233","10.06176","1341.41260314295"
"56.4124","10.06187","1341.42291680876"
"56.4128","10.06206","1341.46890475402"
"56.41329","10.06216","1341.52373640578"
"56.41394","10.06217","1341.59601572561"
"56.41443","10.06207","1341.65084735669"
"56.41481","10.06193","1341.69397002479"
"56.41602","10.06136","1341.83300893296"
"56.4161","10.06127","1341.84348634483"
"56.41682","10.06094","1341.92607962344"
"56.4169","10.06093","1341.93499645623"
"56.41821","10.06033","1342.08526378113"
"56.41826","10.06029","1342.09134352902"
"56.42253","10.05827","1342.58212966874"
"56.42259","10.05822","1342.5894758575"
"56.42329","10.05787","1342.67023350029"
"56.42343","10.05785","1342.68584930129"
"56.42466","10.05725","1342.82750866786"
"56.42467","10.05741","1342.83741041406"
"56.42476","10.05739","1342.8474932484"
"56.42624","10.05669","1343.0175981438"
"56.42633","10.05659","1343.02934392541"
"56.42781","10.05587","1343.19976371714"
"56.42787","10.05587","1343.20643541274"
"56.42834","10.05566","1343.26026861298"
"56.4284","10.05565","1343.26696858353"
"56.4286","10.05557","1343.28974509828"
"56.42871","10.05558","1343.30199198561"
"56.42902","10.05544","1343.33752102616"
"56.42913","10.05543","1343.34976791315"
"56.42957","10.05524","1343.40006912315"
"56.42963","10.05513","1343.40956947174"
"56.42979","10.0551","1343.42745602782"
"56.43019","10.0549","1343.47360264467"
"56.43028","10.0548","1343.48534809191"
"56.43237","10.0538","1343.72574109066"
"56.43247","10.05381","1343.73687756765"
"56.4331","10.0535","1343.80947680218"
"56.43369","10.05327","1343.87658842586"
"56.43437","10.05291","1343.95537362518"
"56.43444","10.05282","1343.96492350173"
"56.43516","10.05244","1344.04832270214"
"56.43521","10.05236","1344.05574560102"
"56.43674","10.05165","1344.2313837863"
"56.43684","10.05166","1344.24252025939"
"56.43709","10.05152","1344.27162077968"
"56.43722","10.05153","1344.28608918583"
"56.43832","10.05097","1344.41315570293"
"56.43843","10.05087","1344.42684499044"
"56.43931","10.05042","1344.52853136407"
"56.43939","10.05034","1344.53869575995"
"56.43947","10.05031","1344.54778049242"
"56.43958","10.0503","1344.56002737092"
"56.44074","10.04973","1344.69368756815"
"56.44082","10.04971","1344.70266770961"
"56.44239","10.04899","1344.88276604597"
"56.44251","10.04899","1344.89610943717"
"56.44307","10.04871","1344.96071315652"
"56.44318","10.04858","1344.97532324354"
"56.44445","10.048","1345.12097089027"
"56.4445","10.04799","1345.12656450647"
"56.44774","10.04648","1345.49859706624"
"56.44789","10.04645","1345.51537789703"
"56.44813","10.04635","1345.54276317812"
"56.44821","10.04637","1345.55174328685"
"56.44863","10.04625","1345.59902384474"
"56.44869","10.0463","1345.60636915042"
"56.44929","10.04608","1345.67444224372"
"56.44937","10.046","1345.68460601494"
"56.44994","10.04571","1345.75044503753"
"56.45042","10.04539","1345.8073260583"
"56.45053","10.04536","1345.8196956567"
"56.4511","10.04492","1345.88860334786"
"56.45294","10.04302","1346.1241716837"
"56.45295","10.043","1346.12582903381"
"56.45387","10.04214","1346.24097144293"
"56.45397","10.0421","1346.25235934528"
"56.45488","10.04139","1346.36255096186"
"56.45491","10.04133","1346.36752287185"
"56.45501","10.04125","1346.37968044583"
"56.455","10.04136","1346.38653029381"
"56.45502","10.04147","1346.39364574873"
"56.45508","10.04141","1346.40126830865"
"56.45651","10.04111","1346.56134193274"
"56.45704","10.04094","1346.62119373291"
"56.45707","10.04094","1346.62452958071"
"56.45712","10.04096","1346.63022350972"
"56.45722","10.04108","1346.64356534764"
"56.45726","10.04111","1346.64837995888"
"56.45746","10.04118","1346.67103101407"
"56.45747","10.04086","1346.69072368404"
"56.45745","10.04073","1346.69901488641"
"56.45746","10.04064","1346.70465530559"
"56.45759","10.04082","1346.72285607498"
"56.45776","10.04099","1346.74445297898"
"56.45794","10.04112","1346.76600293725"
"56.45805","10.04116","1346.77847883716"
"56.45832","10.04133","1346.81026646129"
"56.45862","10.04161","1346.84779959442"
"56.4591","10.04223","1346.91337214145"
"56.45936","10.04266","1346.95253550196"
"56.45941","10.04281","1346.96329843611"
"56.4596","10.04312","1346.99174302627"
"56.45969","10.04321","1347.00317654262"
"56.4599","10.04334","1347.02785561503"
"56.46051","10.0436","1347.09754002329"
"56.46065","10.04363","1347.11321603983"
"56.46075","10.04358","1347.12475203252"
"56.46093","10.04359","1347.14477654592"
"56.46108","10.04356","1347.16155730641"
"56.46113","10.04353","1347.16741458142"
"56.46119","10.04347","1347.17503685455"
"56.46218","10.04293","1347.29000998639"
"56.46229","10.04285","1347.30319188326"
"56.46256","10.04275","1347.33383660443"
"56.4627","10.04274","1347.34941601108"
"56.46277","10.04279","1347.35778381404"
"56.4628","10.0428","1347.36117575737"
"56.46311","10.04327","1347.40614104628"
"56.46317","10.04329","1347.41292493085"
"56.46318","10.04324","1347.41619161289"
"56.46324","10.04316","1347.42447801834"
"56.46328","10.04318","1347.42909239336"
"56.46333","10.04323","1347.43544420374"
"56.46334","10.0433","1347.43988587515"
"56.46338","10.04328","1347.44450024931"
"56.46355","10.04329","1347.46341336629"
"56.46398","10.04315","1347.51199451093"
"56.46416","10.04317","1347.53204727117"
"56.46424","10.0432","1347.54113175974"
"56.46431","10.04326","1347.54974398501"
"56.4645","10.04352","1347.57622891635"
"56.46464","10.04392","1347.60531709422"
"56.46494","10.04512","1347.68622914112"
"56.46516","10.04569","1347.72894278845"
"56.46539","10.04616","1347.76751268714"
"56.46613","10.04738","1347.87880969181"
"56.46634","10.04754","1347.90414470174"
"56.46653","10.04759","1347.92549381913"
"56.46695","10.04753","1347.97234089075"
"56.46751","10.04739","1348.03520106124"
"56.46833","10.04699","1348.12963324989"
"56.46884","10.04659","1348.19143625456"
"56.47054","10.04479","1348.41042516075"
"56.47075","10.04449","1348.44017049024"
"56.47081","10.0443","1348.45361278128"
"56.47096","10.04398","1348.47939045983"
"56.47123","10.04374","1348.51283661058"
"56.47132","10.04375","1348.52286298355"
"56.47133","10.04391","1348.53275273164"
"56.47151","10.04378","1348.55430163236"
"56.47234","10.0433","1348.65118756033"
"56.47257","10.04321","1348.67735291604"
"56.47264","10.04316","1348.68572042597"
"56.47391","10.04261","1348.83092166424"
"56.47399","10.0426","1348.83983843339"
"56.4747","10.04227","1348.92134663434"
"56.47483","10.04223","1348.93600922081"
"56.47488","10.0422","1348.94186628587"
"56.47618","10.04178","1349.08870283368"
"56.47655","10.04161","1349.13114885327"
"56.47661","10.04162","1349.1378487523"
"56.47729","10.04129","1349.21612990362"
"56.47775","10.04112","1349.26833404169"
"56.47811","10.04107","1349.30848179689"
"56.47821","10.04101","1349.32019582609"
"56.47868","10.04103","1349.3724718704"
"56.47926","10.04113","1349.43725660774"
"56.47934","10.04121","1349.44741850343"
"56.48084","10.04167","1349.61658572802"
"56.48094","10.04165","1349.62777283103"
"56.48169","10.04184","1349.71198110515"
"56.48177","10.04184","1349.72087669928"
"56.48217","10.04203","1349.76685923149"
"56.48218","10.04212","1349.77249612213"
"56.48224","10.04226","1349.78337757696"
"56.48231","10.04232","1349.79198905459"
"56.48239","10.04234","1349.80096901203"
"56.48246","10.0423","1349.80913095212"
"56.48251","10.04224","1349.81580051347"
"56.48255","10.04213","1349.82388758313"
"56.48259","10.04212","1349.82837756137"
"56.48305","10.04221","1349.87982486863"
"56.48311","10.04221","1349.88649656423"
"56.48318","10.04226","1349.89486376129"
"56.48425","10.04265","1350.01622805457"
"56.48432","10.04265","1350.02401169943"
"56.48529","10.04324","1350.13779123831"
"56.48537","10.04332","1350.1479527567"
"56.48585","10.04362","1350.20441502968"
"56.48589","10.04361","1350.20890500061"
"56.48593","10.04364","1350.21371907929"
"56.48596","10.04371","1350.21915947253"
"56.4868","10.04428","1350.31890366639"
"56.48688","10.04429","1350.32782042118"
"56.48736","10.04465","1350.38558909575"
"56.48886","10.04601","1350.57211192164"
"56.48893","10.04605","1350.58027373574"
"56.48998","10.04707","1350.71275995658"
"56.49096","10.04784","1350.83154135956"
"56.49153","10.04814","1350.89754374563"
"56.4923","10.04844","1350.98512193085"
"56.49813","10.04934","1351.63573784388"
"56.49902","10.04959","1351.73588374342"
"56.49952","10.04982","1351.79324521551"
"56.50025","10.05028","1351.87918681238"
"56.50029","10.05036","1351.88581167195"
"56.50035","10.05037","1351.89251153578"
"56.50148","10.05143","1352.03400334359"
"56.50193","10.05194","1352.09302347932"
"56.50197","10.05203","1352.10011496589"
"56.50211","10.05218","1352.11820031306"
"56.50222","10.05223","1352.13081076842"
"56.50724","10.05874","1352.81723225678"
"56.5073","10.05879","1352.82457558026"
"56.5079","10.05971","1352.91197077807"
"56.5114","10.06638","1353.47672666933"
"56.51233","10.06783","1353.61313856212"
"56.515","10.0712","1353.97492573869"
"56.51566","10.07195","1354.06154496986"
"56.5231","10.07847","1354.98043832561"
"56.52431","10.07977","1355.13683582559"
"56.52864","10.08496","1355.71401257072"
"56.52875","10.08515","1355.73090566182"
"56.5288","10.08517","1355.73659909062"
"56.53198","10.08887","1356.15673588762"
"56.53312","10.08992","1356.29891255153"
"56.53521","10.09157","1356.55237780211"
"56.53529","10.09169","1356.56392205435"
"56.53561","10.09195","1356.60291245628"
"56.53565","10.09192","1356.60772561181"
"56.53911","10.09453","1357.02441308335"
"56.53979","10.0951","1357.10771061732"
"56.54322","10.09838","1357.53887039681"
"56.54326","10.09844","1357.54464202825"
"56.54576","10.10082","1357.85858849461"
"56.54655","10.10146","1357.95479457665"
"56.54743","10.102","1358.05809288841"
"56.54884","10.10262","1358.21941769456"
"56.55152","10.1036","1358.523413255"
"56.5516","10.10357","1358.53249688403"
"56.5519","10.10368","1358.56652980217"
"56.55198","10.10376","1358.57668715404"
"56.5559","10.10517","1359.02105415736"
"56.55724","10.10554","1359.17177067023"
"56.55731","10.10553","1359.17957840035"
"56.55746","10.10558","1359.19653673209"
"56.56089","10.1059","1359.57843905867"
"56.56097","10.10589","1359.58735573095"
"56.56168","10.10597","1359.66645615962"
"56.56174","10.10594","1359.67337645082"
"56.56861","10.10652","1360.43811164217"
"56.56893","10.10659","1360.47395149334"
"56.56951","10.10679","1360.53959803586"
"56.57036","10.10724","1360.63805177644"
"56.57083","10.10761","1360.69501671792"
"56.57124","10.10799","1360.74620559011"
"56.57258","10.10944","1360.91967203466"
"56.57261","10.10949","1360.92420064775"
"56.57817","10.11563","1361.64784438128"
"56.57822","10.11575","1361.65705992279"
"56.57892","10.11663","1361.75173454817"
"56.579","10.11669","1361.76135925102"
"56.58114","10.11934","1362.04939203946"
"56.58345","10.1218","1362.34717092333"
"56.58347","10.12181","1362.34947759352"
"56.5853","10.12384","1362.58793004588"
"56.58537","10.12398","1362.59950926686"
"56.58562","10.12426","1362.63217025152"
"56.5857","10.12432","1362.64179470577"
"56.58653","10.12526","1362.750564336"
"56.5866","10.12531","1362.758928465"
"56.58823","10.12713","1362.97169530692"
"56.5883","10.12716","1362.97969276235"
"56.58849","10.12746","1363.00768858233"
"56.58873","10.12764","1363.03656161672"
"56.58878","10.12776","1363.04577552122"
"56.5953","10.13496","1363.89425945006"
"56.59538","10.13501","1363.90366693483"
"56.5967","10.1365","1364.07647743917"
"56.59673","10.13658","1364.0824029115"
"56.60918","10.15045","1365.7063406402"
"56.61002","10.15118","1365.80987751487"
"56.61083","10.15172","1365.90581589618"
"56.61089","10.15174","1365.91259891607"
"56.6115","10.15209","1365.98372883053"
"56.61338","10.15265","1366.19556515651"
"56.61339","10.15266","1366.19683434534"
"56.61342","10.15266","1366.20017019314"
"56.61993","10.15452","1366.93293998415"
"56.61999","10.15451","1366.93963967078"
"56.62578","10.15619","1367.5916093232"
"56.62582","10.15619","1367.59605712027"
"56.63395","10.15855","1368.51152287144"
"56.63771","10.15986","1368.93722146272"
"56.63778","10.1599","1368.94538038085"
"56.63994","10.16065","1369.18990061056"
"56.63999","10.16065","1369.19546035689"
"56.64209","10.16138","1369.43319743602"
"56.64291","10.16158","1369.52519360949"
"56.64419","10.16172","1369.66778026831"
"56.64516","10.16172","1369.77563934715"
"56.64534","10.1617","1369.79569174872"
"56.6454","10.16171","1369.80239139775"
"56.64548","10.1617","1369.81130797605"
"56.64557","10.16173","1369.82148220191"
"56.64588","10.16168","1369.85608790308"
"56.64597","10.1617","1369.86616986622"
"56.64638","10.16164","1369.91190711715"
"56.64642","10.16155","1369.91898221551"
"56.64656","10.16153","1369.93459744912"
"56.64664","10.16156","1369.94368014421"
"56.64699","10.1615","1369.9827708471"
"56.64707","10.16145","1369.99217696991"
"56.65694","10.15994","1371.09354537411"
"56.65755","10.15979","1371.16199102261"
"56.65813","10.15956","1371.22799822429"
"56.65952","10.1587","1371.39125126097"
"56.65998","10.15833","1371.44717617594"
"56.67111","10.14787","1372.84007541671"
"56.67212","10.14701","1372.96406504239"
"56.67262","10.14664","1373.02408206784"
"56.67357","10.14608","1373.13511911833"
"56.67462","10.14562","1373.25520807269"
"56.67468","10.14558","1373.26231318618"
"56.67578","10.14512","1373.38781407417"
"56.67584","10.14512","1373.39448576977"
"56.67714","10.14455","1373.54317362402"
"56.67721","10.1445","1373.55153506796"
"56.68356","10.14171","1374.27789652397"
"56.6836","10.14167","1374.28297108638"
"56.6894","10.13909","1374.94686953708"
"56.68945","10.13909","1374.95242928341"
"56.68999","10.13882","1375.01469704884"
"56.69079","10.13829","1375.10935742908"
"56.69157","10.13761","1375.2055165964"
"56.69894","10.12953","1376.16205723669"
"56.69899","10.12945","1376.16945753504"
"56.701","10.12727","1376.42958231687"
"56.70191","10.12645","1376.54247464437"
"56.70574","10.12341","1377.00702454246"
"56.70649","10.1229","1377.09604130339"
"56.70689","10.1227","1377.14216411669"
"56.7073","10.12254","1377.18878829632"
"56.70738","10.12249","1377.19819283114"
"56.70816","10.12226","1377.28605363135"
"56.70824","10.12227","1377.29497013993"
"56.70934","10.12189","1377.41946405094"
"56.70942","10.12181","1377.42961156447"
"56.70997","10.12161","1377.49197505157"
"56.70999","10.12166","1377.49575104124"
"56.71005","10.12171","1377.50308751693"
"56.71008","10.12172","1377.50647873703"
"56.71013","10.12172","1377.51203848337"
"56.71016","10.12171","1377.51542970324"
"56.71021","10.12167","1377.52150182257"
"56.71022","10.12164","1377.52364398122"
"56.71024","10.12162","1377.52618084633"
"56.71027","10.12155","1377.53160116601"
"56.71029","10.12141","1377.54043029772"
"56.71058","10.12113","1377.57692505868"
"56.71071","10.12112","1377.59139327729"
"56.71117","10.12075","1377.64730577942"
"56.71183","10.1201","1377.73072974539"
"56.7144","10.11703","1378.07244083152"
"56.71488","10.11635","1378.14004798577"
"56.71492","10.11622","1378.1491429337"
"56.71509","10.11592","1378.17545803384"
"56.71537","10.11555","1378.21391795172"
"56.71542","10.11558","1378.21977134976"
"56.71546","10.11558","1378.22421914683"
"56.71553","10.11554","1378.23237655444"
"56.71555","10.11551","1378.23525703847"
"56.7159","10.11577","1378.27728509884"
"56.71608","10.11599","1378.30138558945"
"56.71628","10.11632","1378.33138701868"
"56.71631","10.11626","1378.33634011837"
"56.71651","10.11662","1378.36759969118"
"56.71657","10.11662","1378.37427138677"
"56.71663","10.11665","1378.38118968113"
"56.7167","10.11675","1378.39108015046"
"56.71672","10.11681","1378.3953639274"
"56.71674","10.11701","1378.40776917768"
"56.71672","10.11713","1378.41542200384"
"56.71669","10.11719","1378.42037507403"
"56.71678","10.11762","1378.44845792892"
"56.71749","10.11958","1378.59176589173"
"56.71755","10.11967","1378.60040716007"
"56.7181","10.12086","1378.69534348232"
"56.71848","10.12151","1378.75329607068"
"56.71852","10.12164","1378.76239035633"
"56.72056","10.12507","1379.07102720699"
"56.72072","10.1252","1379.09050648706"
"56.72074","10.12519","1379.09281256745"
"56.72082","10.12519","1379.10170816158"
"56.72088","10.12522","1379.10862640121"
"56.72093","10.12528","1379.11528318792"
"56.72098","10.12538","1379.12353779521"
"56.72099","10.12544","1379.12736381196"
"56.72098","10.12565","1379.14022501723"
"56.72109","10.12597","1379.1632645232"
"56.7268","10.13517","1380.01071536463"
"56.72688","10.13525","1380.02086178795"
"56.72752","10.13662","1380.13063145696"
"56.72754","10.13661","1380.13293750816"
"56.72761","10.13661","1380.14072115302"
"56.72762","10.13662","1380.14198944989"
"56.72763","10.13662","1380.14310139915"
"56.72768","10.13667","1380.14944288193"
"56.72768","10.13668","1380.15005291839"
"56.72778","10.13687","1380.16611488957"
"56.72778","10.13694","1380.17038513343"
"56.72777","10.13696","1380.17203589132"
"56.72777","10.13701","1380.17508606632"
"56.72776","10.13703","1380.17673682444"
"56.72776","10.13705","1380.17795689476"
"56.72775","10.13707","1380.17960765312"
"56.72775","10.13709","1380.18082772377"
"56.72772","10.13715","1380.18578000029"
"56.72923","10.14109","1380.47896875342"
"56.72972","10.14199","1380.55631701601"
"56.73243","10.14566","1380.93170942096"
"56.73286","10.14639","1380.99704544025"
"56.73316","10.14704","1381.04885907463"
"56.73368","10.14858","1381.15916045111"
"56.73374","10.1487","1381.16906414429"
"56.73379","10.14889","1381.18191760502"
"56.73378","10.14901","1381.18932083634"
"56.73449","10.15159","1381.36537699012"
"56.73501","10.15303","1381.47053019162"
"56.73763","10.15864","1381.91990913822"
"56.73765","10.15871","1381.92472277962"
"56.73913","10.16182","1382.17583325247"
"56.74335","10.17394","1383.0513066811"
"56.74408","10.17649","1383.22671191971"
"56.74431","10.17771","1383.30537706437"
"56.74443","10.17765","1383.31921293792"
"56.74465","10.17762","1383.34374412182"
"56.7468","10.17791","1383.58346626099"
"56.74827","10.17824","1383.74815651127"
"56.74875","10.1784","1383.80241423752"
"56.74947","10.17883","1383.88665775385"
"56.75012","10.17941","1383.96712105739"
"56.75071","10.18011","1384.04538548019"
"56.75103","10.18057","1384.09069102061"
"56.75172","10.18175","1384.19586638972"
"56.75227","10.18255","1384.27408946096"
"56.75256","10.18288","1384.31209697082"
"56.75283","10.18313","1384.34576652942"
"56.75604","10.18533","1384.72706597464"
"56.75646","10.18574","1384.78003472873"
"56.7568","10.18615","1384.8253549904"
"56.75687","10.1862","1384.83371407607"
"56.75777","10.18749","1384.96098617252"
"56.75814","10.18793","1385.01009814589"
"56.75832","10.18806","1385.03162473251"
"56.75849","10.18813","1385.05100342934"
"56.75879","10.18816","1385.08441198872"
"56.7596","10.18808","1385.17461177941"
"56.75986","10.18799","1385.20403829457"
"56.76034","10.18797","1385.2574257784"
"56.76046","10.18794","1385.27089387257"
"56.76068","10.1878","1385.29680227699"
"56.76121","10.18715","1385.36781399425"
"56.76173","10.18905","1385.49724962909"
"56.76175","10.18942","1385.51990991768"
"56.76174","10.18944","1385.5215598608"
"56.76173","10.18955","1385.52835576835"
"56.76153","10.19006","1385.56657582324"
"56.76157","10.19012","1385.57233394514"
"56.76155","10.19019","1385.57714517658"
"56.76145","10.19039","1385.59364466657"
"56.76124","10.19132","1385.65494867203"
"56.76271","10.19282","1385.84223460361"
"56.76272","10.19284","1385.84388452347"
"56.76287","10.19299","1385.86290485872"
"56.76291","10.19306","1385.86906796122"
"56.76602","10.19625","1386.26578520337"
"56.7664","10.19658","1386.31258094617"
"56.76667","10.19677","1386.34475896481"
"56.76698","10.19692","1386.38042082895"
"56.76806","10.19719","1386.5016332529"
"56.76815","10.19723","1386.51193337116"
"56.76866","10.1973","1386.56880298574"
"56.76902","10.19745","1386.60986347803"
"56.7693","10.19762","1386.64267619739"
"56.76974","10.19798","1386.69629482168"
"56.7711","10.19935","1386.86903142829"
"56.77148","10.19964","1386.91483158439"
"56.77205","10.19992","1386.98046878538"
"56.7724","10.19999","1387.01962003144"
"56.77291","10.19999","1387.07632944403"
"56.77317","10.19994","1387.10540019638"
"56.77357","10.19979","1387.15080745283"
"56.77622","10.19841","1387.45723477615"
"56.77626","10.19835","1387.46299198947"
"56.77689","10.20081","1387.62842939647"
"56.77875","10.20575","1387.99360070503"
"56.77909","10.20636","1388.04661288298"
"56.78034","10.20787","1388.21328929079"
"56.78059","10.20823","1388.24869712887"
"56.78244","10.21207","1388.56020107124"
"56.78273","10.21254","1388.60332305794"
"56.78296","10.2128","1388.63340467726"
"56.7833","10.21311","1388.67566447863"
"56.78354","10.21327","1388.70407523319"
"56.78391","10.21344","1388.746500503"
"56.79087","10.21537","1389.52929360552"
"56.79216","10.21551","1389.6729882257"
"56.794","10.21553","1389.87759051584"
"56.79406","10.21552","1389.88428994521"
"56.79404","10.21557","1389.88806042338"
"56.79408","10.21867","1390.07689009812"
"56.79414","10.21955","1390.13089213008"
"56.79429","10.22069","1390.20228875046"
"56.79814","10.23914","1391.40455455494"
"56.79845","10.24026","1391.48096701708"
"56.80354","10.25447","1392.51482200453"
"56.80432","10.25712","1392.69798955233"
"56.80435","10.25718","1392.70293631726"
"56.80463","10.25824","1392.77458617526"
"56.80479","10.25914","1392.83219304918"
"56.80487","10.26005","1392.88830204836"
"56.80483","10.26351","1393.09898818404"
"56.80465","10.26548","1393.220577613"
"56.80406","10.26867","1393.42556404561"
"56.80393","10.27012","1393.51501542246"
"56.80401","10.27014","1393.52399395993"
"56.80402","10.27019","1393.52723468295"
"56.80402","10.27106","1393.58020004296"
"56.80425","10.27109","1393.60584000739"
"56.80457","10.27118","1393.64184176089"
"56.80464","10.27123","1393.65019943342"
"56.80555","10.2714","1393.75191469105"
"56.80581","10.27137","1393.78088299931"
"56.806","10.27132","1393.80222817611"
"56.80627","10.2712","1393.83312677817"
"56.80715","10.27067","1393.93616019369"
"56.80718","10.27064","1393.93996322243"
"56.80773","10.27036","1394.00345123832"
"56.80805","10.27025","1394.03965818495"
"56.80885","10.27011","1394.12902141344"
"56.80895","10.27013","1394.14020735406"
"56.80921","10.27014","1394.16912444253"
"56.80953","10.27019","1394.20483674751"
"56.81016","10.2704","1394.27604625639"
"56.81042","10.27045","1394.30511669196"
"56.81147","10.27077","1394.42348494255"
"56.81259","10.2708","1394.54803664625"
"56.81261","10.27081","1394.5503423325"
"56.81373","10.27083","1394.67488659943"
"56.81373","10.27095","1394.68219027394"
"56.81614","10.27101","1394.95019492671"
"56.81712","10.27092","1395.0593035246"
"56.81733","10.27086","1395.08293823582"
"56.81737","10.27086","1395.08738603288"
"56.82269","10.26917","1395.68781615793"
"56.82358","10.26903","1395.78714561738"
"56.82404","10.26904","1395.83829890272"
"56.82554","10.26885","1396.00549146241"
"56.82558","10.26887","1396.0101027238"
"56.83113","10.26836","1396.62801410853"
"56.83118","10.26833","1396.63386574574"
"56.84259","10.26723","1397.90436291631"
"56.84696","10.2673","1398.390303392"
"56.84765","10.26714","1398.46764233492"
"56.8487","10.2667","1398.58742343307"
"56.85062","10.26574","1398.80875406381"
"56.85067","10.2657","1398.81482252149"
"56.85284","10.26459","1399.06537643665"
"56.85327","10.26443","1399.11416983205"
"56.85745","10.26357","1399.58189614546"
"56.86516","10.26231","1400.44262350819"
"56.8674","10.26209","1400.69205879392"
"56.86896","10.26186","1400.86608518159"
"56.8725","10.26119","1401.26181547686"
"56.87321","10.26112","1401.34087838816"
"56.87322","10.26111","1401.34214554945"
"56.87351","10.26108","1401.37444356777"
"56.87802","10.26111","1401.875936"
"56.8873","10.26176","1402.9085802295"
"56.88793","10.26174","1402.9786435669"
"56.89257","10.26125","1403.49544574049"
"56.89291","10.26116","1403.53364513565"
"56.89497","10.26043","1403.76695787314"
"56.89638","10.25978","1403.92863584089"
"56.89643","10.25977","1403.93422865663"
"56.89691","10.25951","1403.98988877232"
"56.89856","10.25839","1404.18556157066"
"56.90015","10.25696","1404.38253566011"
"56.90147","10.25564","1404.54977256362"
"56.90152","10.25557","1404.55677095451"
"56.90227","10.25496","1404.64802257752"
"56.90308","10.25453","1404.74179849696"
"56.90313","10.25452","1404.74739130087"
"56.90464","10.25378","1404.92120342403"
"56.90469","10.25374","1404.92727047497"
"56.90816","10.25187","1405.32947364484"
"56.90853","10.25172","1405.3716115513"
"56.90881","10.25164","1405.40312266504"
"56.90902","10.25162","1405.42650514551"
"56.90943","10.25164","1405.47211123085"
"56.90994","10.25178","1405.52945399471"
"56.91018","10.2519","1405.55711721881"
"56.91065","10.25221","1405.612663917"
"56.91388","10.2547","1406.00233392344"
"56.9166","10.25743","1406.34720396286"
"56.9168","10.25759","1406.37147091345"
"56.91717","10.25796","1406.41834326125"
"56.91964","10.26011","1406.7224181349"
"56.92013","10.26046","1406.78089799387"
"56.92065","10.26076","1406.84151821694"
"56.92133","10.26106","1406.91929191837"
"56.92299","10.26153","1407.10606630722"
"56.92305","10.26153","1407.11273800282"
"56.9241","10.26176","1407.23032401243"
"56.92767","10.26202","1407.62760330652"
"56.92772","10.26204","1407.63329396051"
"56.93311","10.26234","1408.23291095806"
"56.93315","10.26231","1408.23771675158"
"56.93561","10.26246","1408.51140760275"
"56.94307","10.26395","1409.34583125617"
"56.94518","10.26475","1409.58541735505"
"56.94524","10.26472","1409.59233270967"
"56.94633","10.26514","1409.71618301347"
"56.94639","10.26523","1409.72480305694"
"56.94787","10.26581","1409.89308880308"
"56.94791","10.26584","1409.89789432388"
"56.95779","10.26968","1411.02090529016"
"56.95816","10.26974","1411.06220792489"
"56.95973","10.26966","1411.23685132354"
"56.95981","10.26967","1411.24576755329"
"56.96251","10.26948","1411.54621473819"
"56.96301","10.26955","1411.60197391125"
"56.96308","10.26958","1411.60996719392"
"56.96314","10.26959","1411.61666637404"
"56.96363","10.26982","1411.67290756626"
"56.96384","10.26996","1411.69775293172"
"56.96428","10.27034","1411.75183030502"
"56.96519","10.27128","1411.86795852571"
"56.96528","10.27133","1411.87841496774"
"56.96554","10.2716","1411.91163689049"
"56.96589","10.27189","1411.95434105703"
"56.9674","10.27282","1412.13145600098"
"56.96746","10.27284","1412.13823694117"
"56.97165","10.27539","1412.62911065339"
"56.97169","10.27544","1412.63449265866"
"56.97208","10.27575","1412.68175369341"
"56.97262","10.27632","1412.75102723129"
"56.97289","10.27667","1412.78778730644"
"56.97308","10.27699","1412.81646594189"
"56.97316","10.27705","1412.82607605133"
"56.97361","10.27785","1412.89574975959"
"56.97404","10.27887","1412.97389929846"
"56.97464","10.28082","1413.1096071372"
"56.97481","10.28174","1413.16847854672"
"56.975","10.28323","1413.26121408078"
"56.97571","10.29306","1413.86213259858"
"56.97603","10.29491","1413.97975449167"
"56.97639","10.29621","1414.06812114256"
"56.9768","10.29726","1414.14639699493"
"56.97722","10.29812","1414.21637562477"
"56.97783","10.29907","1414.30534084739"
"56.97821","10.29952","1414.35562983873"
"56.9787","10.3","1414.41739290027"
"56.97927","10.30041","1414.485469275"
"56.98","10.30077","1414.56952157479"
"56.98004","10.30081","1414.5745868918"
"56.98027","10.30093","1414.60117528297"
"56.98057","10.30101","1414.63488412009"
"56.98071","10.30108","1414.65101888634"
"56.98498","10.30264","1415.13513775088"
"56.98506","10.3027","1415.14474742076"
"56.98585","10.30297","1415.23410147736"
"56.98595","10.30295","1415.24528679308"
"56.98603","10.30298","1415.25436616326"
"56.9861","10.30294","1415.26251832602"
"56.99027","10.30422","1415.732640298"
"56.99049","10.30432","1415.75784204632"
"56.99097","10.30468","1415.81549880022"
"56.99106","10.3047","1415.82557940993"
"56.99116","10.30478","1415.83770901307"
"56.9912","10.30487","1415.8447449864"
"56.9918","10.30512","1415.91315905559"
"56.99188","10.30513","1415.92207524987"
"56.9924","10.30534","1415.98127931593"
"56.99242","10.30546","1415.98888072256"
"56.99244","10.30544","1415.99141318782"
"56.99248","10.30545","1415.99590204202"
"56.99312","10.30585","1416.07107831914"
"56.99318","10.30587","1416.07785910973"
"56.99335","10.30598","1416.09790214339"
"56.99373","10.30613","1416.14112201514"
"56.99383","10.30611","1416.15230730307"
"56.99419","10.30617","1416.19250211091"
"56.99433","10.30617","1416.20806940064"
"56.99442","10.30615","1416.2181499972"
"56.99447","10.30612","1416.22399915499"
"56.99468","10.30616","1416.24747544286"
"56.99472","10.30621","1416.25285639327"
"56.99484","10.3062","1416.26621352455"
"56.99523","10.30637","1416.31078520934"
"56.99528","10.30641","1416.31684990311"
"56.99544","10.30662","1416.33872020108"
"56.99563","10.30707","1416.37320539109"
"56.99565","10.30729","1416.38671469973"
"56.99567","10.30726","1416.38958652435"
"56.99587","10.30725","1416.41183375601"
"56.99605","10.30736","1416.43292858618"
"56.99634","10.30745","1416.46563260165"
"56.99632","10.30803","1416.50083182628"
"56.99637","10.30927","1416.5761404715"
"56.99714","10.30955","1416.66342388377"
"56.99719","10.30958","1416.6692730003"
"56.99794","10.30984","1416.75414284591"
"56.99806","10.30994","1416.76879639486"
"56.99811","10.30994","1416.7743561412"
"56.99836","10.31006","1416.80308919886"
"56.99843","10.31023","1416.81599614492"
"56.99849","10.31028","1416.82332290393"
"56.99855","10.31052","1416.83931617654"
"56.9988","10.31216","1416.94245673193"
"56.99894","10.3128","1416.98422633545"
"57.00081","10.31894","1417.41026212949"
"57.00082","10.31904","1417.41641934394"
"57.0027","10.32504","1417.83561286456"
"57.00347","10.3269","1417.9770953241"
"57.00672","10.33317","1418.50125596538"
"57.00677","10.33321","1418.50732036034"
"57.00768","10.33488","1418.65037144848"
"57.00827","10.33578","1418.73565648349"
"57.00878","10.33642","1418.80434081327"
"57.00912","10.33678","1418.84798039132"
"57.00917","10.33679","1418.85357300821"
"57.0097","10.33729","1418.9198269275"
"57.01065","10.338","1419.03387358829"
"57.01105","10.33824","1419.08066486012"
"57.01315","10.33924","1419.32189478362"
"57.0132","10.33928","1419.32795901139"
"57.0151","10.34019","1419.54629369394"
"57.01517","10.34021","1419.55417093918"
"57.0254","10.34514","1420.73018355698"
"57.0267","10.34588","1420.88151524035"
"57.02708","10.34614","1420.92660383353"
"57.02713","10.34615","1420.93219641878"
"57.02742","10.34636","1420.96685683929"
"57.03969","10.35683","1422.47112035492"
"57.03974","10.3569","1422.47810919565"
"57.04062","10.35765","1422.58596799186"
"57.04063","10.35767","1422.58761124694"
"57.0413","10.3582","1422.66871805087"
"57.04137","10.35822","1422.67659516503"
"57.04563","10.36189","1423.19972639336"
"57.04563","10.3619","1423.20033126145"
"57.04761","10.36354","1423.4418117769"
"57.04844","10.36402","1423.53856207176"
"57.04935","10.36437","1423.64193998465"
"57.05718","10.36641","1424.52129312543"
"57.05723","10.36644","1424.52714133165"
"57.05856","10.36677","1424.67637066967"
"57.05862","10.36676","1424.68306970932"
"57.06346","10.36792","1425.22580391775"
"57.06379","10.36795","1425.26254304055"
"57.06423","10.36793","1425.31148374713"
"57.06457","10.36787","1425.34946364022"
"57.06483","10.36779","1425.37877607476"
"57.0649","10.3678","1425.38658316217"
"57.06556","10.36748","1425.46247878155"
"57.06613","10.36709","1425.53010304162"
"57.06651","10.36673","1425.57763240133"
"57.0669","10.36628","1425.62882467302"
"57.07488","10.35556","1426.72756906694"
"57.07581","10.35465","1426.84469625524"
"57.0763","10.3543","1426.90314385841"
"57.07679","10.35402","1426.96019674936"
"57.07728","10.3538","1427.01628106745"
"57.0777","10.35366","1427.06374317044"
"57.07807","10.35358","1427.10516839226"
"57.07845","10.35354","1427.14749155584"
"57.07887","10.35354","1427.19419342503"
"57.07945","10.35362","1427.25886743513"
"57.07998","10.35376","1427.31840492925"
"57.08574","10.35579","1427.97052832308"
"57.09141","10.35805","1428.61561960795"
"57.09423","10.35928","1428.93787272412"
"57.09434","10.35939","1428.95179256434"
"57.0944","10.35936","1428.95870600578"
"57.0978","10.36083","1429.347056302"
"57.09801","10.36095","1429.37150630266"
"57.09827","10.36102","1429.40072451975"
"57.09983","10.3617","1429.57898468495"
"57.09988","10.36171","1429.58457714209"
"57.10245","10.36284","1429.87838458604"
"57.1027","10.36299","1429.90762218004"
"57.10326","10.36345","1429.97580744082"
"57.10385","10.36408","1430.05164680828"
"57.10392","10.36422","1430.06313897588"
"57.1063","10.36704","1430.37784256454"
"57.10702","10.36777","1430.46923705021"
"57.10827","10.36879","1430.6212666408"
"57.10832","10.36878","1430.62685908309"
"57.10871","10.36914","1430.67536855271"
"57.11347","10.37279","1431.24870644089"
"57.11592","10.37437","1431.53735206778"
"57.11632","10.37469","1431.58584448838"
"57.11917","10.37758","1431.94760128257"
"57.11938","10.37772","1431.97243455808"
"57.11968","10.37783","1432.006447522"
"57.12098","10.37806","1432.15166615571"
"57.12102","10.37812","1432.15740206301"
"57.12113","10.37809","1432.16976683522"
"57.12186","10.37815","1432.25101989113"
"57.12195","10.37814","1432.26104562245"
"57.12461","10.37833","1432.55704638169"
"57.12498","10.37842","1432.59854557597"
"57.12553","10.37865","1432.6612585556"
"57.12589","10.37885","1432.70306920408"
"57.12621","10.37908","1432.74126358542"
"57.13326","10.38629","1433.63785061322"
"57.13329","10.38635","1433.64277371387"
"57.13908","10.39234","1434.3811067494"
"57.14129","10.39488","1434.67071444981"
"57.14287","10.39647","1434.8708836577"
"57.14422","10.39839","1435.06048895028"
"57.14436","10.39854","1435.07849515069"
"57.14788","10.40347","1435.57006530252"
"57.14797","10.40356","1435.58145050876"
"57.14806","10.40362","1435.59209238483"
"57.14816","10.40372","1435.6047425996"
"57.14817","10.40405","1435.62467914666"
"57.1482","10.40424","1435.63661550024"
"57.1485","10.40452","1435.67400589094"
"57.14868","10.40479","1435.69980980793"
"57.14891","10.40534","1435.74169861363"
"57.14942","10.40694","1435.85363582541"
"57.15011","10.40853","1435.97645386735"
"57.15016","10.4086","1435.98343508415"
"57.15047","10.40924","1436.03518790839"
"57.15091","10.40988","1436.09750841062"
"57.15138","10.41041","1436.15877143606"
"57.15276","10.41174","1436.33192260632"
"57.15447","10.41314","1436.53997016308"
"57.15451","10.4132","1436.54570400259"
"57.15657","10.41519","1436.80430051775"
"57.15711","10.41587","1436.87701278158"
"57.15808","10.41734","1437.01662633744"
"57.15897","10.4185","1437.13781608973"
"57.15951","10.41908","1437.20730480956"
"57.16175","10.42098","1437.48146753601"
"57.16223","10.42145","1437.54189828178"
"57.16824","10.42825","1438.32591858843"
"57.16825","10.42825","1438.3270305377"
"57.16826","10.42827","1438.32867073257"
"57.16963","10.42927","1438.49250284504"
"57.17009","10.42967","1438.54905159465"
"57.1705","10.43011","1438.60179632174"
"57.17394","10.4351","1439.0884120027"
"57.17511","10.43651","1439.2438109887"
"57.17517","10.43656","1439.25113181094"
"57.17792","10.43984","1439.6152598011"
"57.178","10.43988","1439.62447629578"
"57.18071","10.44317","1439.98519991427"
"57.18131","10.44408","1440.07156438445"
"57.18324","10.44746","1440.36744704111"
"57.18594","10.45142","1440.7509578787"
"57.19382","10.4642","1441.9174399887"
"57.19706","10.47008","1442.42268466532"
"57.20562","10.48658","1443.79880425155"
"57.20585","10.48692","1443.83156659215"
"57.20604","10.4871","1443.85531254062"
"57.20607","10.48715","1443.85980649273"
"57.20627","10.48723","1443.88256139769"
"57.20646","10.48726","1443.90376554773"
"57.20658","10.48722","1443.91732465118"
"57.20679","10.48707","1443.94236208088"
"57.20738","10.48647","1444.01725998766"
"57.20759","10.48632","1444.04229734673"
"57.20769","10.48628","1444.0536747789"
"57.20783","10.48628","1444.06924206863"
"57.20787","10.48627","1444.07373045057"
"57.20809","10.48634","1444.09855389864"
"57.20828","10.48651","1444.12203074804"
"57.20938","10.48824","1444.28270029341"
"57.20943","10.48813","1444.29134844946"
"57.21002","10.48912","1444.37999505688"
"57.21033","10.48954","1444.42274884293"
"57.21061","10.48983","1444.45844656479"
"57.2118","10.49055","1444.59769045395"
"57.21184","10.49059","1444.60274855935"
"57.21239","10.4909","1444.66669113678"
"57.21246","10.49096","1444.6752724039"
"57.21327","10.49131","1444.76777310399"
"57.21683","10.4926","1445.17117518648"
"57.21779","10.49278","1445.27847101929"
"57.21974","10.49277","1445.49530196206"
"57.21975","10.49278","1445.49656642684"
"57.21995","10.49276","1445.51883798314"
"57.2205","10.4928","1445.58004258413"
"57.22101","10.49295","1445.63746646431"
"57.22131","10.49311","1445.67218771977"
"57.2219","10.49353","1445.74249630126"
"57.22232","10.49395","1445.79560305045"
"57.22954","10.50244","1446.74728121343"
"57.22957","10.5025","1446.75219738911"
"57.23018","10.50317","1446.83110784656"
"57.23104","10.504","1446.93899678863"
"57.23108","10.50406","1446.94472590176"
"57.2332","10.50607","1447.20968488772"
"57.23325","10.50609","1447.21537342709"
"57.23401","10.50683","1447.31089753052"
"57.23406","10.50685","1447.31658606429"
"57.2351","10.50775","1447.44428353166"
"57.2367","10.50886","1447.63432129472"
"57.23678","10.50889","1447.64339821879"
"57.23862","10.51014","1447.86138497993"
"57.23866","10.51019","1447.86675476764"
"57.23952","10.51076","1447.96834698158"
"57.23961","10.51078","1447.97842662084"
"57.24172","10.51223","1448.22874404657"
"57.24175","10.51224","1448.23213372039"
"57.2424","10.51272","1448.30996670121"
"57.24312","10.51356","1448.40464429139"
"57.24314","10.51363","1448.40940693536"
"57.2432","10.51364","1448.41610570406"
"57.24345","10.51388","1448.44743090387"
"57.24377","10.51412","1448.48583143715"
"57.24393","10.51421","1448.50442836348"
"57.24472","10.5145","1448.59398824818"
"57.24526","10.51463","1448.6545407201"
"57.24608","10.51462","1448.74572254463"
"57.24766","10.51484","1448.92190832968"
"57.24831","10.51485","1448.99418753543"
"57.24873","10.51476","1449.0412021762"
"57.24989","10.51421","1449.17436389085"
"57.24994","10.5142","1449.17995608422"
"57.25043","10.51392","1449.23698551057"
"57.25048","10.51392","1449.2425452569"
"57.25118","10.5135","1449.32437911241"
"57.25154","10.51324","1449.36735590241"
"57.25155","10.51324","1449.36846785168"
"57.25848","10.50833","1450.19369826184"
"57.25854","10.50825","1450.2019237683"
"57.26","10.50723","1450.37547063919"
"57.26769","10.50262","1451.27436953426"
"57.2685","10.50226","1451.36700169164"
"57.27094","10.50148","1451.64234017464"
"57.27099","10.50148","1451.64789992097"
"57.27112","10.50145","1451.66246734214"
"57.27119","10.50145","1451.670250987"
"57.27121","10.50144","1451.67255471316"
"57.27232","10.50139","1451.79601767895"
"57.27294","10.50149","1451.86522014688"
"57.273","10.50152","1451.87213130273"
"57.27305","10.50152","1451.87769104906"
"57.27429","10.50184","1452.01690821711"
"57.27436","10.50184","1452.02469186197"
"57.27542","10.50211","1452.14367072548"
"57.27664","10.50226","1452.27962785793"
"57.2769","10.50225","1452.30854478709"
"57.27697","10.50227","1452.31642072482"
"57.27784","10.50215","1452.41342884741"
"57.27884","10.50188","1452.52580184981"
"57.27965","10.50152","1452.61843247611"
"57.28126","10.50062","1452.80545022956"
"57.28133","10.50056","1452.81402865931"
"57.28367","10.49925","1453.08587551151"
"57.28375","10.49923","1453.09485194347"
"57.28491","10.49857","1453.22979890438"
"57.28495","10.49853","1453.23485473857"
"57.28594","10.49797","1453.34996697984"
"57.28598","10.49797","1453.3544147769"
"57.29037","10.49553","1453.86410535378"
"57.29042","10.49552","1453.8696974761"
"57.29047","10.49547","1453.87601705476"
"57.29451","10.49325","1454.34462931385"
"57.29457","10.49323","1454.35140835567"
"57.29813","10.49119","1454.76580074287"
"57.29821","10.49119","1454.77469633701"
"57.30135","10.48946","1455.13898688713"
"57.30183","10.48927","1455.19356708659"
"57.30235","10.48915","1455.25183601864"
"57.30289","10.48912","1455.31190831351"
"57.30294","10.4891","1455.31759637186"
"57.3035","10.48914","1455.37991186729"
"57.30604","10.48956","1455.66347137249"
"57.30675","10.48955","1455.74242205503"
"57.30702","10.48952","1455.77249870522"
"57.30706","10.48948","1455.77755385287"
"57.30758","10.48938","1455.8356863047"
"57.31122","10.48833","1456.24531867671"
"57.31206","10.48799","1456.34092805644"
"57.31287","10.48749","1456.43586895549"
"57.31293","10.4881","1456.47310262159"
"57.31299","10.48814","1456.48019355122"
"57.31396","10.48808","1456.5881127918"
"57.31475","10.48814","1456.67603063933"
"57.31521","10.48824","1456.72753156554"
"57.31665","10.48874","1456.89044263402"
"57.31823","10.48939","1457.07041339251"
"57.31839","10.48942","1457.08829553236"
"57.31841","10.48969","1457.10465868172"
"57.3188","10.48961","1457.1482899064"
"57.31898","10.48961","1457.1683049932"
"57.31925","10.48965","1457.19842352823"
"57.32075","10.49025","1457.36906174311"
"57.32077","10.49025","1457.37128564165"
"57.32333","10.49125","1457.66220671453"
"57.32344","10.49135","1457.67583201187"
"57.32353","10.49149","1457.68890067782"
"57.32363","10.49172","1457.70662906279"
"57.32385","10.49151","1457.73414939104"
"57.32399","10.49151","1457.74971668077"
"57.32459","10.49177","1457.81823510438"
"57.32474","10.4918","1457.835011291"
"57.32481","10.49179","1457.84281805126"
"57.32488","10.49181","1457.85069375028"
"57.325","10.49177","1457.86425148201"
"57.32507","10.49173","1457.87239710037"
"57.32698","10.49681","1458.24401596811"
"57.32703","10.49689","1458.25136254493"
"57.32733","10.49773","1458.31182149361"
"57.32735","10.4979","1458.32226565528"
"57.32776","10.49883","1458.39434117881"
"57.32783","10.49891","1458.40348697278"
"57.32797","10.49932","1458.43260798571"
"57.32799","10.49944","1458.44014662932"
"57.32873","10.5013","1458.57884021988"
"57.32951","10.50278","1458.70299458677"
"57.32958","10.50281","1458.71098381014"
"57.32965","10.50288","1458.71982909207"
"57.32968","10.50299","1458.72722652741"
"57.32968","10.50309","1458.73322887774"
"57.33006","10.50355","1458.78370417506"
"57.33142","10.50552","1458.97566878634"
"57.33147","10.50552","1458.98122853267"
"57.33152","10.50559","1458.98819723827"
"57.33154","10.50564","1458.99193245848"
"57.33208","10.50644","1459.06881530025"
"57.33212","10.50657","1459.07779653358"
"57.33291","10.50771","1459.18914315675"
"57.33293","10.50777","1459.19337560198"
"57.33301","10.50783","1459.20297244665"
"57.33319","10.5081","1459.22872512519"
"57.33319","10.50811","1459.22932530288"
"57.33532","10.51122","1459.53087764061"
"57.33614","10.51223","1459.64036640962"
"57.3367","10.51281","1459.71170358421"
"57.3375","10.51349","1459.80957304349"
"57.33839","10.51409","1459.91488307794"
"57.33909","10.51446","1459.99582438814"
"57.33916","10.51447","1460.00363113037"
"57.33934","10.51456","1460.0243620577"
"57.34048","10.51497","1460.15348973278"
"57.34055","10.51503","1460.16206572448"
"57.3412","10.51512","1460.23454390579"
"57.3413","10.51515","1460.24580816848"
"57.34212","10.5151","1460.33703735432"
"57.34214","10.51507","1460.33989848456"
"57.34219","10.51504","1460.34574238007"
"57.34228","10.51503","1460.35576789556"
"57.34234","10.51506","1460.36267816559"
"57.3424","10.51515","1460.37126153411"
"57.34446","10.51434","1460.60542223735"
"57.34454","10.51429","1460.61481006894"
"57.34501","10.51411","1460.66817590024"
"57.3451","10.5141","1460.67820141297"
"57.34832","10.51283","1461.04426661655"
"57.34841","10.51282","1461.05429212604"
"57.34843","10.51283","1461.05659552338"
"57.34852","10.51273","1461.06826352576"
"57.34896","10.51258","1461.11800998419"
"57.34897","10.51275","1461.12826906162"
"57.3523","10.51157","1461.50525375984"
"57.35309","10.51122","1461.59557186259"
"57.35312","10.51122","1461.59890771039"
"57.35351","10.51108","1461.64307937855"
"57.35457","10.51053","1461.76547606594"
"57.35467","10.51053","1461.7765955586"
"57.35551","10.51011","1461.87333705473"
"57.3556","10.51003","1461.884435546"
"57.35727","10.50922","1462.07638136608"
"57.3578","10.5091","1462.13575254708"
"57.3579","10.50913","1462.14701667976"
"57.35854","10.50898","1462.21874784202"
"57.35866","10.50899","1462.23210470557"
"57.35868","10.50898","1462.23440805929"
"57.35873","10.50898","1462.23996780562"
"57.35902","10.5089","1462.27256933984"
"57.35912","10.50883","1462.28445499099"
"57.3592","10.50883","1462.29335058512"
"57.35994","10.50866","1462.37626408974"
"57.36005","10.50859","1462.38919594457"
"57.36023","10.50853","1462.40953193126"
"57.36032","10.50856","1462.41969992343"
"57.36069","10.50844","1462.46146675074"
"57.3607","10.50843","1462.4627301213"
"57.36088","10.5084","1462.48282591062"
"57.36096","10.50832","1462.49293286109"
"57.36182","10.50811","1462.58938624445"
"57.36187","10.50811","1462.59494599078"
"57.36197","10.50807","1462.60632129371"
"57.36206","10.50811","1462.61661232352"
"57.36283","10.50807","1462.70226601375"
"57.36349","10.50814","1462.77577462439"
"57.36377","10.50822","1462.807276648"
"57.36386","10.5082","1462.81735580353"
"57.36389","10.50823","1462.82114584118"
"57.364","10.50828","1462.83373942799"
"57.36469","10.50848","1462.91139565622"
"57.36614","10.509","1463.07561585492"
"57.36621","10.50908","1463.08475901564"
"57.36686","10.50932","1463.15845452418"
"57.36694","10.5093","1463.1674305926"
"57.36745","10.50945","1463.22484884281"
"57.36751","10.50944","1463.23154742946"
"57.3676","10.50948","1463.24183837486"
"57.36805","10.50953","1463.29196582719"
"57.36978","10.50945","1463.48439284542"
"57.36987","10.50948","1463.49456075476"
"57.37437","10.50946","1463.99493936137"
"57.37448","10.50939","1464.00787068036"
"57.37502","10.50946","1464.06806240589"
"57.37665","10.5095","1464.24932599799"
"57.37671","10.50948","1464.25610456457"
"57.37699","10.50948","1464.28723914403"
"57.37707","10.50953","1464.29662612655"
"57.37774","10.50952","1464.37112913906"
"57.37783","10.50949","1464.38129697935"
"57.3784","10.50947","1464.44468942531"
"57.37886","10.50952","1464.49592682786"
"57.37897","10.50948","1464.50839106639"
"57.37905","10.50939","1464.51879472498"
"57.3794","10.50931","1464.55800727497"
"57.37977","10.50912","1464.60069665223"
"57.37977","10.50911","1464.60129606872"
"57.38024","10.50872","1464.65854783687"
"57.38059","10.5083","1464.70489879506"
"57.38063","10.50829","1464.70938679934"
"57.38147","10.50718","1464.82406411293"
"57.38172","10.50675","1464.8619725461"
"57.38183","10.50648","1464.88225823878"
"57.3819","10.50619","1464.90130350104"
"57.38273","10.50641","1464.99453252799"
"57.38626","10.50793","1465.39748362047"
"57.38702","10.50834","1465.48549148193"
"57.38711","10.5083","1465.4957821301"
"57.38755","10.50856","1465.54712916018"
"57.38762","10.50871","1465.55902004755"
"57.38857","10.50923","1465.66915586275"
"57.3887","10.50933","1465.68480416971"
"57.38909","10.50991","1465.7403802075"
"57.38914","10.50982","1465.7481261263"
"57.38931","10.50999","1465.76959966363"
"57.39133","10.5114","1466.00957981625"
"57.3915","10.51157","1466.03105306484"
"57.3916","10.51187","1466.05219083909"
"57.3916","10.51212","1466.06717141683"
"57.39152","10.5129","1466.11474985851"
"57.39152","10.51325","1466.13572271312"
"57.39159","10.5136","1466.15809333935"
"57.39169","10.5139","1466.17923107606"
"57.39181","10.51406","1466.19566174343"
"57.39186","10.5141","1466.2017161467"
"57.39187","10.51412","1466.20335098117"
"57.3919","10.51414","1466.20689557304"
"57.39194","10.51419","1466.21225835687"
"57.39208","10.5143","1466.22916358701"
"57.39208","10.51431","1466.22976280227"
"57.39263","10.51468","1466.29481469381"
"57.39272","10.51481","1466.30749656726"
"57.396","10.51707","1466.69654312423"
"57.39691","10.51761","1466.80277707564"
"57.39754","10.51791","1466.87509897853"
"57.40425","10.5206","1467.6384215668"
"57.4049","10.52081","1467.71178476424"
"57.40625","10.52115","1467.86327312884"
"57.40628","10.52155","1467.88746357235"
"57.40643","10.52157","1467.90418577707"
"57.40647","10.52159","1467.90879207802"
"57.40759","10.52173","1468.03361239191"
"57.40852","10.52174","1468.13702540823"
"57.40963","10.52163","1468.26062748874"
"57.41344","10.52095","1468.68623307082"
"57.41371","10.52094","1468.71626167321"
"57.41411","10.52098","1468.76080410214"
"57.41442","10.52107","1468.79569334014"
"57.41502","10.5214","1468.86527555364"
"57.41542","10.52175","1468.91444446454"
"57.41629","10.52285","1469.03148089243"
"57.41673","10.52332","1469.08792409243"
"57.41708","10.52362","1469.13078833828"
"57.4175","10.52388","1469.18001693365"
"57.4178","10.52402","1469.21441265191"
"57.41782","10.52402","1469.21663655044"
"57.41831","10.52418","1469.27195797509"
"57.41863","10.52421","1469.30758566653"
"57.4187","10.5242","1469.31539230893"
"57.41874","10.52421","1469.31988023004"
"57.42082","10.52396","1469.55164957854"
"57.42088","10.52397","1469.55834808715"
"57.4216","10.52395","1469.63841738927"
"57.4217","10.52401","1469.65010278132"
"57.42245","10.52406","1469.73355268919"
"57.42257","10.524","1469.74737118233"
"57.42381","10.52422","1469.88588058735"
"57.4244","10.52438","1469.95218123147"
"57.42443","10.52438","1469.95551707927"
"57.42457","10.52443","1469.97136955881"
"57.42465","10.52448","1469.98075530007"
"57.42558","10.5248","1470.0859261466"
"57.4265","10.52518","1470.19072440053"
"57.42662","10.52521","1470.20418811254"
"57.42731","10.52557","1470.2838819244"
"57.42739","10.52566","1470.29428189613"
"57.42787","10.52595","1470.35040782944"
"57.42796","10.52596","1470.3604332612"
"57.429","10.52671","1470.48448541038"
"57.43019","10.52782","1470.63255300882"
"57.43091","10.52868","1470.72773539339"
"57.43143","10.52942","1470.80057304903"
"57.43145","10.52951","1470.80640117523"
"57.43215","10.53068","1470.91110562151"
"57.43258","10.53166","1470.98678247082"
"57.43267","10.53181","1471.00022719137"
"57.4342","10.53545","1471.27665109131"
"57.4341","10.53566","1471.29343276996"
"57.43403","10.53588","1471.30872890207"
"57.43388","10.53748","1471.4059354345"
"57.43389","10.53751","1471.408047446"
"57.43423","10.53765","1471.44677119625"
"57.43427","10.53774","1471.45375687965"
"57.43428","10.53774","1471.45486882892"
"57.43436","10.53789","1471.4675074093"
"57.43436","10.53841","1471.49863065202"
"57.43443","10.53876","1471.52097829368"
"57.43415","10.54213","1471.72507003256"
"57.43417","10.54224","1471.73201928664"
"57.43421","10.54231","1471.73812963637"
"57.43427","10.54234","1471.74503873334"
"57.4346","10.54236","1471.781752579"
"57.43478","10.54233","1471.80184804414"
"57.43487","10.54289","1471.8368270999"
"57.43491","10.54302","1471.845789363"
"57.43491","10.54614","1472.03252601263"
"57.43484","10.54658","1472.05998690384"
"57.43446","10.54771","1472.13973390331"
"57.43431","10.54801","1472.16424113376"
"57.43372","10.54887","1472.24762903625"
"57.43269","10.55243","1472.48953999124"
"57.43265","10.55286","1472.51565919747"
"57.43263","10.56753","1473.39373784049"
"57.46156","10.71806","1482.95743191579"
"57.48782","10.87907","1493.01676295633"
"57.50387","10.98516","1499.60226554862"
"57.51714","11.06859","1504.79923089988"
"57.54129","11.23131","1514.87749360168"
"57.56096","11.35744","1522.71398774854"
"57.58234","11.55254","1534.58776957761"
"57.59433","11.63243","1539.53237215077"
"57.59716","11.6425","1540.20993267562"
"57.60118","11.65465","1541.06074669312"
"57.60589","11.66375","1541.81453910618"
"57.61385","11.67334","1542.86797392323"
"57.63921","11.69254","1545.91076682488"
"57.64226","11.69568","1546.29798953036"
"57.64585","11.70097","1546.80637247507"
"57.64929","11.70872","1547.4055167235"
"57.65276","11.7184","1548.0987558345"
"57.65283","11.71852","1548.10931782397"
"57.65415","11.72225","1548.37537803646"
"57.65578","11.72632","1548.67782991622"
"57.66078","11.73772","1549.55474350312"
"57.66304","11.74358","1549.98444101626"
"57.66538","11.74867","1550.38362656502"
"57.66973","11.75924","1551.17678823687"
"57.67087","11.76274","1551.42048301998"
"57.67167","11.76615","1551.6419108475"
"57.68261","11.83983","1556.18830468172"
"57.68969","11.89551","1559.590267738"
"57.69062","11.90026","1559.89092055899"
"57.69111","11.90161","1559.98790557229"
"57.69112","11.90162","1559.98916638377"
"57.69632","11.91408","1560.92864664831"
"57.69592","11.9144","1560.97701897012"
"57.69597","11.91459","1560.98960416737"
"57.69597","11.91469","1560.99554655547"
"57.69594","11.91485","1561.00562259709"
"57.69589","11.91496","1561.01420387907"
"57.69543","11.91545","1561.07306085335"
"57.69537","11.91547","1561.07983758159"
"57.69466","11.91528","1561.1595892743"
"57.69449","11.91528","1561.17849241182"
"57.69405","11.91545","1561.22845031347"
"57.69385","11.91549","1561.25081597945"
"57.69372","11.91548","1561.2652835304"
"57.69357","11.9154","1561.28262710498"
"57.69345","11.91525","1561.29867418653"
"57.69345","11.91524","1561.29926846667"
"57.69338","11.91515","1561.30871261104"
"57.69322","11.91482","1561.33519147975"
"57.69317","11.91476","1561.34179640506"
"57.69271","11.91385","1561.41623404535"
"57.69255","11.9134","1561.44835453351"
"57.69254","11.91326","1561.45674863812"
"57.69244","11.91299","1561.47627085325"
"57.69236","11.91292","1561.48609113195"
"57.69232","11.9129","1561.4906950065"
"57.69228","11.9129","1561.49514280357"
"57.69225","11.91292","1561.49868408138"
"57.69222","11.91298","1561.50356699172"
"57.69248","11.91392","1561.56646863953"
"57.69329","11.91548","1561.69572501708"
"57.69351","11.91576","1561.72531078837"
"57.69376","11.91597","1561.75578233859"
"57.69386","11.91603","1561.76745953622"
"57.6941","11.91609","1561.79438346726"
"57.69418","11.91609","1561.8032790614"
"57.69461","11.91598","1561.85153766107"
"57.69473","11.91597","1561.86489427867"
"57.69493","11.91601","1561.88725993851"
"57.69515","11.91612","1561.91258112277"
"57.69523","11.91618","1561.92216467398"
"57.69545","11.91642","1561.95048139598"
"57.69554","11.91661","1561.96556882461"
"57.69559","11.91687","1561.98198908882"
"57.69555","11.91749","1562.01909980486"
"57.69557","11.91754","1562.02281112789"
"57.69549","11.91753","1562.03172654842"
"57.69549","11.91759","1562.03529202852"
"57.69547","11.91767","1562.04054045695"
"57.69554","11.91872","1562.10341994855"
"57.69558","11.91888","1562.11391678638"
"57.69597","11.91976","1562.18185205483"
"57.696","11.91979","1562.18563437631"
"57.69602","11.91983","1562.188889469"
"57.69607","11.91988","1562.19519333581"
"57.69615","11.91993","1562.20457200954"
"57.69628","11.9199","1562.21913686116"
"57.69632","11.91995","1562.22448576123"
"57.6967","11.92188","1562.34670839641"
"57.69689","11.9226","1562.39442465287"
"57.69718","11.92422","1562.49594592555"
"57.69734","11.92481","1562.53526066496"
"57.69737","11.92477","1562.53935668312"
"57.69741","11.92475","1562.5439605149"
"57.69749","11.92465","1562.55465821026"
"57.69751","11.92467","1562.55717973449"
"57.69748","11.92473","1562.5620622668"
"57.69747","11.92502","1562.57933031468"
"57.69751","11.9253","1562.596552555"
"57.69791","11.92664","1562.68775726575"
"57.69843","11.92794","1562.78424720862"
"57.69912","11.92904","1562.88503776515"
"57.69928","11.92955","1562.92017787195"
"57.6993","11.92958","1562.92302799828"
"57.69956","11.93045","1562.98225704879"
"57.6996","11.93051","1562.98795728358"
"57.69975","11.93064","1563.00633830769"
"57.69976","11.93104","1563.03013137378"
"57.69989","11.93182","1563.07867908526"
"57.69998","11.93303","1563.15126727781"
"57.70007","11.93333","1563.17170957629"
"57.70004","11.9335","1563.18234707965"
"57.70002","11.93389","1563.20562626567"
"57.70004","11.934","1563.21253015148"
"57.70014","11.93617","1563.34194389731"
"57.70043","11.93872","1563.49685026077"
"57.70051","11.94113","1563.64032006749"
"57.7011","11.94661","1563.97246309263"
"57.70114","11.9467","1563.97941848389"
"57.70125","11.94745","1564.02562815705"
"57.70124","11.94758","1564.03343176471"
"57.70151","11.94937","1564.14394100697"
"57.70157","11.94956","1564.15705392268"
"57.70166","11.94961","1564.16749308778"
"57.70174","11.94969","1564.17757892492"
"57.70187","11.94994","1564.19830537246"
"57.70193","11.95039","1564.22586158687"
"57.70198","11.95049","1564.2339986065"
"57.702","11.9506","1564.24090215748"
"57.70199","11.95094","1564.26113349711"
"57.70204","11.95175","1564.30957889304"
"57.70218","11.95234","1564.34793425449"
"57.70226","11.95254","1564.36277779737"
"57.70233","11.95266","1564.37333320442"
"57.70248","11.95283","1564.39283223957"
"57.70249","11.95283","1564.39394418884"
"57.70288","11.95323","1564.4433951139"
"57.70322","11.9537","1564.49039565764"
"57.70325","11.95368","1564.49393681466"
"57.70331","11.95368","1564.50060851026"
"57.70333","11.95369","1564.50291040104"
"57.70354","11.95404","1564.5341779496"
"57.70358","11.95406","1564.53878172913"
"57.70361","11.95406","1564.54211757693"
"57.7053","11.95688","1564.79387550257"
"57.70568","11.95711","1564.83828393414"
"57.70571","11.95714","1564.84206603042"
"57.70616","11.95792","1564.91026406507"
"57.70631","11.95868","1564.95839576969"
"57.7067","11.95909","1565.00813369203"
"57.7067","11.95911","1565.00932181761"
"57.70671","11.95911","1565.01043376688"
"57.70671","11.95913","1565.01162189213"
"57.70672","11.95914","1565.012882583"
"57.70671","11.95929","1565.02186263035"
"57.70666","11.9595","1565.03552075916"
"57.70671","11.95954","1565.0415670269"
"57.70681","11.95954","1565.05268651957"
"57.70684","11.95953","1565.05607485082"
"57.70696","11.95953","1565.06941824202"
"57.70715","11.95961","1565.09107320654"
"57.70724","11.95978","1565.10529077665"
"57.70786","11.96039","1565.18317505051"
"57.70796","11.96046","1565.19504663763"
"57.7081","11.9606","1565.21269616755"
"57.70876","11.96096","1565.28913714227"
"57.70914","11.96126","1565.33499547501"
"57.70968","11.96191","1565.40638355111"
"57.70977","11.96208","1565.42060062003"
"57.7099","11.96224","1565.43790051421"
"57.70998","11.96259","1565.46051399955"
"57.7103","11.96346","1565.52325775106"
